date,open,high,low,close
2022-01-04,20.9428477100,21.0347426100,20.6947314800,20.9520372000
2022-01-05,20.9612266900,21.4023222100,20.8233843400,21.2093429200
2022-01-06,21.0531215900,22.1466709000,21.0071741400,21.9169336500
2022-01-07,21.8434177300,23.0748093900,21.8250387500,22.7991246900
2022-01-10,23.1575148000,23.2585991900,22.4315450900,22.8450721400
2022-01-11,22.9277775500,23.1115673500,22.4407345800,22.5326294800
2022-01-12,22.5326294800,22.6429033600,22.0731549800,22.5050610100
2022-01-13,22.4407345800,22.6153348900,21.9353126300,21.9812600800
2022-01-14,21.9445021200,21.9445021200,21.4390801700,21.4850276200
2022-01-17,21.4207011900,21.5953015000,21.2185324100,21.5217855800
2022-01-18,21.3747537400,21.8709862000,21.2093429200,21.6320594600
2022-01-19,21.8434177300,22.5142505000,21.7607123200,22.3764081500
2022-01-20,22.3764081500,22.6061454000,21.8066597700,22.2845132500
2022-01-21,22.1007234500,22.1191024300,21.2277219000,21.3012378200
2022-01-24,21.0898795500,21.3012378200,20.7039209700,20.9060897500
2022-01-25,20.7682474000,20.9979846500,19.9779512600,20.0422776900
2022-01-26,20.0422776900,20.3455308600,19.7298350300,20.1893095300
2022-01-27,20.0330882000,20.0974146300,18.9946758300,19.0498127700
2022-01-28,19.1049497100,19.2244130800,18.3973589800,18.5076328600
2022-02-07,18.8752124600,19.1508971600,18.7189911300,19.0590022600
2022-02-08,19.2152235900,19.6471296200,19.0773812400,19.5276662500
2022-02-09,19.5276662500,19.5276662500,19.1784656300,19.4725293100
2022-02-10,19.4909082900,19.6103716600,19.2979290000,19.4909082900
2022-02-11,19.4817188000,19.5368557400,19.0406232800,19.1325181800
2022-02-14,18.9854863400,19.1692761400,18.6087172500,18.8016965400
2022-02-15,18.7465596000,19.0957602200,18.7006121500,19.0681917500
2022-02-16,19.2244130800,19.2979290000,19.0038653200,19.1325181800
2022-02-17,19.1508971600,19.1968446100,18.9303494000,19.0681917500
2022-02-18,18.8844019500,19.2060341000,18.8292650100,19.1968446100
2022-02-21,19.1600866500,19.1692761400,18.9579178700,19.0957602200
2022-02-22,18.9119704200,18.9303494000,18.6638541900,18.7281806200
2022-02-23,18.7281806200,19.0865707300,18.7281806200,19.0681917500
2022-02-24,19.0130548100,19.0130548100,18.4524959200,18.5535803100
2022-02-25,18.6638541900,18.8200755200,18.4341169400,18.5352013300
2022-02-28,18.5168223500,18.5168223500,17.9378844800,18.0205898900
2022-03-01,18.0114004000,18.1584322400,17.9654529500,18.1400532600
2022-03-02,18.0114004000,18.0205898900,17.8276106000,17.9195055000
2022-03-03,17.9562634600,18.0114004000,17.8184211100,17.8551790700
2022-03-04,17.7357157000,17.7357157000,17.3497571200,17.3957045700
2022-03-07,17.2027252800,17.2027252800,16.5962189400,16.6881138400
2022-03-08,16.6329769000,16.8075772100,15.9161966800,16.2286393400
2022-03-09,16.2653973000,16.3481027100,15.0248161500,15.6956489200
2022-03-10,16.0632285200,16.0724180100,15.7783543300,15.8334912700
2022-03-11,15.5210486100,16.4308081200,15.3188798300,16.4216186300
2022-03-14,16.1367444400,16.5594609800,16.0080915800,16.0080915800
2022-03-15,15.9070071900,16.0080915800,15.1626585000,15.1626585000
2022-03-16,15.5761855500,15.8702492300,14.8869738000,15.7783543300
2022-03-17,16.0448495400,16.6421663900,15.9161966800,16.2837762800
2022-03-18,16.1735024000,16.6054084300,16.0080915800,16.4951345500
2022-03-21,16.5410820000,16.6054084300,16.1735024000,16.3297237300
2022-03-22,16.2010708700,16.4216186300,16.0999864800,16.2837762800
2022-03-23,16.2286393400,16.3940501600,16.1735024000,16.2010708700
2022-03-24,16.0724180100,16.1275549500,15.8610597400,16.0448495400
2022-03-25,16.0448495400,16.1367444400,15.7048384100,15.7140279000
2022-03-28,15.6221330000,15.8978177000,15.3740167700,15.8426807600
2022-03-29,15.8334912700,15.8518702500,15.3372588100,15.3648272800
2022-03-30,15.5118591200,16.2194498500,15.4475326900,16.2010708700
2022-03-31,16.0816075000,16.3572922000,16.0356600500,16.0999864800
2022-04-01,15.9713336200,16.2653973000,15.9161966800,16.1275549500
2022-04-06,15.9897126000,16.5686504700,15.8610597400,16.4308081200
2022-04-07,16.2653973000,16.6605453700,16.1918813800,16.2286393400
2022-04-08,16.3572922000,17.8551790700,16.3572922000,17.7081472300
2022-04-11,17.6438208000,17.6438208000,17.0097459900,17.1108303800
2022-04-12,16.9913670100,17.3957045700,16.8810931300,17.2578622200
2022-04-13,17.0005565000,17.0005565000,16.6329769000,16.6881138400
2022-04-14,16.7708192500,17.3681361000,16.7432507800,17.2302937500
2022-04-15,17.0005565000,17.1659673200,16.8719036400,16.9362300700
2022-04-18,16.7800087400,16.8075772100,16.4951345500,16.5502714900
2022-04-19,16.5318925100,16.7616297600,16.0907969900,16.2470183200
2022-04-20,16.3113447500,16.4124291400,15.9161966800,15.9713336200
2022-04-21,15.9070071900,15.9621441300,15.3096903400,15.3648272800
2022-04-22,15.2729323800,15.6129435100,14.9972476800,15.4751011600
2022-04-25,14.7031840000,14.9053527800,14.0599197000,14.0782986800
2022-04-26,14.0874881700,14.2069515400,13.3982764200,13.4258448900
2022-04-27,13.5085503000,14.4274993000,13.5085503000,14.3539833800
2022-04-28,14.3539833800,14.5653416500,14.1058671500,14.5010152200
2022-04-29,14.2712779700,15.4383432000,14.0691091900,15.1626585000
2022-05-05,15.1626585000,15.5669960600,15.0707636000,15.2545534000
2022-05-06,14.9329212500,15.2637428900,14.7491314500,14.8961632900
2022-05-09,14.9053527800,15.0340056400,14.5745311400,14.6480470600
2022-05-10,14.3907413400,15.0248161500,14.2161410300,14.8869738000
2022-05-11,14.8134578800,15.1902269700,14.8134578800,14.8869738000
2022-05-12,14.7215629800,14.9421107400,14.4550677700,14.6204785900
2022-05-13,14.7858894100,15.1626585000,14.6388575700,14.7031840000
2022-05-16,15.1259005400,15.4383432000,14.8685948200,14.9237317600
2022-05-17,14.8869738000,15.0615741100,14.6756155300,15.0064371700
2022-05-18,15.0340056400,15.0615741100,14.7950789000,14.7950789000
2022-05-19,14.5193942000,14.6296680800,14.3264149100,14.6204785900
2022-05-20,14.6664260400,15.3464483000,14.6480470600,15.2453639100
2022-05-23,15.3648272800,15.3740167700,14.9880581900,15.0707636000
2022-05-24,15.0799530900,15.2361744200,14.6756155300,14.6756155300
2022-05-25,14.6112891000,14.9604897200,14.5285836900,14.9421107400
2022-05-26,15.0431951300,15.8978177000,15.0248161500,15.7048384100
2022-05-27,15.8243017800,15.8518702500,15.4934801400,15.6037540200
2022-05-30,15.7140279000,15.7783543300,15.3096903400,15.4291537100
2022-05-31,15.4383432000,15.5761855500,15.2637428900,15.5761855500
2022-06-01,15.4934801400,15.6680804500,15.3096903400,15.4383432000
2022-06-02,15.5026696300,15.6772699400,15.4383432000,15.5761855500
2022-06-06,15.5761855500,16.0172810700,15.4383432000,15.9713336200
2022-06-07,15.9621441300,16.3572922000,15.9161966800,16.0907969900
2022-06-08,16.0816075000,16.2194498500,15.7691648400,15.9437651500
2022-06-09,15.9621441300,16.3297237300,15.8059228000,15.9989020900
2022-06-10,15.9422939000,15.9422939000,15.5177949500,15.8573941100
2022-06-13,15.6498612900,16.7912918000,15.5743948100,16.5837589800
2022-06-14,16.4611259500,17.2723906100,16.3384929200,17.2063574400
2022-06-15,17.2723906100,17.8761224500,17.2346573700,17.2629573000
2022-06-16,17.2629573000,17.5836898400,16.7912918000,16.9044915200
2022-06-17,16.7063920100,17.1686242000,16.5271591200,16.9705246900
2022-06-20,16.9893913100,17.6497230100,16.7629918700,17.5270899800
2022-06-21,17.4516235000,17.6874562500,17.1874908200,17.5270899800
2022-06-22,17.5836898400,17.6214230800,16.9799580000,16.9893913100
2022-06-23,16.9893913100,17.2440906800,16.9327914500,17.2252240600
2022-06-24,17.2157907500,17.2346573700,16.8290250400,17.0837244100
2022-06-27,17.0176912400,17.6591563200,16.9988246200,17.5176566700
2022-06-28,17.5270899800,17.6591563200,17.3855903300,17.5742565300
2022-06-29,17.5082233600,17.9798888600,17.3478570900,17.3572904000
2022-06-30,17.3195571600,18.1025218900,17.2818239200,17.9798888600
2022-07-01,18.2062883000,19.2250857800,18.2062883000,18.7156870400
2022-07-04,19.0269862700,19.0269862700,18.5741873900,18.7062537300
2022-07-05,18.7156870400,18.7156870400,18.0176221000,18.3006214000
2022-07-06,18.2157216100,18.2157216100,17.4516235000,17.6214230800
2022-07-07,17.6497230100,18.0270554100,17.4516235000,17.8478225200
2022-07-08,17.8383892100,18.3760878800,17.8383892100,17.9327223100
2022-07-11,17.9327223100,18.2062883000,17.5931231500,17.7817893500
2022-07-12,17.6591563200,18.1402551300,17.6497230100,17.7912226600
2022-07-13,17.9704555500,18.5364541500,17.7346228000,18.2251549200
2022-07-14,18.0081887900,18.1025218900,17.7440561100,17.8572558300
2022-07-15,17.5270899800,17.5270899800,16.5082925000,16.6592254600
2022-07-18,16.7346919400,17.7251894900,16.6686587700,17.6874562500
2022-07-19,17.8100892800,17.8666891400,17.2252240600,17.3478570900
2022-07-20,17.3667237100,17.4421901900,17.1025910300,17.1780575100
2022-07-21,17.1780575100,17.2346573700,16.9044915200,16.9044915200
2022-07-22,16.8856249000,17.2346573700,16.6780920800,16.8950582100
2022-07-25,16.9799580000,17.1591908900,16.7158253200,16.8195917300
2022-07-26,16.8195917300,17.1308909600,16.7724251800,17.0742911000
2022-07-27,17.0648577900,17.0648577900,16.7346919400,16.8195917300
2022-07-28,16.8761915900,16.9327914500,16.6875253900,16.7063920100
2022-07-29,16.7629918700,16.7818584900,15.9611605200,16.0743602400
2022-08-01,16.0366270000,16.1215267900,15.7347610800,16.0837935500
2022-08-02,15.9422939000,15.9422939000,15.1970624100,15.4800617100
2022-08-03,15.5460948800,15.8196608700,15.1593291700,15.2064957200
2022-08-04,15.3291287500,15.5460948800,15.2159290300,15.3857286100
2022-08-05,15.4045952300,15.5649615000,15.3008288200,15.5649615000
2022-08-08,15.5177949500,15.7347610800,15.4800617100,15.6592946000
2022-08-09,15.6781612200,15.7064611500,15.4706284000,15.5272282600
2022-08-10,15.4800617100,15.5272282600,15.1593291700,15.2347956500
2022-08-11,15.2536622700,15.8385274900,15.2536622700,15.8007942500
2022-08-12,15.7536277000,15.9328605900,15.6875945300,15.8479608000
2022-08-15,15.8196608700,15.9139939700,15.5649615000,15.7064611500
2022-08-16,15.7064611500,15.8196608700,15.6026947400,15.6592946000
2022-08-17,15.6781612200,15.8007942500,15.4234618500,15.7064611500
2022-08-18,15.6781612200,15.6781612200,15.4328951600,15.4517617800
2022-08-19,15.4234618500,15.6121280500,15.3291287500,15.3385620600
2022-08-22,15.2630955800,15.4423284700,15.2347956500,15.3668619900
2022-08-23,15.3668619900,15.3668619900,15.0932960000,15.1593291700
2022-08-24,15.1593291700,15.2159290300,14.5272974000,14.5838972600
2022-08-25,14.6687970500,14.7442635300,14.3857977500,14.7159636000
2022-08-26,14.7253969100,14.8385966300,14.5933305700,14.6404971200
2022-08-29,14.4046643700,14.7442635300,14.3480645100,14.6782303600
2022-08-30,14.6782303600,14.9423630400,14.6499304300,14.6970969800
2022-08-31,14.5744639500,14.9612296600,14.4801308500,14.8574632500
2022-09-01,14.8574632500,15.1593291700,14.7914300800,14.9517963500
2022-09-02,14.9329297300,14.9800962800,14.6121971900,14.7253969100
2022-09-05,14.6687970500,14.6970969800,14.3952310600,14.5744639500
2022-09-06,14.6121971900,14.8763298700,14.6121971900,14.8385966300
2022-09-07,14.7819967700,14.8574632500,14.6499304300,14.7159636000
2022-09-08,14.7631301500,14.9329297300,14.7442635300,14.8574632500
2022-09-09,14.8574632500,15.3857286100,14.7725634600,15.3385620600
2022-09-13,15.2630955800,15.5272282600,15.2347956500,15.3762953000
2022-09-14,15.1593291700,15.3291287500,15.1027293100,15.2347956500
2022-09-15,15.2630955800,15.5083616400,15.0932960000,15.2819622000
2022-09-16,15.2536622700,15.2725288900,14.7159636000,14.7159636000
2022-09-19,14.6782303600,14.6782303600,14.0084653500,14.1216650700
2022-09-20,14.1688316200,14.2254314800,14.0556319000,14.1122317600
2022-09-21,14.1027984500,14.3480645100,13.8669657000,14.2065648600
2022-09-22,14.0933651400,14.1593983100,13.8103658400,13.8575323900
2022-09-23,13.8669657000,13.9424321800,13.4424667500,13.6028330200
2022-09-26,13.5745330900,13.6028330200,13.1877673800,13.2538005500
2022-09-27,13.2538005500,13.5650997800,13.2160673100,13.5556664700
2022-09-28,13.5556664700,13.6499995700,13.2915337900,13.2915337900
2022-09-29,13.4047335100,13.4519000600,12.9330680100,13.0651343500
2022-09-30,13.0745676600,13.2726671700,13.0651343500,13.0934342800
2022-10-10,13.0934342800,13.3009671000,12.8859014600,12.9142013900
2022-10-11,12.9142013900,12.9519346300,12.6595020200,12.8387349100
2022-10-12,12.9330680100,13.7254660500,12.7821350500,13.6782995000
2022-10-13,13.6122663300,13.7065994300,13.4330334400,13.6311329500
2022-10-14,13.6782995000,14.0461985900,13.6405662600,13.8292324600
2022-10-17,13.7537659800,14.1782649300,13.6688661900,14.1499650000
2022-10-18,14.1688316200,14.2254314800,13.8858323200,13.9424321800
2022-10-19,13.9424321800,14.0461985900,13.7348993600,13.8009325300
2022-10-20,13.6971661200,13.9612988000,13.6311329500,13.7348993600
2022-10-21,13.8197991500,14.0556319000,13.6499995700,13.6688661900
2022-10-24,13.6877328100,14.1027984500,13.2632338600,13.3481336500
2022-10-25,13.3953002000,13.8763990100,13.3953002000,13.5933997100
2022-10-26,13.6782995000,13.9990320400,13.6782995000,13.8763990100
2022-10-27,13.9612988000,14.1027984500,13.8197991500,13.9801654200
2022-10-28,13.8669657000,13.9801654200,13.4896333000,13.5462331600
2022-10-31,13.1972006900,13.1972006900,12.5463023000,12.7349685000
2022-11-01,12.7727017400,14.0084653500,12.6689353300,14.0084653500
2022-11-02,14.0367652800,14.6027638800,13.9235655600,14.3008979600
2022-11-03,14.1499650000,14.5084307800,14.1216650700,14.3480645100
2022-11-04,14.3291978900,14.6687970500,14.2537314100,14.4895641600
2022-11-07,14.4329643000,14.5178640900,14.2914646500,14.4046643700
2022-11-08,14.3952310600,14.5178640900,14.0556319000,14.1876982400
2022-11-09,14.1971315500,14.3574978200,14.1499650000,14.1971315500
2022-11-10,14.1688316200,14.1782649300,13.9707321100,14.1122317600
2022-11-11,14.4423976100,15.2913955100,14.2725980300,14.9989629000
2022-11-14,15.3762953000,15.5177949500,14.8857631800,14.9612296600
2022-11-15,14.9612296600,15.2159290300,14.8197300100,15.1593291700
2022-11-16,15.0932960000,15.0932960000,14.7725634600,14.8668965600
2022-11-17,14.7253969100,14.8668965600,14.6499304300,14.8197300100
2022-11-18,14.8197300100,14.9423630400,14.5272974000,14.6027638800
2022-11-21,14.5084307800,14.5178640900,14.3197645800,14.5084307800
2022-11-22,14.5367307100,14.8291633200,14.4612642300,14.5838972600
2022-11-23,14.4518309200,14.8951964900,14.4518309200,14.5933305700
2022-11-24,14.6593637400,15.0649960700,14.6499304300,14.6970969800
2022-11-25,14.6782303600,15.0649960700,14.5933305700,14.9989629000
2022-11-28,14.7159636000,14.7348302200,14.2254314800,14.4612642300
2022-11-29,14.7159636000,15.2819622000,14.7159636000,15.2725288900
2022-11-30,15.2913955100,15.2913955100,14.8857631800,15.0083962100
2022-12-01,15.3762953000,15.4328951600,14.9800962800,15.0178295200
2022-12-02,14.9140631100,14.9612296600,14.7725634600,14.8102967000
2022-12-05,14.9140631100,15.4045952300,14.9046298000,15.3951619200
2022-12-06,15.2442289600,15.4894950200,15.1876291000,15.3196954400
2022-12-07,15.2819622000,15.2819622000,15.0178295200,15.1310292400
2022-12-08,15.2253623400,15.2253623400,15.0649960700,15.1404625500
2022-12-09,15.2159290300,16.0743602400,15.1687624800,15.9517272100
2022-12-12,15.8856940400,16.0554936200,15.6026947400,15.6781612200
2022-12-13,15.5932614300,15.8007942500,15.5083616400,15.6309946700
2022-12-14,15.5555281900,16.1026601700,15.5272282600,15.8290941800
2022-12-15,15.7630610100,15.9894604500,15.5177949500,15.6121280500
2022-12-16,15.4423284700,16.0177603800,15.4423284700,15.7630610100
2022-12-19,15.7064611500,15.8856940400,15.3762953000,15.4611950900
2022-12-20,15.4423284700,15.4894950200,14.7819967700,14.9046298000
2022-12-21,14.8951964900,15.4045952300,14.8668965600,15.0838626900
2022-12-22,15.2913955100,15.5366615700,15.1970624100,15.2913955100
2022-12-23,15.1970624100,15.4517617800,15.0838626900,15.2253623400
2022-12-26,15.2253623400,15.3102621300,14.9706629700,15.2913955100
2022-12-27,15.4328951600,15.4706284000,15.1876291000,15.2630955800
2022-12-28,15.2725288900,15.2725288900,14.8857631800,14.9423630400
2022-12-29,14.8102967000,14.8574632500,14.6216305000,14.7725634600
2022-12-30,14.8102967000,15.2159290300,14.8102967000,14.9046298000
2023-01-03,14.9046298000,14.9423630400,14.6310638100,14.9046298000
2023-01-04,14.9046298000,15.3291287500,14.8291633200,15.1404625500
2023-01-05,15.2064957200,15.4517617800,15.1498958600,15.4140285400
2023-01-06,15.3574286800,15.5932614300,15.2913955100,15.5649615000
2023-01-09,15.6215613600,16.0743602400,15.5743948100,15.9894604500
2023-01-10,15.9705938300,16.0366270000,15.8479608000,15.9234272800
2023-01-11,15.8102275600,15.9800271400,15.7347610800,15.7724943200
2023-01-12,15.8102275600,15.8573941100,15.5838281200,15.8007942500
2023-01-13,15.8196608700,16.0554936200,15.7253277700,16.0554936200
2023-01-16,16.0932268600,16.3384929200,15.8573941100,16.0554936200
2023-01-17,16.0837935500,16.3196263000,16.0083270700,16.2064265800
2023-01-18,16.2252932000,16.4422593300,16.0554936200,16.1309601000
2023-01-19,16.0460603100,16.1969932700,15.9234272800,16.1498267200
2023-01-20,16.1498267200,16.4045260900,16.1309601000,16.2913263700
2023-01-30,16.5082925000,16.5931922900,16.2252932000,16.2818930600
2023-01-31,16.2535931300,16.5931922900,16.1592600300,16.5271591200
2023-02-01,16.5460257400,16.5743256700,15.9517272100,16.2535931300
2023-02-02,16.2158598900,16.2535931300,16.0083270700,16.0271936900
2023-02-03,15.9422939000,15.9517272100,15.5555281900,15.7158944600
2023-02-06,15.5743948100,15.8102275600,15.4894950200,15.5460948800
2023-02-07,15.6121280500,15.6781612200,15.4800617100,15.5838281200
2023-02-08,15.5743948100,15.6215613600,15.4989283300,15.5177949500
2023-02-09,15.5555281900,15.6970278400,15.4706284000,15.6970278400
2023-02-10,15.6970278400,15.7724943200,15.5272282600,15.5932614300
2023-02-13,15.7158944600,17.1497575800,15.6781612200,17.1497575800
2023-02-14,17.0742911000,17.4233235700,16.8950582100,17.3006905400
2023-02-15,17.3101238500,17.3572904000,17.0648577900,17.1969241300
2023-02-16,17.1780575100,17.2535239900,16.6214922200,16.8101584200
2023-02-17,16.8007251100,17.2912572300,16.8007251100,17.0082579300
2023-02-20,17.3478570900,18.5364541500,17.2912572300,18.4515543600
2023-02-21,18.4326877400,18.4987209100,17.9893221700,18.1685550600
2023-02-22,18.3006214000,18.6119206300,18.1119552000,18.2440215400
2023-02-23,18.2440215400,18.3006214000,17.9232890000,18.0647886500
2023-02-24,18.1685550600,18.2062883000,17.3478570900,17.6025564600
2023-02-27,17.4516235000,17.8949890700,17.4421901900,17.6968895600
2023-02-28,17.7440561100,17.8855557600,17.3572904000,17.6685896300
2023-03-01,17.6968895600,18.2062883000,17.5176566700,18.1779883700
2023-03-02,18.1213885100,18.3477879500,18.0647886500,18.2062883000
2023-03-03,18.2062883000,18.3289213300,18.0459220300,18.1968549900
2023-03-06,17.9232890000,18.0176221000,17.4610568100,17.4893567400
2023-03-07,17.4799234300,17.6591563200,17.1497575800,17.1780575100
2023-03-08,17.0742911000,17.4044569500,16.9799580000,17.2440906800
2023-03-09,17.2440906800,17.3289904700,16.8007251100,16.9327914500
2023-03-10,16.8290250400,17.0837244100,16.6969587000,16.7724251800
2023-03-13,16.8195917300,17.3289904700,16.8195917300,16.9139248300
2023-03-14,16.9044915200,16.9044915200,16.2913263700,16.4422593300
2023-03-15,16.5460257400,16.6686587700,16.4328260200,16.5554590500
2023-03-16,16.4894258800,16.6780920800,16.3384929200,16.3856594700
2023-03-17,16.5743256700,16.7629918700,16.4045260900,16.4799925700
2023-03-20,16.4799925700,16.9422247600,16.1403934100,16.2441598200
2023-03-21,16.2441598200,16.3667928500,16.1120934800,16.3196263000
2023-03-22,16.4611259500,16.5554590500,16.3101929900,16.4516926400
2023-03-23,16.4139594000,16.4705592600,16.1592600300,16.3950927800
2023-03-24,16.3950927800,16.3950927800,15.7064611500,15.9800271400
2023-03-27,15.9800271400,15.9800271400,15.6026947400,15.8573941100
2023-03-28,15.8762607300,16.0554936200,15.7724943200,15.8196608700
2023-03-29,15.8951273500,16.2252932000,15.7913609400,16.1403934100
2023-03-30,16.1686933400,16.3950927800,15.9517272100,16.2347265100
2023-03-31,16.2818930600,16.3667928500,16.0743602400,16.1215267900
2023-04-03,16.1592600300,16.8384583500,16.1592600300,16.6875253900
2023-04-04,16.6309255300,16.7912918000,16.5177258100,16.6969587000
2023-04-06,16.6969587000,16.8290250400,16.5177258100,16.6120589100
2023-04-07,16.6120589100,16.6969587000,16.3950927800,16.4139594000
2023-04-10,16.4328260200,16.4799925700,16.0177603800,16.0649269300
2023-04-11,16.0932268600,16.5554590500,15.9517272100,16.5271591200
2023-04-12,16.5365924300,16.6214922200,16.3667928500,16.4045260900
2023-04-13,16.3856594700,16.5365924300,16.0460603100,16.1026601700
2023-04-14,16.1309601000,16.1969932700,15.9988937600,16.0271936900
2023-04-17,16.0366270000,16.4516926400,16.0083270700,16.3384929200
2023-04-18,16.3762261600,16.4233927100,16.1592600300,16.3101929900
2023-04-19,16.3196263000,16.3573595400,15.9611605200,16.0460603100
2023-04-20,16.0271936900,16.1969932700,15.8479608000,15.9422939000
2023-04-21,15.8573941100,16.1781266500,15.6215613600,15.6592946000
2023-04-24,15.6687279100,15.7158944600,15.0083962100,15.0932960000
2023-04-25,15.1876291000,15.2819622000,14.9234964200,15.2536622700
2023-04-26,15.2725288900,15.3291287500,15.0272628300,15.1215959300
2023-04-27,15.1310292400,15.3385620600,15.0366961400,15.3008288200
2023-04-28,15.3291287500,15.5743948100,15.2442289600,15.5555281900
2023-05-04,15.5083616400,15.5649615000,15.3574286800,15.4045952300
2023-05-05,15.4045952300,15.4800617100,15.1498958600,15.3196954400
2023-05-08,15.3196954400,15.5272282600,15.2630955800,15.4140285400
2023-05-09,15.4234618500,15.6404279800,15.2630955800,15.2819622000
2023-05-10,15.2913955100,15.3574286800,15.1970624100,15.3102621300
2023-05-11,15.3008288200,15.3291287500,15.1687624800,15.1781957900
2023-05-12,15.1781957900,15.1970624100,14.7819967700,14.8197300100
2023-05-15,14.8291633200,15.2253623400,14.6404971200,15.2064957200
2023-05-16,15.2442289600,15.3479953700,15.0461294500,15.1121626200
2023-05-17,15.0838626900,15.4517617800,15.0555627600,15.2819622000
2023-05-18,15.2819622000,15.3574286800,15.0744293800,15.1498958600
2023-05-19,15.1027293100,15.1404625500,14.8668965600,14.9423630400
2023-05-22,14.9423630400,15.3574286800,14.8857631800,15.1781957900
2023-05-23,15.1781957900,15.2159290300,14.9800962800,14.9800962800
2023-05-24,14.8951964900,14.9046298000,14.6404971200,14.6593637400
2023-05-25,14.6404971200,14.7065302900,14.2537314100,14.4235309900
2023-05-26,14.4235309900,14.4518309200,14.2254314800,14.3291978900
2023-05-29,14.3291978900,14.4046643700,14.2537314100,14.2725980300
2023-05-30,14.2348647900,14.3386312000,13.8763990100,14.1971315500
2023-05-31,14.1971385200,14.3306240400,13.9397021600,13.9969102400
2023-06-01,13.9969102400,14.3878321200,13.9969102400,14.2352772400
2023-06-02,14.2734159600,14.6357338000,14.2352772400,14.5594563600
2023-06-05,14.5594563600,14.6357338000,14.3973668000,14.4355055200
2023-06-06,14.4927136000,14.7787540000,14.3782974400,14.3782974400
2023-06-07,14.3115546800,14.5117829600,14.1780691600,14.2829506400
2023-06-08,14.3020200000,14.9789822800,14.2829506400,14.9599129200
2023-06-09,14.9503782400,15.0552597200,14.7692193200,14.7692193200
2023-06-12,14.7501499600,15.0933984400,14.6834072000,14.9789822800
2023-06-13,14.9789822800,15.1124678000,14.8550314400,14.9503782400
2023-06-14,15.0171210000,15.5701324400,15.0171210000,15.4843203200
2023-06-15,15.4557162800,16.1994213200,15.4271122400,16.1326785600
2023-06-16,16.2852334400,16.5236004400,16.1517479200,16.2566294000
2023-06-19,16.4377883200,16.4473230000,16.0468664400,16.0659358000
2023-06-20,16.0945398400,16.2089560000,15.9419849600,16.0468664400
2023-06-21,15.9801236800,16.1231438800,15.8084994400,15.8084994400
2023-06-26,15.7322220000,15.8943115600,15.5415284000,15.5892018000
2023-06-27,15.5892018000,15.8371034800,15.5701324400,15.7894300800
2023-06-28,15.7322220000,15.8561728400,15.5892018000,15.7608260400
2023-06-29,15.7798954000,15.8275688000,15.5892018000,15.6464098800
2023-06-30,15.5892018000,15.9324502800,15.5892018000,15.8561728400
2023-07-03,16.0087277200,16.1422132400,15.7703607200,15.8275688000
2023-07-04,15.8275688000,16.1231438800,15.7608260400,15.8752422000
2023-07-05,15.8371034800,16.0277970800,15.7322220000,15.9038462400
2023-07-06,15.8371034800,16.0659358000,15.7036179600,15.7512913600
2023-07-07,15.6464098800,15.8466381600,15.6082711600,15.7703607200
2023-07-10,15.7322220000,15.9610543200,15.7322220000,15.8561728400
2023-07-11,15.8561728400,16.0754704800,15.7417566800,15.9324502800
2023-07-12,15.9324502800,16.2566294000,15.8084994400,15.8371034800
2023-07-13,15.9324502800,16.0277970800,15.7512913600,15.9133809200
2023-07-14,15.9229156000,16.4187189600,15.8275688000,16.3710455600
2023-07-17,16.2852334400,16.3805802400,16.1040745200,16.3615108800
2023-07-18,16.3615108800,16.6475512800,16.2947681200,16.4759270400
2023-07-19,16.4663923600,16.5808085200,16.3329068400,16.5617391600
2023-07-20,16.5617391600,16.9240570000,16.4473230000,16.4568576800
2023-07-21,16.3996496000,16.8763836000,16.2566294000,16.6094125600
2023-07-24,16.6666206400,16.7619674400,16.2852334400,16.3329068400
2023-07-25,16.4759270400,16.9717304000,16.4759270400,16.8573142400
2023-07-26,16.8573142400,16.8859182800,16.4759270400,16.5045310800
2023-07-27,16.5045310800,16.6284819200,16.2280253600,16.2756987600
2023-07-28,16.2089560000,16.8763836000,16.1898866400,16.7428980800
2023-07-31,16.8096408400,17.1910280400,16.8001061600,16.9240570000
2023-08-01,16.8287102000,16.8859182800,16.3805802400,16.4663923600
2023-08-02,16.5522044800,16.8191755200,16.5522044800,16.5998778800
2023-08-03,16.5045310800,16.7524327600,16.3710455600,16.7428980800
2023-08-04,16.9240570000,17.0480078400,16.6475512800,16.6856900000
2023-08-07,16.6380166000,16.6856900000,16.4759270400,16.5808085200
2023-08-08,16.5808085200,16.5808085200,16.0754704800,16.2470947200
2023-08-09,16.1898866400,16.1898866400,15.6368752000,15.7131526400
2023-08-10,15.7322220000,15.8084994400,15.6654792400,15.7322220000
2023-08-11,15.7322220000,15.7798954000,15.1506065200,15.1601412000
2023-08-14,15.0266556800,15.1887452400,14.9217742000,15.1220024800
2023-08-15,15.1410718400,15.2554880000,14.8836354800,15.0457250400
2023-08-16,14.9694476000,15.2840920400,14.9503782400,15.0647944000
2023-08-17,15.0075863200,15.3889735200,14.9980516400,15.3317654400
2023-08-18,15.3222307600,15.3508348000,15.0075863200,15.0171210000
2023-08-21,14.9789822800,15.1315371600,14.8645661200,14.8645661200
2023-08-22,14.9217742000,15.1124678000,14.7024765600,14.9503782400
2023-08-23,14.9503782400,14.9599129200,14.5213176400,14.5403870000
2023-08-24,14.5499216800,14.6452684800,14.3973668000,14.4164361600
2023-08-25,14.3973668000,14.6357338000,14.3306240400,14.4641095600
2023-08-28,15.2173492800,15.3031614000,14.7406152800,14.8454967600
2023-08-29,14.7882886800,14.9408435600,14.6071297600,14.8073580400
2023-08-30,14.8073580400,14.9694476000,14.6929418800,14.7501499600
2023-08-31,15.0171210000,15.3222307600,14.7310806000,14.7692193200
2023-09-01,14.8264274000,15.3031614000,14.8264274000,15.2078146000
2023-09-04,15.3699041600,16.3519762000,15.3603694800,16.2756987600
2023-09-05,16.2566294000,16.2947681200,16.0564011200,16.1994213200
2023-09-06,16.1612826000,16.1803519600,15.8752422000,15.9991930400
2023-09-07,15.9896583600,16.1326785600,15.8371034800,15.9705890000
2023-09-08,15.9229156000,15.9229156000,15.7226873200,15.7894300800
2023-09-11,15.9038462400,16.0373317600,15.7322220000,15.9229156000
2023-09-12,15.8752422000,15.9705890000,15.7798954000,15.8466381600
2023-09-13,15.9229156000,15.9705890000,15.6368752000,15.7322220000
2023-09-14,15.7322220000,15.7798954000,15.6464098800,15.7703607200
2023-09-15,15.7798954000,15.8657075200,15.5796671200,15.6178058400
2023-09-18,15.5796671200,15.7226873200,15.5033896800,15.5605977600
2023-09-19,15.5605977600,15.6178058400,15.3889735200,15.5415284000
2023-09-20,15.5224590400,15.5224590400,15.1601412000,15.3031614000
2023-09-21,15.2650226800,15.3794388400,15.1506065200,15.2650226800
2023-09-22,15.3317654400,15.6654792400,15.1696758800,15.6178058400
2023-09-25,15.6178058400,15.6845486000,15.3413001200,15.3508348000
2023-09-26,15.3222307600,15.5319937200,15.3126960800,15.4080428800
2023-09-27,15.3508348000,15.4843203200,15.2173492800,15.2745573600
2023-09-28,15.3413001200,15.3508348000,15.0552597200,15.1506065200
2023-10-09,15.1315371600,15.3413001200,15.0838637600,15.1410718400
2023-10-10,15.1601412000,15.2173492800,14.5594563600,14.5880604000
2023-10-11,14.6071297600,14.6929418800,14.4927136000,14.5022482800
2023-10-12,14.6071297600,14.7120112400,14.5117829600,14.7024765600
2023-10-13,14.5975950800,14.6166644400,14.5022482800,14.6071297600
2023-10-16,14.6166644400,14.6357338000,14.3210893600,14.3592280800
2023-10-17,14.3973668000,14.4355055200,14.3020200000,14.3782974400
2023-10-18,14.3592280800,14.3782974400,14.1876038400,14.2162078800
2023-10-19,14.1876038400,14.1876038400,13.9206328000,13.9397021600
2023-10-20,13.8824940800,13.9110981200,13.7394738800,13.7776126000
2023-10-23,13.7871472800,13.8348206800,13.4343641200,13.5773843200
2023-10-24,13.5678496400,13.6918004800,13.5106415600,13.6155230400
2023-10-25,14.0731876800,14.2734159600,13.8824940800,13.9206328000
2023-10-26,13.7776126000,13.9587715200,13.7013351600,13.9397021600
2023-10-27,13.9206328000,14.2638812800,13.8729594000,14.2162078800
2023-10-30,14.1971385200,14.3782974400,13.9778408800,14.3306240400
2023-10-31,14.0636530000,14.0827223600,13.6918004800,13.7966819600
2023-11-01,13.8062166400,13.8443553600,13.5392456000,13.5487802800
2023-11-02,13.5487802800,13.6536617600,13.3485520000,13.3866907200
2023-11-03,13.4248294400,13.6155230400,13.4248294400,13.5773843200
2023-11-06,13.6345924000,13.8062166400,13.5869190000,13.8062166400
2023-11-07,13.7966819600,13.7966819600,13.5964536800,13.7108698400
2023-11-08,13.6822658000,13.7585432400,13.6059883600,13.6918004800
2023-11-09,13.6631964400,13.7108698400,13.6155230400,13.6345924000
2023-11-10,13.5964536800,13.5964536800,13.4629681600,13.5106415600
2023-11-13,13.5487802800,13.5964536800,13.4629681600,13.5773843200
2023-11-14,13.5678496400,13.6345924000,13.5201762400,13.5773843200
2023-11-15,13.6822658000,13.7776126000,13.6250577200,13.6727311200
2023-11-16,13.6345924000,13.6441270800,13.5011068800,13.5106415600
2023-11-17,13.4915722000,13.5583149600,13.4152947600,13.5487802800
2023-11-20,13.5106415600,13.5773843200,13.4343641200,13.5297109200
2023-11-21,13.5392456000,13.8062166400,13.5392456000,13.6250577200
2023-11-22,13.5773843200,13.5869190000,13.4438988000,13.4534334800
2023-11-23,13.4629681600,13.5106415600,13.4057600800,13.5106415600
2023-11-24,13.5297109200,13.5392456000,13.4057600800,13.4343641200
2023-11-27,13.3962254000,13.4152947600,13.1578584000,13.1864624400
2023-11-28,13.1769277600,13.2436705200,13.0434422400,13.2246011600
2023-11-29,13.2055318000,13.2055318000,12.9957688400,13.0434422400
2023-11-30,13.0243728800,13.0911156400,12.9385607600,13.0148382000
2023-12-01,13.0434422400,13.0911156400,12.8432139600,13.0815809600
2023-12-04,13.0434422400,13.0625116000,12.8908873600,12.8908873600
2023-12-05,12.8622833200,12.8622833200,12.6620550400,12.6715897200
2023-12-06,12.6620550400,12.7478671600,12.5476388800,12.6811244000
2023-12-07,12.7001937600,12.7097284400,12.5095001600,12.5190348400
2023-12-08,12.5381042000,12.6048469600,12.3855493200,12.3855493200
2023-12-11,12.2520638000,12.5667082400,12.0136968000,12.4618267600
2023-12-12,12.3950840000,12.5571735600,12.3092718800,12.5095001600
2023-12-13,12.4904308000,12.4999654800,12.2520638000,12.2520638000
2023-12-14,12.2806678400,12.4236880400,12.1662516800,12.1757863600
2023-12-15,12.2139250800,12.4236880400,12.1757863600,12.1948557200
2023-12-18,12.1376476400,12.2425291200,12.0232314800,12.1090436000
2023-12-19,12.0804395600,12.1948557200,12.0613702000,12.1662516800
2023-12-20,12.1853210400,12.2902025200,12.1471823200,12.2139250800
2023-12-21,12.1853210400,12.5857776000,12.1567170000,12.5667082400
2023-12-22,12.5571735600,12.6525203600,12.4427574000,12.4999654800
2023-12-25,12.4999654800,12.6239163200,12.4808961200,12.5953122800
2023-12-26,12.6048469600,12.6239163200,12.4522920800,12.6239163200
2023-12-27,12.6334510000,12.6525203600,12.4522920800,12.6239163200
2023-12-28,12.6048469600,13.1387890400,12.5285695200,13.0625116000
2023-12-29,13.0243728800,13.1959971200,12.9862341600,13.1292543600
2024-01-02,13.1483237200,13.2055318000,13.0720462800,13.1197196800
2024-01-03,13.0911156400,13.1292543600,12.9004220400,12.9957688400
2024-01-04,12.9957688400,13.0625116000,12.7574018400,12.8622833200
2024-01-05,12.8622833200,12.9957688400,12.7001937600,12.7860058800
2024-01-08,12.7955405600,12.8718180000,12.5667082400,12.6334510000
2024-01-09,12.6334510000,12.7001937600,12.4999654800,12.5953122800
2024-01-10,12.5667082400,12.7097284400,12.4713614400,12.6143816400
2024-01-11,12.6334510000,12.8622833200,12.5285695200,12.8622833200
2024-01-12,12.8622833200,12.8718180000,12.6906590800,12.7001937600
2024-01-15,12.6620550400,12.7860058800,12.4808961200,12.6620550400
2024-01-16,12.5857776000,12.6715897200,12.4522920800,12.6429856800
2024-01-17,12.5857776000,12.6143816400,12.3950840000,12.3950840000
2024-01-18,12.3664799600,12.6048469600,12.0709048800,12.5857776000
2024-01-19,12.4046186800,12.5762429200,12.3664799600,12.4332227200
2024-01-22,12.4236880400,12.5190348400,12.1662516800,12.2711331600
2024-01-23,12.2615984800,12.4427574000,12.1853210400,12.3474106000
2024-01-24,12.4618267600,12.6334510000,12.2139250800,12.5476388800
2024-01-25,12.5762429200,12.8718180000,12.4999654800,12.8718180000
2024-01-26,12.7860058800,13.1387890400,12.7764712000,13.0243728800
2024-01-29,13.0148382000,13.1387890400,12.8622833200,12.8718180000
2024-01-30,12.8146099200,12.8622833200,12.6143816400,12.6143816400
2024-01-31,12.5571735600,12.6715897200,12.4046186800,12.4618267600
2024-02-01,12.5476388800,12.6811244000,12.3950840000,12.6334510000
2024-02-02,12.6334510000,12.8432139600,12.1281129600,12.4808961200
2024-02-05,12.3569452800,12.6048469600,12.1090436000,12.5095001600
2024-02-06,12.5095001600,13.0625116000,12.4141533600,13.0625116000
2024-02-07,13.0815809600,13.1578584000,12.8336792800,13.1197196800
2024-02-08,13.1769277600,13.5487802800,13.1483237200,13.5106415600
2024-02-19,13.6918004800,13.7013351600,13.3580866800,13.4820375200
2024-02-20,13.4438988000,13.4725028400,13.2341358400,13.3676213600
2024-02-21,13.3294826400,13.6155230400,13.2722745600,13.3676213600
2024-02-22,13.3676213600,13.4915722000,13.3199479600,13.4152947600
2024-02-23,13.4152947600,13.4343641200,13.1959971200,13.3008786000
2024-02-26,13.5487802800,13.6345924000,13.3676213600,13.4057600800
2024-02-27,13.3294826400,13.3962254000,13.2246011600,13.3962254000
2024-02-28,13.3962254000,13.4915722000,13.0911156400,13.1101850000
2024-02-29,13.0625116000,13.2913439200,13.0434422400,13.2913439200
2024-03-01,13.2818092400,13.3866907200,13.1959971200,13.3008786000
2024-03-04,13.2532052000,13.4534334800,13.2532052000,13.3676213600
2024-03-05,13.3580866800,13.3580866800,13.2055318000,13.3199479600
2024-03-06,13.3199479600,13.5773843200,13.2627398800,13.5106415600
2024-03-07,13.5773843200,13.7680779200,13.3485520000,13.4343641200
2024-03-08,13.3676213600,13.4820375200,13.2246011600,13.3199479600
2024-03-11,13.3008786000,13.3104132800,13.2150664800,13.3008786000
2024-03-12,13.2913439200,13.4915722000,13.1769277600,13.4534334800
2024-03-13,13.4438988000,13.4438988000,13.2627398800,13.2722745600
2024-03-14,13.2627398800,13.4248294400,13.1673930800,13.2341358400
2024-03-15,13.1959971200,13.2246011600,13.0243728800,13.1578584000
2024-03-18,13.1578584000,13.3294826400,13.0434422400,13.3199479600
2024-03-19,13.3008786000,13.5869190000,13.2627398800,13.4915722000
2024-03-20,13.4915722000,13.5106415600,13.3199479600,13.4248294400
2024-03-21,13.4152947600,13.4725028400,13.3485520000,13.4152947600
2024-03-22,13.3771560400,13.4152947600,13.1959971200,13.3008786000
2024-03-25,13.6250577200,14.2257425600,13.5869190000,13.9301674800
2024-03-26,13.9397021600,14.1399304400,13.7776126000,14.0636530000
2024-03-27,14.0159796000,14.1876038400,13.8824940800,13.9015634400
2024-03-28,13.8252860000,13.9587715200,13.6918004800,13.7776126000
2024-03-29,13.7871472800,13.9778408800,13.7013351600,13.9015634400
2024-04-01,13.9683062000,14.3020200000,13.9301674800,14.2829506400
2024-04-02,14.2638812800,14.5689910400,14.1780691600,14.2352772400
2024-04-03,14.2066732000,14.2257425600,14.0731876800,14.1399304400
2024-04-08,14.0731876800,14.4831789200,13.9683062000,14.3782974400
2024-04-09,14.3210893600,14.6357338000,14.3020200000,14.3592280800
2024-04-10,14.3973668000,14.8264274000,14.3973668000,14.6548031600
2024-04-11,14.6452684800,15.4366469200,14.5594563600,15.2078146000
2024-04-12,15.2554880000,15.3031614000,14.8264274000,14.8931701600
2024-04-15,14.8359620800,15.3126960800,14.7978233600,15.0933984400
2024-04-16,14.9885169600,15.0457250400,14.5689910400,14.5975950800
2024-04-17,14.5880604000,15.3985082000,14.4736442400,15.3603694800
2024-04-18,15.1887452400,15.3794388400,14.9599129200,14.9980516400
2024-04-19,14.9408435600,15.2173492800,14.8836354800,15.0171210000
2024-04-22,15.0171210000,15.0266556800,14.5308523200,14.6166644400
2024-04-23,14.5213176400,14.6643378400,14.1494651200,14.2543466000
2024-04-24,14.4450402000,14.7501499600,14.4450402000,14.7215459200
2024-04-25,14.6834072000,14.8931701600,14.6261991200,14.6452684800
2024-04-26,14.6452684800,15.3508348000,14.5975950800,15.2936267200
2024-04-29,15.3031614000,15.4175775600,15.1315371600,15.3699041600
2024-04-30,15.3222307600,15.7226873200,15.1696758800,15.5510630800
2024-05-06,15.7703607200,16.2089560000,15.7131526400,16.1422132400
2024-05-07,16.0659358000,16.2470947200,16.0277970800,16.0850051600
2024-05-08,16.0659358000,16.1231438800,15.8371034800,15.8847768800
2024-05-09,15.9515196400,16.6570859600,15.8943115600,16.6475512800
2024-05-10,16.6856900000,16.7047593600,16.4187189600,16.5808085200
2024-05-13,16.4473230000,16.7524327600,16.3138374800,16.5617391600
2024-05-14,16.5522044800,16.6761553200,16.0564011200,16.1422132400
2024-05-15,16.1422132400,16.2756987600,15.9896583600,16.0182624000
2024-05-16,16.0659358000,16.3996496000,15.8561728400,16.2280253600
2024-05-17,16.1803519600,16.2756987600,15.7989647600,16.2566294000
2024-05-20,16.2375600400,16.2566294000,15.9229156000,16.1231438800
2024-05-21,16.1231438800,16.2375600400,16.0659358000,16.1326785600
2024-05-22,16.1326785600,16.2375600400,15.9801236800,16.1422132400
2024-05-23,16.1422132400,16.1803519600,15.8561728400,15.9324502800
2024-05-24,15.9324502800,16.2375600400,15.8657075200,16.0468664400
2024-05-27,16.0468664400,16.3329068400,16.0182624000,16.2375600400
2024-05-28,16.2375600400,16.2566294000,15.6464098800,15.6940832800
2024-05-29,15.6940832800,15.7322220000,15.4461816000,15.5224590400
2024-05-30,15.5033896800,15.6178058400,15.3413001200,15.4747856400
2024-05-31,15.5415284000,15.7036179600,15.4175775600,15.4271122400
2024-06-03,15.4271122400,15.4938550000,15.0743290800,15.1696758800
2024-06-04,15.1696758800,15.3031614000,15.1220024800,15.1696758800
2024-06-05,15.1696758800,15.2268839600,14.9885169600,15.0361903600
2024-06-06,15.1601412000,15.5415284000,15.1220024800,15.4080428800
2024-06-07,15.4366469200,15.7608260400,15.3317654400,15.4175775600
2024-06-11,15.4271122400,15.4271122400,15.0171210000,15.1887452400
2024-06-12,15.1410718400,15.3985082000,15.0361903600,15.3222307600
2024-06-13,15.2459533200,15.2650226800,14.7882886800,14.8454967600
2024-06-14,14.7882886800,15.0171210000,14.7406152800,14.9503782400
2024-06-17,14.9027048400,14.9885169600,14.8264274000,14.9122395200
2024-06-18,14.9122395200,15.4366469200,14.7024765600,15.2745573600
2024-06-19,15.2078146000,15.2554880000,14.9694476000,15.0838637600
2024-06-20,15.0647944000,15.3508348000,14.8931701600,14.9789822800
2024-06-21,15.0370055000,15.5495208000,14.9789849000,15.4141394000
2024-06-24,15.4141394000,15.6655620000,15.3464487000,15.4528198000
2024-06-25,15.4721600000,16.0040155000,15.4721600000,15.8202836000
2024-06-26,15.8396238000,15.9266547000,15.6365517000,15.8686341000
2024-06-27,15.8492939000,15.9363248000,15.7235826000,15.7235826000
2024-06-28,15.6655620000,16.0717062000,15.5882012000,15.9556650000
2024-07-01,15.9169846000,16.0523660000,15.7332527000,15.8879743000
2024-07-02,15.8396238000,15.8396238000,14.9886550000,15.1337065000
2024-07-03,15.0466756000,15.1820570000,14.9403045000,15.0853560000
2024-07-04,15.0950261000,15.3271085000,15.0079952000,15.1046962000
2024-07-05,15.1046962000,15.3657889000,14.9886550000,15.2980982000
2024-07-08,15.3851291000,15.4334796000,14.9983251000,15.0466756000
2024-07-09,14.9016241000,14.9596447000,14.3891088000,14.7952530000
2024-07-10,14.6598716000,15.0466756000,14.6598716000,15.0079952000
2024-07-11,15.0853560000,15.7912733000,15.0853560000,15.7816032000
2024-07-12,15.7719331000,15.8492939000,15.6365517000,15.7622630000
2024-07-15,15.6268816000,15.9363248000,15.5688610000,15.7525929000
2024-07-16,15.7525929000,15.8202836000,15.5205105000,15.7235826000
2024-07-17,15.6849022000,15.7139125000,15.3174384000,15.5301806000
2024-07-18,15.5011703000,15.8396238000,15.4238095000,15.8009434000
2024-07-19,15.7622630000,15.9073145000,15.6752321000,15.8589640000
2024-07-22,15.8009434000,15.8783042000,15.5978713000,15.7332527000
2024-07-23,15.6462218000,15.7139125000,15.4721600000,15.4721600000
2024-07-24,15.4431497000,15.6752321000,15.2207374000,15.4528198000
2024-07-25,15.4528198000,15.5688610000,15.1337065000,15.1820570000
2024-07-26,15.2497477000,15.7139125000,15.2013972000,15.4624899000
2024-07-29,15.4528198000,15.5398507000,15.0660158000,15.0950261000
2024-07-30,15.0660158000,15.1240364000,14.9499746000,15.0950261000
2024-07-31,15.0950261000,15.6558919000,15.0176653000,15.6172115000
2024-08-01,15.5591909000,15.5688610000,15.2497477000,15.2594178000
2024-08-02,15.1820570000,15.3464487000,15.0950261000,15.1337065000
2024-08-05,15.1046962000,15.2787580000,14.8049231000,14.9112942000
2024-08-06,14.9886550000,15.1337065000,14.6985520000,14.9499746000
2024-08-07,14.9403045000,15.1723869000,14.7662427000,14.7952530000
2024-08-08,14.7469025000,14.8822839000,14.6308613000,14.7855829000
2024-08-09,14.8532736000,15.2980982000,14.8242633000,14.9016241000
2024-08-12,14.8919540000,14.9693148000,14.7178922000,14.8339334000
2024-08-13,14.8532736000,14.9016241000,14.6115211000,14.7565726000
2024-08-14,14.7469025000,14.7759128000,14.4761397000,14.4954799000
2024-08-15,14.4374593000,14.8822839000,14.3600985000,14.8049231000
2024-08-16,14.8145932000,14.8822839000,14.7178922000,14.7855829000
2024-08-19,14.7565726000,15.1723869000,14.7178922000,15.1046962000
2024-08-20,15.0853560000,15.1820570000,14.9693148000,15.1143663000
2024-08-21,15.0660158000,15.1820570000,15.0176653000,15.1143663000
2024-08-22,15.0756859000,15.1530467000,14.9016241000,15.0370055000
2024-08-23,15.0660158000,15.4721600000,15.0079952000,15.4238095000
2024-08-26,15.4431497000,15.5978713000,15.1530467000,15.4818301000
2024-08-27,15.5398507000,15.5591909000,15.3561188000,15.5205105000
2024-08-28,15.5108404000,15.6655620000,15.4141394000,15.5882012000
2024-08-29,15.5301806000,15.5882012000,15.3561188000,15.3561188000
2024-08-30,15.2400776000,15.7139125000,14.8436035000,15.5882012000
2024-09-02,15.6268816000,16.0330258000,15.5882012000,15.7719331000
2024-09-03,15.7719331000,15.9363248000,15.6752321000,15.8396238000
2024-09-04,15.9073145000,15.9073145000,15.6462218000,15.8106135000
2024-09-05,15.8202836000,15.9363248000,15.6945723000,15.8879743000
2024-09-06,15.9363248000,16.0426959000,15.5882012000,15.5978713000
2024-09-09,15.2497477000,15.2497477000,14.6598716000,14.7372324000
2024-09-10,14.9209643000,14.9209643000,14.5728407000,14.7855829000
2024-09-11,14.6985520000,15.0853560000,14.6502015000,15.0563457000
2024-09-12,14.9886550000,15.2690879000,14.9209643000,14.9886550000
2024-09-13,15.0176653000,15.0756859000,14.7275623000,14.7759128000
2024-09-18,14.7275623000,15.3754590000,14.6985520000,15.3174384000
2024-09-19,15.3077683000,15.6365517000,15.1240364000,15.1627168000
2024-09-20,15.2110673000,15.4238095000,15.0466756000,15.3271085000
2024-09-23,15.3174384000,15.7719331000,15.3077683000,15.7042424000
2024-09-24,15.8299537000,16.1587371000,15.5591909000,16.1200567000
2024-09-25,16.3037886000,16.6132318000,16.0813763000,16.1490670000
2024-09-26,16.1490670000,16.6229019000,16.0717062000,16.6229019000
2024-09-27,16.9130049000,17.3384893000,16.7582833000,17.2321182000
2024-09-30,17.8123242000,18.5665920000,17.4255202000,18.2571488000
2024-10-08,20.0751276000,20.0751276000,18.3731900000,18.7793342000
2024-10-09,18.4505508000,18.4505508000,17.3384893000,17.3384893000
2024-10-10,17.3384893000,18.4698910000,17.3384893000,17.9670458000
2024-10-11,17.7929840000,17.9090252000,17.1644275000,17.3191491000
2024-10-14,17.4061800000,18.0444066000,17.4061800000,18.0444066000
2024-10-15,18.0540767000,18.1314375000,17.6576026000,17.6769428000
2024-10-16,17.4835408000,17.8219943000,17.4255202000,17.5705717000
2024-10-17,17.5512315000,17.7156232000,17.0967368000,17.1450873000
2024-10-18,17.0773966000,17.6479325000,16.9710255000,17.4061800000
2024-10-21,17.4061800000,17.5512315000,17.0290461000,17.1740976000
2024-10-22,17.1644275000,17.3771697000,17.0387162000,17.2127780000
2024-10-23,17.2224481000,17.2804687000,17.0677265000,17.1160770000
2024-10-24,17.0290461000,17.0290461000,16.6905926000,16.8646544000
2024-10-25,16.8839946000,17.1257471000,16.8066338000,16.8743245000
2024-10-28,16.8743245000,17.2514584000,16.7099328000,17.2321182000
2024-10-29,17.3094790000,17.3578295000,16.9516853000,17.0773966000
2024-10-30,16.9806956000,17.3578295000,16.9323451000,16.9323451000
2024-10-31,17.0773966000,17.9477056000,17.0773966000,17.6479325000
2024-11-01,17.6092521000,18.3151694000,17.5028810000,18.1217674000
2024-11-04,18.1797880000,18.2474787000,17.8510046000,18.1894581000
2024-11-05,18.2184684000,18.2764890000,17.8993551000,18.2184684000
2024-11-06,18.2474787000,18.4892312000,17.8510046000,17.9283654000
2024-11-07,17.8123242000,18.2184684000,17.7543036000,18.2184684000
2024-11-08,18.2861591000,18.4118704000,17.7929840000,17.8896850000
2024-11-11,17.8896850000,17.9767159000,17.5028810000,17.9670458000
2024-11-12,17.9863860000,18.2087983000,17.5705717000,17.6479325000
2024-11-13,17.5899119000,17.9670458000,17.5899119000,17.9186953000
2024-11-14,17.9573757000,18.2378086000,17.7543036000,17.8896850000
2024-11-15,17.8316644000,18.0830870000,17.6092521000,17.6285923000
2024-11-18,17.6382624000,17.7736438000,17.1450873000,17.2417883000
2024-11-19,17.1740976000,17.3674996000,17.0387162000,17.2998089000
2024-11-20,17.2998089000,17.3288192000,17.1547574000,17.2611285000
2024-11-21,17.2127780000,17.3191491000,17.0677265000,17.1547574000
2024-11-22,17.1547574000,17.2611285000,16.7002627000,16.7099328000
2024-11-25,16.7099328000,17.1160770000,16.4585102000,16.5552112000
2024-11-26,16.5938916000,16.6615823000,16.4294999000,16.4875205000
2024-11-27,16.5068607000,16.7969637000,16.4101597000,16.7872936000
2024-11-28,16.8259740000,16.8743245000,16.5648813000,16.7196029000
2024-11-29,16.7582833000,17.0677265000,16.6809225000,16.9033348000
2024-12-02,16.9903657000,17.0000358000,16.6712524000,16.7679534000
2024-12-03,16.7776235000,16.8163039000,16.2941185000,16.5262009000
2024-12-04,16.4681803000,16.5648813000,16.2941185000,16.3521391000
2024-12-05,16.3231288000,16.3618092000,16.1297268000,16.2651082000
2024-12-06,16.2651082000,16.4391700000,16.2070876000,16.3327989000
2024-12-09,16.3424690000,16.4585102000,16.2070876000,16.3037886000
2024-12-10,16.6809225000,16.8066338000,16.3327989000,16.3521391000
2024-12-11,16.3618092000,16.4391700000,16.2941185000,16.4004896000
2024-12-12,16.3521391000,16.4778504000,16.2747783000,16.4585102000
2024-12-13,16.4294999000,16.4294999000,15.9846753000,16.0136856000
2024-12-16,16.0233557000,16.1200567000,15.7912733000,15.8396238000
2024-12-17,15.8589640000,16.1007165000,15.8106135000,15.9556650000
2024-12-18,15.9750052000,16.1684072000,15.8589640000,15.9363248000
2024-12-19,15.8202836000,15.9750052000,15.6655620000,15.9459949000
2024-12-20,15.9459949000,15.9750052000,15.5688610000,15.5882012000
2024-12-23,15.5591909000,15.9556650000,15.5495208000,15.7816032000
2024-12-24,15.7719331000,15.9363248000,15.7332527000,15.8686341000
2024-12-25,15.8783042000,15.9363248000,15.7719331000,15.8589640000
2024-12-26,15.8202836000,16.1684072000,15.8106135000,16.1490670000
2024-12-27,16.1587371000,16.2167577000,16.0330258000,16.0813763000
2024-12-30,16.0523660000,16.1877474000,16.0040155000,16.1297268000
2024-12-31,16.1103866000,16.1974175000,15.9363248000,15.9363248000
