date,close,preclose,volume,pctChg,tradestatus
2022-01-04,226.6696152600,226.9251863100,5641449,-0.112600,1
2022-01-05,208.8380580000,226.6696152600,9457027,-7.866800,1
2022-01-06,203.7266370000,208.8380580000,8496671,-2.447600,1
2022-01-07,202.8065812200,203.7266370000,4701131,-0.451600,1
2022-01-10,199.9295814000,202.8065812200,6239474,-1.418600,1
2022-01-11,193.8542924400,199.9295814000,4612182,-3.038700,1
2022-01-12,197.8850130000,193.8542924400,4878640,2.079300,1
2022-01-13,194.6648177700,197.8850130000,3544781,-1.627300,1
2022-01-14,202.3027411500,194.6648177700,5838675,3.923600,1
2022-01-17,212.1969918000,202.3027411500,6725977,4.890800,1
2022-01-18,216.3518468700,212.1969918000,4274705,1.958000,1
2022-01-19,213.2192760000,216.3518468700,5026208,-1.447900,1
2022-01-20,214.1320297500,213.2192760000,3958549,0.428100,1
2022-01-21,208.2684996600,214.1320297500,4919767,-2.738300,1
2022-01-24,211.0359690300,208.2684996600,3305037,1.328800,1
2022-01-25,203.4345558000,211.0359690300,6045845,-3.602000,1
2022-01-26,201.8135051400,203.4345558000,5771614,-0.796800,1
2022-01-27,191.6782875000,201.8135051400,9351299,-5.022100,1
2022-01-28,185.6176026000,191.6782875000,8193779,-3.161900,1
2022-02-07,178.4981233500,185.6176026000,10649143,-3.835600,1
2022-02-08,172.9120704000,178.4981233500,11571102,-3.129500,1
2022-02-09,169.5750426900,172.9120704000,10057615,-1.929900,1
2022-02-10,169.3851899100,169.5750426900,7027122,-0.112000,1
2022-02-11,166.1576926500,169.3851899100,6406425,-1.905400,1
2022-02-14,167.2164870000,166.1576926500,5197757,0.637200,1
2022-02-15,176.2564001400,167.2164870000,9005651,5.406100,1
2022-02-16,175.2487200000,176.2564001400,6214717,-0.571700,1
2022-02-17,177.3663087000,175.2487200000,5936506,1.208300,1
2022-02-18,174.8105982000,177.3663087000,3867915,-1.440900,1
2022-02-21,173.0216008500,174.8105982000,4517940,-1.023400,1
2022-02-22,173.7883140000,173.0216008500,7434701,0.443100,1
2022-02-23,181.3021028700,173.7883140000,8209424,4.323500,1
2022-02-24,179.5934278500,181.3021028700,7303295,-0.942400,1
2022-02-25,178.9070370300,179.5934278500,6307589,-0.382200,1
2022-02-28,179.4911994300,178.9070370300,4184905,0.326500,1
2022-03-01,180.2141004000,179.4911994300,4821695,0.402800,1
2022-03-02,175.2487200000,180.2141004000,6874059,-2.755300,1
2022-03-03,172.3279080000,175.2487200000,4643779,-1.666700,1
2022-03-04,170.9697304200,172.3279080000,4826176,-0.788100,1
2022-03-07,161.3748630000,170.9697304200,8310858,-5.612000,1
2022-03-08,161.4332792400,161.3748630000,7085354,0.036200,1
2022-03-09,164.2518628200,161.4332792400,8839506,1.746000,1
2022-03-10,165.4201876200,164.2518628200,7218516,0.711300,1
2022-03-11,162.1926903600,165.4201876200,6200649,-1.951100,1
2022-03-14,151.8822240000,162.1926903600,9991044,-6.356900,1
2022-03-15,142.3895850000,151.8822240000,13505694,-6.250000,1
2022-03-16,156.6285435000,142.3895850000,12630575,10.000000,1
2022-03-17,163.6384923000,156.6285435000,13353459,4.475500,1
2022-03-18,163.7699288400,163.6384923000,6016000,0.080300,1
2022-03-21,162.2949187800,163.7699288400,5859493,-0.900700,1
2022-03-22,161.1119899200,162.2949187800,4581233,-0.728900,1
2022-03-23,158.9359849800,161.1119899200,6359394,-1.350600,1
2022-03-24,155.0805131400,158.9359849800,6364628,-2.425800,1
2022-03-25,149.8376556000,155.0805131400,5157931,-3.380700,1
2022-03-28,147.8003892300,149.8376556000,5804318,-1.359600,1
2022-03-29,143.6528361900,147.8003892300,6078242,-2.806200,1
2022-03-30,144.6678183600,143.6528361900,8491048,0.706600,1
2022-03-31,141.2212602000,144.6678183600,8993763,-2.382400,1
2022-04-01,141.7689124500,141.2212602000,5008932,0.387800,1
2022-04-06,137.3365802400,141.7689124500,7612177,-3.126400,1
2022-04-07,133.8608139600,137.3365802400,6691825,-2.530800,1
2022-04-08,131.5825806000,133.8608139600,6389927,-1.701900,1
2022-04-11,124.4996115000,131.5825806000,10623110,-5.382900,1
2022-04-12,124.9012231500,124.4996115000,10296605,0.322600,1
2022-04-13,123.4627232400,124.9012231500,5776129,-1.151700,1
2022-04-14,125.9089032900,123.4627232400,9868666,1.981300,1
2022-04-15,126.9823017000,125.9089032900,8002017,0.852500,1
2022-04-18,133.4153901300,126.9823017000,10239074,5.066100,1
2022-04-19,120.0745813200,133.4153901300,18753669,-9.999500,1
2022-04-20,116.6134191000,120.0745813200,10432913,-2.882500,1
2022-04-21,113.4224319900,116.6134191000,8632948,-2.736400,1
2022-04-22,108.8002470000,113.4224319900,9595458,-4.075200,1
2022-04-25,100.9213566300,108.8002470000,10564897,-7.241600,1
2022-04-26,98.3291359800,100.9213566300,9121482,-2.568600,1
2022-04-27,108.1649703900,98.3291359800,13219460,10.003000,1
2022-04-28,106.1130999600,108.1649703900,11841175,-1.897000,1
2022-04-29,109.8955515000,106.1130999600,13645034,3.564500,1
2022-05-05,107.4201633300,109.8955515000,9134266,-2.252500,1
2022-05-06,102.3452524800,107.4201633300,7333324,-4.724400,1
2022-05-09,100.1546434800,102.3452524800,6848906,-2.140400,1
2022-05-10,104.4628411800,100.1546434800,11647498,4.301500,1
2022-05-11,111.4070717100,104.4628411800,15711630,6.647600,1
2022-05-12,109.6399804500,111.4070717100,9666960,-1.586200,1
2022-05-13,109.6399804500,109.6399804500,6260628,0.000000,1
2022-05-16,108.0627419700,109.6399804500,7214106,-1.438600,1
2022-05-17,118.8697463700,108.0627419700,15765556,10.000700,1
2022-05-18,119.0230890000,118.8697463700,15136029,0.129000,1
2022-05-19,118.2928860000,119.0230890000,11088284,-0.613500,1
2022-05-20,119.5123250100,118.2928860000,9952119,1.030900,1
2022-05-23,120.8266904100,119.5123250100,13981982,1.099800,1
2022-05-24,114.7294953600,120.8266904100,12278634,-5.046200,1
2022-05-25,113.1741629700,114.7294953600,8389033,-1.355700,1
2022-05-26,111.1515006600,113.1741629700,12099540,-1.787200,1
2022-05-27,109.0339119600,111.1515006600,11156629,-1.905100,1
2022-05-30,116.1168810600,109.0339119600,16225873,6.496100,1
2022-05-31,119.7532920000,116.1168810600,14866798,3.131700,1
2022-06-01,119.0230890000,119.7532920000,8949067,-0.609800,1
2022-06-02,125.7774667500,119.0230890000,13524522,5.674800,1
2022-06-06,131.6775069900,125.7774667500,14126736,4.690900,1
2022-06-07,125.3904591600,131.6775069900,14285770,-4.774600,1
2022-06-08,124.5069135300,125.3904591600,12156673,-0.704600,1
2022-06-09,119.7021777900,124.5069135300,10196471,-3.859000,1
2022-06-10,120.7755762000,119.7021777900,11947000,0.896700,1
2022-06-13,118.4827387800,120.7755762000,8773990,-1.898400,1
2022-06-14,116.0438607600,118.4827387800,11441447,-2.058400,1
2022-06-15,117.7379317200,116.0438607600,13024819,1.459900,1
2022-06-16,118.0008048000,117.7379317200,11038602,0.223300,1
2022-06-17,117.1172591700,118.0008048000,14530548,-0.748800,1
2022-06-20,122.6887080600,117.1172591700,17271995,4.757200,1
2022-06-21,119.6218554600,122.6887080600,14192424,-2.499700,1
2022-06-22,112.8382695900,119.6218554600,19144146,-5.670900,1
2022-06-23,113.6195868000,112.8382695900,16456693,0.692400,1
2022-06-24,116.5257947400,113.6195868000,19512644,2.557800,1
2022-06-27,120.6295356000,116.5257947400,23959005,3.521700,1
2022-06-28,127.0626240300,120.6295356000,27430937,5.332900,1
2022-06-29,122.6741040000,127.0626240300,27317355,-3.453800,1
2022-06-30,126.3470250900,122.6741040000,17649612,2.994000,1
2022-07-01,126.5806900500,126.3470250900,14883994,0.184900,1
2022-07-04,119.8628224500,126.5806900500,21616873,-5.307200,1
2022-07-05,117.9204824700,119.8628224500,15493334,-1.620500,1
2022-07-06,119.1545255400,117.9204824700,20418644,1.046500,1
2022-07-07,116.9785206000,119.1545255400,15639753,-1.826200,1
2022-07-08,117.7452337500,116.9785206000,14642764,0.655400,1
2022-07-11,113.9554801800,117.7452337500,16641135,-3.218600,1
2022-07-12,109.2456708300,113.9554801800,15433897,-4.133000,1
2022-07-13,107.0696658900,109.2456708300,13137872,-1.991800,1
2022-07-14,106.2810466500,107.0696658900,12209818,-0.736500,1
2022-07-15,105.8648309400,106.2810466500,12940410,-0.391600,1
2022-07-18,106.9382293500,105.8648309400,12156377,1.013900,1
2022-07-19,105.7187903400,106.9382293500,8430847,-1.140300,1
2022-07-20,105.6603741000,105.7187903400,10185485,-0.055300,1
2022-07-21,108.7345287300,105.6603741000,17887922,2.909500,1
2022-07-22,106.5220136400,108.7345287300,9522992,-2.034800,1
2022-07-25,104.2729884000,106.5220136400,6911110,-2.111300,1
2022-07-26,105.3244807200,104.2729884000,6877855,1.008400,1
2022-07-27,103.9005848700,105.3244807200,8573468,-1.351900,1
2022-07-28,106.7105647500,103.9005693500,13152728,2.704500,1
2022-07-29,104.0786676500,106.7105647500,11217301,-2.466400,1
2022-08-01,105.1274687500,104.0786676500,14485801,1.007700,1
2022-08-02,103.0298665500,105.1274687500,13081038,-1.995300,1
2022-08-03,106.1366924500,103.0298665500,18998658,3.015500,1
2022-08-04,112.5581256000,106.1366924500,24288494,6.050200,1
2022-08-05,115.5956910500,112.5581256000,27285203,2.698700,1
2022-08-08,112.2810838000,115.5956910500,21664221,-2.867400,1
2022-08-09,112.7560126000,112.2810838000,14676293,0.423000,1
2022-08-10,109.7778132500,112.7560126000,12553430,-2.641300,1
2022-08-11,117.7427650000,109.7778132500,28576137,7.255500,1
2022-08-12,110.7375652000,117.7427650000,33593697,-5.949600,1
2022-08-15,106.6116212500,110.7375652000,20283044,-3.725900,1
2022-08-16,106.3147907500,106.6116212500,12094309,-0.278400,1
2022-08-17,106.8589800000,106.3147907500,11457040,0.511900,1
2022-08-18,106.9678178500,106.8589800000,10248151,0.101900,1
2022-08-19,104.3359207500,106.9678178500,12774595,-2.460500,1
2022-08-22,103.8807806500,104.3359207500,9411561,-0.436200,1
2022-08-23,101.1697287500,103.8807806500,13011232,-2.609800,1
2022-08-24,94.1645289500,101.1697287500,27849012,-6.924200,1
2022-08-25,91.9185115000,94.1645289500,20971083,-2.385200,1
2022-08-26,91.1269635000,91.9185115000,11632660,-0.861100,1
2022-08-29,90.6520347000,91.1269635000,11280475,-0.521200,1
2022-08-30,92.2747081000,90.6520347000,12449338,1.790000,1
2022-08-31,92.7496369000,92.2747081000,19177161,0.514700,1
2022-09-01,89.6230223000,92.7496369000,12050400,-3.371000,1
2022-09-02,88.9205234500,89.6230223000,9942942,-0.783800,1
2022-09-05,87.5847862000,88.9205234500,14235228,-1.502200,1
2022-09-06,87.9310884500,87.5847862000,10309821,0.395400,1
2022-09-07,88.0597150000,87.9310884500,14406496,0.146300,1
2022-09-08,86.7734495000,88.0597150000,8656331,-1.460700,1
2022-09-09,87.9805602000,86.7734495000,12517770,1.391100,1
2022-09-13,88.1586585000,87.9805602000,9456721,0.202400,1
2022-09-14,87.4066879000,88.1586585000,9064620,-0.853000,1
2022-09-15,85.8235919000,87.4066879000,9817966,-1.811200,1
2022-09-16,82.8157095000,85.8235919000,11942788,-3.504700,1
2022-09-19,85.2892970000,82.8157095000,20272393,2.986900,1
2022-09-20,84.9331004000,85.2892970000,11000086,-0.417600,1
2022-09-21,84.1019750000,84.9331004000,16360385,-0.978600,1
2022-09-22,82.1231050000,84.1019750000,14542522,-2.352900,1
2022-09-23,81.1336700000,82.1231050000,13440305,-1.204800,1
2022-09-26,82.6672942500,81.1336700000,13552808,1.890200,1
2022-09-27,84.0030315000,82.6672942500,9808040,1.615800,1
2022-09-28,81.7570140500,84.0030315000,9935327,-2.673700,1
2022-09-29,80.6191638000,81.7570140500,10381147,-1.391700,1
2022-09-30,79.2834265500,80.6191638000,8710171,-1.656800,1
2022-10-10,74.0987871500,79.2834265500,14151677,-6.539400,1
2022-10-11,74.7023425000,74.0987871500,11892265,0.814500,1
2022-10-12,75.9391362500,74.7023425000,19276706,1.655600,1
2022-10-13,75.6917775000,75.9391362500,11613179,-0.325700,1
2022-10-14,79.5406796500,75.6917775000,16159407,5.085000,1
2022-10-17,79.9562423500,79.5406796500,11074458,0.522500,1
2022-10-18,79.5208909500,79.9562423500,8097203,-0.544500,1
2022-10-19,78.3632520000,79.5208909500,8538205,-1.455800,1
2022-10-20,79.3032152500,78.3632520000,18519206,1.199500,1
2022-10-21,77.4925492000,79.3032152500,12404416,-2.283200,1
2022-10-24,75.1574826000,77.4925492000,13840139,-3.013300,1
2022-10-25,73.9998436500,75.1574826000,10137891,-1.540300,1
2022-10-26,75.8500871000,73.9998436500,12836628,2.500300,1
2022-10-27,75.0486447500,75.8500871000,12692676,-1.056600,1
2022-10-28,70.9424895000,75.0486447500,15439726,-5.471300,1
2022-10-31,72.5948459500,70.9424895000,23365705,2.329100,1
2022-11-01,76.0281854000,72.5948459500,16067729,4.729500,1
2022-11-02,77.4529718000,76.0281854000,12306912,1.874000,1
2022-11-03,78.5116672500,77.4529718000,13150877,1.366900,1
2022-11-04,80.7774734000,78.5116672500,15660347,2.885900,1
2022-11-07,81.2227191500,80.7774734000,17243813,0.551200,1
2022-11-08,80.0947632500,81.2227191500,9355552,-1.388700,1
2022-11-09,79.1350113000,80.0947632500,6777805,-1.198300,1
2022-11-10,77.9476893000,79.1350113000,8463746,-1.500400,1
2022-11-11,80.2332841500,77.9476893000,17218286,2.932200,1
2022-11-14,79.8276158000,80.2332841500,12449367,-0.505600,1
2022-11-15,87.8123562500,79.8276158000,22093122,10.002500,1
2022-11-16,87.2384839500,87.8123562500,28671521,-0.653500,1
2022-11-17,88.8512630000,87.2384839500,25246123,1.848700,1
2022-11-18,84.4977490000,88.8512630000,20710581,-4.899800,1
2022-11-21,84.3295450500,84.4977490000,11246684,-0.199100,1
2022-11-22,81.9944784500,84.3295450500,15136009,-2.769000,1
2022-11-23,81.7273310000,81.9944784500,9110239,-0.325800,1
2022-11-24,80.9258886500,81.7273310000,9702216,-0.980600,1
2022-11-25,80.3816994000,80.9258886500,8591059,-0.672500,1
2022-11-28,78.1653650000,80.3816994000,12821556,-2.757300,1
2022-11-29,80.2629672000,78.1653650000,11153334,2.683500,1
2022-11-30,80.4311711500,80.2629672000,8508115,0.209600,1
2022-12-01,81.3216626500,80.4311711500,12124046,1.107100,1
2022-12-02,80.9258886500,81.3216626500,7293975,-0.486700,1
2022-12-05,81.2227191500,80.9258886500,10109779,0.366800,1
2022-12-06,84.9726778000,81.2227191500,20636965,4.616900,1
2022-12-07,83.2609552500,84.9726778000,12283176,-2.014400,1
2022-12-08,82.1527880500,83.2609552500,9127059,-1.331000,1
2022-12-09,83.8051445000,82.1527880500,13080826,2.011300,1
2022-12-12,86.0907393500,83.8051445000,18633517,2.727300,1
2022-12-13,84.6560586000,86.0907393500,9110984,-1.666500,1
2022-12-14,83.6864123000,84.6560586000,15021374,-1.145400,1
2022-12-15,84.7451077500,83.6864123000,12386160,1.265100,1
2022-12-16,82.3506750500,84.7451077500,9702064,-2.825500,1
2022-12-19,80.8170508000,82.3506750500,8152734,-1.862300,1
2022-12-20,81.0644095500,80.8170508000,6789750,0.306100,1
2022-12-21,80.0551858500,81.0644095500,7011540,-1.245000,1
2022-12-22,79.1745887000,80.0551858500,7058845,-1.100000,1
2022-12-23,78.2544141500,79.1745887000,7141913,-1.162200,1
2022-12-26,79.8375101500,78.2544141500,5132961,2.023000,1
2022-12-27,79.6495175000,79.8375101500,5321809,-0.235500,1
2022-12-28,76.7010012000,79.6495175000,11021159,-3.701900,1
2022-12-29,77.0967752000,76.7010012000,8619823,0.516000,1
2022-12-30,76.2755441500,77.0967752000,8178178,-1.065200,1
2023-01-03,76.6713181500,76.2755441500,8637047,0.518900,1
2023-01-04,77.0670921500,76.6713181500,9739101,0.516200,1
2023-01-05,78.6600825000,77.0670921500,10259878,2.067000,1
2023-01-06,80.7082129500,78.6600825000,13758863,2.603800,1
2023-01-09,82.1428937000,80.7082129500,11863704,1.777600,1
2023-01-10,84.5867981500,82.1428937000,16456673,2.975200,1
2023-01-11,82.6178225000,84.5867981500,11228610,-2.327800,1
2023-01-12,82.8651812500,82.6178225000,6223952,0.299400,1
2023-01-13,83.4786309500,82.8651812500,5934545,0.740300,1
2023-01-16,90.2859437500,83.4786309500,48075390,8.154600,1
2023-01-17,92.0174550000,90.2859437500,25846320,1.917800,1
2023-01-18,92.1955533000,92.0174550000,14183072,0.193500,1
2023-01-19,96.4204407500,92.1955533000,22901189,4.582500,1
2023-01-20,95.5596323000,96.4204407500,13909628,-0.892800,1
2023-01-30,95.2825905000,95.5596323000,18022709,-0.289900,1
2023-01-31,93.1651996000,95.2825905000,14630094,-2.222200,1
2023-02-01,93.8182267000,93.1651996000,10280088,0.700900,1
2023-02-02,94.0952685000,93.8182267000,11806223,0.295300,1
2023-02-03,93.0761504500,94.0952685000,11357734,-1.083100,1
2023-02-06,91.3941109500,93.0761504500,9704524,-1.807200,1
2023-02-07,91.6612584000,91.3941109500,7822171,0.292300,1
2023-02-08,90.7311895000,91.6612584000,7569920,-1.014700,1
2023-02-09,93.9963250000,90.7311895000,15134925,3.598700,1
2023-02-10,93.0068900000,93.9963250000,10535284,-1.052600,1
2023-02-13,93.4026640000,93.0068900000,9249381,0.425500,1
2023-02-14,92.8782634500,93.4026640000,8665877,-0.561400,1
2023-02-15,93.4719244500,92.8782634500,7578522,0.639200,1
2023-02-16,90.6223516500,93.4719244500,14714314,-3.048600,1
2023-02-17,86.9515478000,90.6223516500,14649396,-4.050700,1
2023-02-20,88.6434816500,86.9515478000,8355215,1.945800,1
2023-02-21,88.2872850500,88.6434816500,7108289,-0.401800,1
2023-02-22,87.4759483500,88.2872850500,5130962,-0.919000,1
2023-02-23,87.1098574000,87.4759483500,6719250,-0.418500,1
2023-02-24,86.1402111000,87.1098574000,6118038,-1.113100,1
2023-02-27,84.5472207500,86.1402111000,9372775,-1.849300,1
2023-02-28,85.0419382500,84.5472207500,7540999,0.585100,1
2023-03-01,85.6257049000,85.0419382500,10470423,0.686400,1
2023-03-02,85.2002478500,85.6257049000,10152181,-0.496900,1
2023-03-03,85.6850710000,85.2002478500,12559507,0.569000,1
2023-03-06,85.0914100000,85.6850710000,8615072,-0.692800,1
2023-03-07,82.5782451000,85.0914100000,9344270,-2.953500,1
2023-03-08,83.2510609000,82.5782451000,5844734,0.814800,1
2023-03-09,82.4793016000,83.2510609000,8613174,-0.927000,1
2023-03-10,80.9852547500,82.4793016000,8961699,-1.811400,1
2023-03-13,81.9054293000,80.9852547500,6705283,1.136200,1
2023-03-14,83.2906383000,81.9054293000,12404426,1.691200,1
2023-03-15,83.3104270000,83.2906383000,8790629,0.023800,1
2023-03-16,83.1323287000,83.3104270000,13799729,-0.213800,1
2023-03-17,82.6277168500,83.1323287000,13250017,-0.607000,1
2023-03-20,86.0610563000,82.6277168500,18755405,4.155200,1
2023-03-21,85.9324297500,86.0610563000,8661239,-0.149500,1
2023-03-22,86.3875698500,85.9324297500,8450831,0.529600,1
2023-03-23,91.0280200000,86.3875698500,24040539,5.371700,1
2023-03-24,92.8584747500,91.0280200000,20279630,2.010900,1
2023-03-27,88.5643268500,92.8584747500,17318059,-4.624400,1
2023-03-28,86.8229212500,88.5643268500,9681497,-1.966300,1
2023-03-29,89.0095726000,86.8229212500,15513761,2.518500,1
2023-03-30,89.4053466000,89.0095726000,13536517,0.444600,1
2023-03-31,90.1375285000,89.4053466000,9547709,0.818900,1
2023-04-03,92.9079465000,90.1375285000,18752425,3.073500,1
2023-04-04,94.5701973000,92.9079465000,22691960,1.789100,1
2023-04-06,100.0318785000,94.5701973000,37521623,5.775300,1
2023-04-07,102.4263112000,100.0318785000,27556888,2.393700,1
2023-04-10,106.3543681500,102.4263112000,57357015,3.835000,1
2023-04-11,106.8490856500,106.3543681500,27428400,0.465200,1
2023-04-12,107.8484150000,106.8490856500,23048021,0.935300,1
2023-04-13,102.0107485000,107.8484150000,28483398,-5.412800,1
2023-04-14,105.0977857000,102.0107485000,27977174,3.026200,1
2023-04-17,102.4955716500,105.0977857000,20728687,-2.476000,1
2023-04-18,103.0991270000,102.4955716500,17548154,0.588900,1
2023-04-19,103.3168027000,103.0991270000,34728743,0.211100,1
2023-04-20,102.0206428500,103.3168027000,20932697,-1.254500,1
2023-04-21,94.2140007000,102.0206428500,24540790,-7.652000,1
2023-04-24,90.4739364000,94.2140007000,23813414,-3.969800,1
2023-04-25,89.5735505500,90.4739364000,16495908,-0.995200,1
2023-04-26,87.4957370500,89.5735505500,18620565,-2.319700,1
2023-04-27,89.2866144000,87.4957370500,17135043,2.046800,1
2023-04-28,90.2859437500,89.2866144000,12040329,1.119200,1
2023-05-04,91.2160126500,90.2859437500,12969494,1.030100,1
2023-05-05,90.3650985500,91.2160126500,8420483,-0.932900,1
2023-05-08,90.3057324500,90.3650985500,7230179,-0.065700,1
2023-05-09,90.6421403500,90.3057324500,10902324,0.372500,1
2023-05-10,89.9396415000,90.6421403500,8686769,-0.775000,1
2023-05-11,89.3459805000,89.9396415000,6157458,-0.660100,1
2023-05-12,88.5544325000,89.3459805000,6409710,-0.885900,1
2023-05-15,89.5438675000,88.5544325000,5565181,1.117300,1
2023-05-16,91.2951674500,89.5438675000,10919276,1.955800,1
2023-05-17,94.7285069000,91.2951674500,12295827,3.760700,1
2023-05-18,94.3920990000,94.7285069000,8570039,-0.355100,1
2023-05-19,96.6381164500,94.3920990000,12972956,2.379500,1
2023-05-22,96.4995955500,96.6381164500,6854729,-0.143300,1
2023-05-23,94.1843176500,96.4995955500,6536872,-2.399300,1
2023-05-24,94.9560769500,94.1843176500,5780705,0.819400,1
2023-05-25,95.8267797500,94.9560769500,5725505,0.917000,1
2023-05-26,95.0847035000,95.8267797500,6758496,-0.774400,1
2023-05-29,96.4699125000,95.0847035000,9349199,1.456800,1
2023-05-30,96.5094899000,96.4699125000,6972756,0.041000,1
2023-05-31,98.8346621500,96.5094899000,9477748,2.409300,1
2023-06-01,98.4487825000,98.8346621500,7492830,-0.390400,1
2023-06-02,97.6374458000,98.4487825000,6110720,-0.824100,1
2023-06-05,96.8063204000,97.6374458000,5615597,-0.851200,1
2023-06-06,93.9567476000,96.8063204000,8904453,-2.943600,1
2023-06-07,94.3723103000,93.9567476000,4576597,0.442300,1
2023-06-08,92.9574182500,94.3723103000,6371973,-1.499300,1
2023-06-09,94.9956543500,92.9574182500,8389929,2.192700,1
2023-06-12,94.6295634000,94.9956543500,5707294,-0.385400,1
2023-06-13,98.7060356000,94.6295634000,10176638,4.307800,1
2023-06-14,99.4283231500,98.7060356000,6613065,0.731800,1
2023-06-15,98.9039226000,99.4283231500,5527218,-0.527400,1
2023-06-16,99.5668440500,98.9039226000,5372248,0.670300,1
2023-06-19,102.0107485000,99.5668440500,10111946,2.454500,1
2023-06-20,101.7930728000,102.0107485000,5829045,-0.213400,1
2023-06-21,99.4184288000,101.7930728000,7545785,-2.332800,1
2023-06-26,99.7251536500,99.4184288000,6656431,0.308500,1
2023-06-27,98.9435000000,99.7251536500,5825556,-0.783800,1
2023-06-28,96.5391729500,98.9435000000,7380575,-2.430000,1
2023-06-29,97.0635735000,96.5391729500,5315503,0.543200,1
2023-06-30,97.0042074000,97.0635735000,3967690,-0.061200,1
2023-07-03,98.0530085000,97.0042074000,5367211,1.081200,1
2023-07-04,102.0107485000,98.0530085000,14733679,4.036300,1
2023-07-05,101.8128615000,102.0107485000,5274306,-0.194000,1
2023-07-06,104.6327512500,101.8128615000,9772445,2.769700,1
2023-07-07,104.0687733000,104.6327512500,9051426,-0.539000,1
2023-07-10,105.8794393500,104.0687733000,9633668,1.739900,1
2023-07-11,109.9559115500,105.8794393500,14500399,3.850100,1
2023-07-12,106.8292969500,109.9559115500,11718461,-2.843500,1
2023-07-13,106.6610930000,106.8292969500,12494819,-0.157500,1
2023-07-14,105.4144049000,106.6610930000,10925590,-1.168800,1
2023-07-17,101.1994118000,105.4144049000,18621481,-3.998500,1
2023-07-18,103.0298665500,101.1994118000,10663011,1.808800,1
2023-07-19,102.7726134500,103.0298665500,8076367,-0.249700,1
2023-07-20,100.1802937500,102.7726134500,5803620,-2.522400,1
2023-07-21,99.5668440500,100.1802937500,5566193,-0.612300,1
2023-07-24,100.1110333000,99.5668440500,3868491,0.546600,1
2023-07-25,101.8425445500,100.1110333000,7198407,1.729600,1
2023-07-26,100.3979694500,101.8425445500,4912577,-1.418400,1
2023-07-27,99.9032519500,100.3979694500,4786542,-0.492800,1
2023-07-28,100.6552225500,99.9032519500,6668602,0.752700,1
2023-07-31,101.5959564000,100.6552531000,6471328,0.934600,1
2023-08-01,102.5366597000,101.5959564000,4651283,0.925900,1
2023-08-02,104.5963048200,102.5366597000,9410116,2.008700,1
2023-08-03,106.0816258200,104.5963048200,6714869,1.420100,1
2023-08-04,102.1900848000,106.0816258200,9146036,-3.668400,1
2023-08-07,103.4575587200,102.1900848000,4200091,1.240300,1
2023-08-08,103.3783416000,103.4575587200,3678134,-0.076600,1
2023-08-09,102.6158768200,103.3783416000,3603637,-0.737500,1
2023-08-10,102.3683233200,102.6158768200,2534674,-0.241200,1
2023-08-11,99.8036690600,102.3683233200,4737680,-2.505300,1
2023-08-14,99.0214000000,99.8036690600,4453797,-0.783800,1
2023-08-15,91.2581222400,99.0214000000,22530482,-7.840000,1
2023-08-16,87.1883427000,91.2581222400,16200577,-4.459600,1
2023-08-17,87.1388320000,87.1883427000,9960642,-0.056800,1
2023-08-18,87.3665812200,87.1388320000,8049074,0.261400,1
2023-08-21,86.2674436800,87.3665812200,5672338,-1.258100,1
2023-08-22,89.1291621400,86.2674436800,8786460,3.317300,1
2023-08-23,87.7428625400,89.1291621400,5123591,-1.555400,1
2023-08-24,88.0102203200,87.7428625400,5136809,0.304700,1
2023-08-25,88.3072845200,88.0102203200,5780599,0.337500,1
2023-08-28,87.3368748000,88.3072845200,9151826,-1.098900,1
2023-08-29,89.3569113600,87.3368748000,8006416,2.312900,1
2023-08-30,90.8125259400,89.3569113600,8449665,1.629000,1
2023-08-31,91.1194922800,90.8125259400,4761377,0.338000,1
2023-09-01,89.4856391800,91.1194922800,4120223,-1.793100,1
2023-09-04,91.5452843000,89.4856391800,5254453,2.301600,1
2023-09-05,91.8819570600,91.5452843000,5004796,0.367800,1
2023-09-06,93.1395288400,91.8819570600,5664320,1.368700,1
2023-09-07,92.2384341000,93.1395288400,4747503,-0.967500,1
2023-09-08,91.4561650400,92.2384341000,2957536,-0.848100,1
2023-09-11,92.0899020000,91.4561650400,3670519,0.692900,1
2023-09-12,92.0403913000,92.0899020000,2366537,-0.053800,1
2023-09-13,92.6642261200,92.0403913000,5707565,0.677800,1
2023-09-14,90.5847767200,92.6642261200,4535158,-2.244100,1
2023-09-15,92.5454004400,90.5847767200,7049284,2.164400,1
2023-09-18,93.8722872000,92.5454004400,7871799,1.433800,1
2023-09-19,95.0605440000,93.8722872000,8458235,1.265800,1
2023-09-20,92.6642261200,95.0605440000,4865540,-2.520800,1
2023-09-21,91.0996880000,92.6642261200,4228777,-1.688400,1
2023-09-22,95.2486846600,91.0996880000,7130079,4.554300,1
2023-09-25,93.9713086000,95.2486846600,6089264,-1.341100,1
2023-09-26,92.6147154200,93.9713086000,4177033,-1.443600,1
2023-09-27,92.0700977200,92.6147154200,4576824,-0.588000,1
2023-09-28,92.1493148400,92.0700977200,4567918,0.086000,1
2023-10-09,94.4169049000,92.1493148400,6586679,2.460800,1
2023-10-10,97.5360790000,94.4169049000,8737222,3.303600,1
2023-10-11,100.4968188600,97.5360790000,13342308,3.035500,1
2023-10-12,100.9127087400,100.4968188600,9080067,0.413800,1
2023-10-13,101.9425313000,100.9127087400,9809881,1.020500,1
2023-10-16,99.2392470800,101.9425313000,8650033,-2.651800,1
2023-10-17,100.1205375400,99.2392470800,6035074,0.888000,1
2023-10-18,100.1007332600,100.1205375400,6804577,-0.019800,1
2023-10-19,99.5165070000,100.1007332600,6078039,-0.583600,1
2023-10-20,97.9618710200,99.5165070000,7904094,-1.562200,1
2023-10-23,98.1302074000,97.9618710200,6266614,0.171800,1
2023-10-24,99.0511064200,98.1302074000,8205262,0.938400,1
2023-10-25,101.1602622400,99.0511064200,9611013,2.129400,1
2023-10-26,98.3777609000,101.1602622400,9985704,-2.750600,1
2023-10-27,101.4969350000,98.3777609000,10179641,3.170600,1
2023-10-30,110.0127754000,101.4969350000,33777158,8.390200,1
2023-10-31,109.2305063400,110.0127754000,17406220,-0.711100,1
2023-11-01,104.9230754400,109.2305063400,16652744,-3.943400,1
2023-11-02,103.9526657200,104.9230754400,18545566,-0.924900,1
2023-11-03,105.3488674600,103.9526657200,20958547,1.343100,1
2023-11-06,109.9632647000,105.3488674600,29550030,4.380100,1
2023-11-07,111.6565306400,109.9632647000,22536162,1.539800,1
2023-11-08,110.8049466000,111.6565306400,13423546,-0.762700,1
2023-11-09,109.3295277400,110.8049466000,10798553,-1.331500,1
2023-11-10,108.5274544000,109.3295277400,5318879,-0.733600,1
2023-11-13,107.1312526600,108.5274544000,8358195,-1.286500,1
2023-11-14,107.1411548000,107.1312526600,5942355,0.009200,1
2023-11-15,107.9135217200,107.1411548000,6348755,0.720900,1
2023-11-16,105.5568124000,107.9135217200,6209133,-2.183900,1
2023-11-17,105.9528980000,105.5568124000,5018302,0.375200,1
2023-11-20,103.1109838200,105.9528980000,11949934,-2.682200,1
2023-11-21,102.7743110600,103.1109838200,7795643,-0.326500,1
2023-11-22,102.8139196200,102.7743110600,9368227,0.038500,1
2023-11-23,102.6653875200,102.8139196200,7343769,-0.144500,1
2023-11-24,102.5366597000,102.6653875200,7851205,-0.125400,1
2023-11-27,106.6163413800,102.5366597000,10881441,3.978800,1
2023-11-28,103.3585373200,106.6163413800,15102927,-3.055600,1
2023-11-29,107.1609590800,103.3585373200,15362677,3.678900,1
2023-11-30,107.1807633600,107.1609590800,7023439,0.018500,1
2023-12-01,108.4284330000,107.1807633600,8331693,1.164100,1
2023-12-04,107.4184147200,108.4284330000,6016700,-0.931500,1
2023-12-05,104.1606106600,107.4184147200,7747426,-3.032800,1
2023-12-06,103.4773630000,104.1606106600,6160258,-0.656000,1
2023-12-07,102.2891062000,103.4773630000,7310843,-1.148300,1
2023-12-08,106.2499622000,102.2891062000,15917612,3.872200,1
2023-12-11,105.8736808800,106.2499622000,9461968,-0.354100,1
2023-12-12,106.5470264000,105.8736808800,5983835,0.636000,1
2023-12-13,106.7648734800,106.5470264000,6562906,0.204500,1
2023-12-14,107.3490997400,106.7648734800,6333355,0.547200,1
2023-12-15,107.4679254200,107.3490997400,6195854,0.110700,1
2023-12-18,105.2696503400,107.4679254200,5098523,-2.045500,1
2023-12-19,107.2203719200,105.2696503400,4659357,1.853100,1
2023-12-20,107.2599804800,107.2203719200,4178141,0.036900,1
2023-12-21,107.6659682200,107.2599804800,5139770,0.378500,1
2023-12-22,107.6263596600,107.6659682200,4315346,-0.036800,1
2023-12-25,108.2898030400,107.6263596600,3204913,0.616400,1
2023-12-26,105.4280845800,108.2898030400,5637967,-2.642600,1
2023-12-27,106.0024087000,105.4280845800,5400110,0.544800,1
2023-12-28,107.7847939000,106.0024087000,7848154,1.681500,1
2023-12-29,105.6657359400,107.7847939000,9750462,-1.966000,1
2024-01-02,101.9920420000,105.6657359400,8447082,-3.476700,1
2024-01-03,97.9618710200,101.9920420000,10764800,-3.951500,1
2024-01-04,97.2093083800,97.9618710200,6661578,-0.768200,1
2024-01-05,96.7042992400,97.2093083800,6940316,-0.519500,1
2024-01-08,93.3870823400,96.7042992400,8323431,-3.430300,1
2024-01-09,94.0703300000,93.3870823400,7286889,0.731600,1
2024-01-10,92.6543239800,94.0703300000,5215633,-1.505300,1
2024-01-11,93.5752230000,92.6543239800,6170857,0.993900,1
2024-01-12,93.4662994600,93.5752230000,5220203,-0.116400,1
2024-01-15,92.5553025800,93.4662994600,7125623,-0.974700,1
2024-01-16,89.0598471600,92.5553025800,15885996,-3.776600,1
2024-01-17,88.0300246000,89.0598471600,8259938,-1.156300,1
2024-01-18,90.7432109600,88.0300246000,11465655,3.082100,1
2024-01-19,89.8718226400,90.7432109600,9790865,-0.960300,1
2024-01-22,88.3765995000,89.8718226400,10069392,-1.663700,1
2024-01-23,86.3961715000,88.3765995000,9297482,-2.240900,1
2024-01-24,88.4261102000,86.3961715000,10898896,2.349600,1
2024-01-25,91.6938164000,88.4261102000,12498130,3.695400,1
2024-01-26,89.1687707000,91.6938164000,11782817,-2.753800,1
2024-01-29,88.2676759600,89.1687707000,8300478,-1.010500,1
2024-01-30,87.0398106000,88.2676759600,9082190,-1.391100,1
2024-01-31,85.4059575000,87.0398106000,8841736,-1.877100,1
2024-02-01,83.4750402000,85.4059575000,12490498,-2.260900,1
2024-02-02,79.1180986000,83.4750402000,13224186,-5.219500,1
2024-02-05,78.4447530800,79.1180986000,12821185,-0.851100,1
2024-02-06,83.2571931200,78.4447530800,11640552,6.134800,1
2024-02-07,85.0296761800,83.2571931200,10668815,2.128900,1
2024-02-08,86.3367586600,85.0296761800,11540523,1.537200,1
2024-02-19,84.8118291000,86.3367586600,9872480,-1.766300,1
2024-02-20,83.7523001200,84.8118291000,9408107,-1.249300,1
2024-02-21,84.4256456400,83.7523001200,10082317,0.804000,1
2024-02-22,86.2179329800,84.4256456400,7595588,2.122900,1
2024-02-23,86.4159757800,86.2179329800,6418636,0.229700,1
2024-02-26,87.2378534000,86.4159757800,6684591,0.951100,1
2024-02-27,89.4658349000,87.2378534000,10344460,2.553900,1
2024-02-28,86.8417678000,89.4658349000,10412196,-2.933000,1
2024-02-29,95.0605440000,86.8417678000,18196504,9.464100,1
2024-03-01,93.1197245600,95.0605440000,17689130,-2.041700,1
2024-03-04,93.2385502400,93.1197245600,13136682,0.127600,1
2024-03-05,95.0605440000,93.2385502400,17412394,1.954100,1
2024-03-06,93.3375716400,95.0605440000,11402129,-1.812500,1
2024-03-07,91.5056757400,93.3375716400,8123091,-1.962700,1
2024-03-08,93.0008988800,91.5056757400,6242761,1.634000,1
2024-03-11,94.3475899200,93.0008988800,8375320,1.448000,1
2024-03-12,95.2585868000,94.3475899200,10476547,0.965600,1
2024-03-13,95.1001525600,95.2585868000,14277527,-0.166300,1
2024-03-14,92.7830518000,95.1001525600,10521692,-2.436500,1
2024-03-15,92.8820732000,92.7830518000,9683557,0.106700,1
2024-03-18,99.0709107000,92.8820732000,19556511,6.663100,1
2024-03-19,99.8234733400,99.0709107000,17355072,0.759600,1
2024-03-20,99.1006171200,99.8234733400,10096074,-0.724100,1
2024-03-21,98.6946293800,99.1006171200,7589365,-0.409700,1
2024-03-22,97.7836325000,98.6946293800,9129225,-0.923000,1
2024-03-25,96.3973329000,97.7836325000,9030252,-1.417700,1
2024-03-26,95.8725194800,96.3973329000,7913675,-0.544400,1
2024-03-27,96.4567457400,95.8725194800,9918066,0.609400,1
2024-03-28,97.5360790000,96.4567457400,11803016,1.119000,1
2024-03-29,97.4469597400,97.5360790000,6515359,-0.091400,1
2024-04-01,99.5660177000,97.4469597400,7763306,2.174600,1
2024-04-02,96.4468436000,99.5660177000,8893347,-3.132800,1
2024-04-03,96.0210515800,96.4468436000,8614141,-0.441500,1
2024-04-08,93.5752230000,96.0210515800,7923581,-2.547200,1
2024-04-09,94.2683728000,93.5752230000,5197133,0.740700,1
2024-04-10,94.7139691000,94.2683728000,7805381,0.472700,1
2024-04-11,95.5061403000,94.7139691000,7618230,0.836400,1
2024-04-12,94.1000364200,95.5061403000,5727288,-1.472300,1
2024-04-15,95.3477060600,94.1000364200,6650182,1.325900,1
2024-04-16,93.2979630800,95.3477060600,5288338,-2.149800,1
2024-04-17,98.1302074000,93.2979630800,9944921,5.179400,1
2024-04-18,96.8726356200,98.1302074000,7017981,-1.281500,1
2024-04-19,92.3968683400,96.8726356200,15705955,-4.620300,1
2024-04-22,93.5950272800,92.3968683400,8764788,1.296800,1
2024-04-23,92.3671619200,93.5950272800,5105025,-1.311900,1
2024-04-24,91.8918592000,92.3671619200,6179939,-0.514600,1
2024-04-25,92.9612903200,91.8918592000,6517983,1.163800,1
2024-04-26,95.7635959400,92.9612903200,8876585,3.014500,1
2024-04-29,101.6256628200,95.7635959400,15761902,6.121400,1
2024-04-30,100.6057424000,101.6256628200,10123446,-1.003600,1
2024-05-06,102.0217484200,100.6057424000,14160001,1.407500,1
2024-05-07,102.9228431600,102.0217484200,8220256,0.883200,1
2024-05-08,101.9128248800,102.9228431600,5725374,-0.981300,1
2024-05-09,102.3782254600,101.9128248800,5970407,0.456700,1
2024-05-10,102.5861704000,102.3782254600,8035875,0.203100,1
2024-05-13,102.7545067800,102.5861704000,6087617,0.164100,1
2024-05-14,103.5862865400,102.7545067800,5389338,0.809500,1
2024-05-15,101.2295772200,103.5862865400,5463287,-2.275100,1
2024-05-16,99.2095406600,101.2295772200,10128394,-1.995500,1
2024-05-17,98.4470758800,99.2095406600,8034872,-0.768500,1
2024-05-20,97.1102869800,98.4470758800,7241100,-1.357900,1
2024-05-21,97.8727517600,97.1102869800,6258209,0.785200,1
2024-05-22,97.0409720000,97.8727517600,5951448,-0.849900,1
2024-05-23,95.0605440000,97.0409720000,9830796,-2.040800,1
2024-05-24,92.6741282600,95.0605440000,6846394,-2.510400,1
2024-05-27,93.0801160000,92.6741282600,8800913,0.438100,1
2024-05-28,92.4859876000,93.0801160000,9224589,-0.638300,1
2024-05-29,92.4265747600,92.4859876000,6807110,-0.064200,1
2024-05-30,94.1396449800,92.4265747600,12559175,1.853400,1
2024-05-31,93.1098224200,94.1396449800,7780644,-1.093900,1
2024-06-03,95.6051617000,93.1098224200,11452298,2.680000,1
2024-06-04,96.3478222000,95.6051617000,7804123,0.776800,1
2024-06-05,99.4372898800,96.3478222000,11348133,3.206600,1
2024-06-06,99.1996385200,99.4372898800,8313078,-0.239000,1
2024-06-07,99.1600299600,99.1996385200,7120944,-0.039900,1
2024-06-11,99.0114978600,99.1600299600,10186270,-0.149800,1
2024-06-12,99.6155284000,99.0114978600,13583501,0.610100,1
2024-06-13,101.2988922000,99.6155284000,15565507,1.689900,1
2024-06-14,101.4870328600,101.2988922000,19412402,0.185700,1
2024-06-17,102.9624517200,101.4870328600,12901652,1.453800,1
2024-06-18,103.7744272000,102.9624517200,12837083,0.788600,1
2024-06-19,102.4574425800,103.7744272000,10918143,-1.269100,1
2024-06-20,102.1900848000,102.4574425800,9905209,-0.260900,1
2024-06-21,102.8832346000,102.1900848000,11908022,0.678300,1
2024-06-24,102.1504762400,102.8832346000,8606861,-0.712200,1
2024-06-25,98.9223786000,102.1504762400,8890038,-3.160100,1
2024-06-26,99.1699321000,98.9223786000,8871230,0.250300,1
2024-06-27,98.1104031200,99.1699321000,8596930,-1.068400,1
2024-06-28,98.3975651800,98.1104031200,10378887,0.292700,1
2024-07-01,98.0509902800,98.3975651800,5470584,-0.352200,1
2024-07-02,95.8329109200,98.0509902800,6659673,-2.262200,1
2024-07-03,96.5062564400,95.8329109200,5611078,0.702600,1
2024-07-04,96.9122441800,96.5062564400,8501255,0.420700,1
2024-07-05,96.7241035200,96.9122441800,6777352,-0.194100,1
2024-07-08,100.5958402600,96.7241035200,19793238,4.002900,1
2024-07-09,102.6356811000,100.5958402600,18045668,2.027800,1
2024-07-10,103.4179501600,102.6356811000,14219891,0.762200,1
2024-07-11,104.2101213600,103.4179501600,15056843,0.766000,1
2024-07-12,107.8145003200,104.2101213600,17352005,3.458800,1
2024-07-15,107.6164575200,107.8145003200,11428172,-0.183700,1
2024-07-16,109.3691363000,107.6164575200,13002949,1.628600,1
2024-07-17,108.2997051800,109.3691363000,10333592,-0.977800,1
2024-07-18,107.9333260000,108.2997051800,13540742,-0.338300,1
2024-07-19,110.0127754000,107.9333260000,13995769,1.926600,1
2024-07-22,108.6363779400,110.0127754000,10834631,-1.251100,1
2024-07-23,103.8041336200,108.6363779400,11065090,-4.448100,1
2024-07-24,102.1504762400,103.8041336200,9246898,-1.593100,1
2024-07-25,101.9920420000,102.1504762400,7112249,-0.155100,1
2024-07-26,102.9129410200,101.9920420000,6371513,0.902900,1
2024-07-29,100.7146659400,102.9129410200,8245325,-2.136100,1
2024-07-30,99.7145498000,100.7146659400,8059980,-0.993000,1
2024-07-31,101.9623355800,99.7145498000,10799899,2.254200,1
2024-08-01,100.9028066000,101.9623355800,11913063,-1.039100,1
2024-08-02,98.0410881400,100.9028066000,10194205,-2.836100,1
2024-08-05,93.6643422600,98.0410881400,16062250,-4.464200,1
2024-08-06,94.0010150200,93.6643422600,11746352,0.359400,1
2024-08-07,91.6443057000,94.0010150200,9453608,-2.507100,1
2024-08-08,91.1491987000,91.6443057000,10070731,-0.540200,1
2024-08-09,91.2680243800,91.1491987000,9252493,0.130400,1
2024-08-12,91.4264586200,91.2680243800,5929033,0.173600,1
2024-08-13,92.6263678000,91.4263902300,7691339,1.312500,1
2024-08-14,92.3784385500,92.6263678000,9263289,-0.267700,1
2024-08-15,91.9817517500,92.3784385500,10277924,-0.429400,1
2024-08-16,90.6925196500,91.9817517500,8122820,-1.401600,1
2024-08-19,88.9570149000,90.6925196500,11517646,-1.913600,1
2024-08-20,91.5156447600,88.9570149000,18661826,2.876300,1
2024-08-21,92.1900123200,91.5156447600,12610950,0.736900,1
2024-08-22,90.3950045500,92.1900123200,10588427,-1.947100,1
2024-08-23,89.7305541600,90.3950045500,6634686,-0.735100,1
2024-08-26,88.3619847000,89.7305541600,9405746,-1.525200,1
2024-08-27,86.5570597600,88.3619847000,10028767,-2.042600,1
2024-08-28,87.1719243000,86.5570597600,7385171,0.710400,1
2024-08-29,86.8446576900,87.1719243000,8033117,-0.375400,1
2024-08-30,89.7801400100,86.8446576900,13971747,3.380200,1
2024-09-02,85.6843488000,89.7801400100,11361255,-4.562000,1
2024-09-03,86.8347405200,85.6843488000,7526032,1.342600,1
2024-09-04,85.9124437100,86.8347405200,5470768,-1.062100,1
2024-09-05,86.6165627800,85.9124437100,6335976,0.819600,1
2024-09-06,84.8017206700,86.6165627800,5905180,-2.095300,1
2024-09-09,85.5355912500,84.8017206700,6472996,0.865400,1
2024-09-10,85.5256740800,85.5355912500,6148868,-0.011600,1
2024-09-11,85.4860054000,85.5256740800,4194576,-0.046400,1
2024-09-12,84.1372702800,85.4860054000,6140747,-1.577700,1
2024-09-13,83.6711632900,84.1372702800,5456025,-0.554000,1
2024-09-18,84.2661934900,83.6711632900,5177699,0.711200,1
2024-09-19,85.7835205000,84.2661934900,8765695,1.800600,1
2024-09-20,83.7802521600,85.7835205000,10402505,-2.335300,1
2024-09-23,82.0149959000,83.7802521600,8054657,-2.107000,1
2024-09-24,84.3752823600,82.0149959000,16480088,2.877900,1
2024-09-25,86.2198759800,84.3752823600,15955284,2.186200,1
2024-09-26,89.6313824600,86.2198759800,14423781,3.956800,1
2024-09-27,97.1981831700,89.6313824600,9239818,8.442100,1
2024-09-30,106.3120624000,97.1981831700,36546605,9.376600,1
2024-10-08,116.9432686400,106.3120624000,47991568,10.000000,1
2024-10-09,114.5234791600,116.9432686400,54269697,-2.069200,1
2024-10-10,114.4441418000,114.5234791600,46022684,-0.069300,1
2024-10-11,111.0227181500,114.4441418000,30476426,-2.989600,1
2024-10-14,109.7533203900,111.0227181500,36108413,-1.143400,1
2024-10-15,108.3748337600,109.7533203900,29611661,-1.256000,1
2024-10-16,104.7749010500,108.3748337600,23154181,-3.321700,1
2024-10-17,102.8113013900,104.7749010500,22670901,-1.874100,1
2024-10-18,109.2872134000,102.8113013900,40239475,6.298800,1
2024-10-21,112.7383885600,109.2872134000,43821169,3.157900,1
2024-10-22,112.2326128900,112.7383885600,22944673,-0.448600,1
2024-10-23,110.6161141800,112.2326128900,20595817,-1.440300,1
2024-10-24,109.0888700000,110.6161141800,15248337,-1.380700,1
2024-10-25,110.8541262600,109.0888700000,20003266,1.618200,1
2024-10-28,110.0310011500,110.8541262600,18085501,-0.742500,1
2024-10-29,108.4343367800,110.0310011500,24364956,-1.451100,1
2024-10-30,106.5302401400,108.4343367800,17454842,-1.756000,1
2024-10-31,106.4112341000,106.5302401400,23795991,-0.111700,1
2024-11-01,104.0509476400,106.4112341000,17256890,-2.218100,1
2024-11-04,106.0244644700,104.0509476400,16218732,1.896700,1
2024-11-05,109.7037345400,106.0244644700,32201254,3.470200,1
2024-11-06,109.0789528300,109.7037345400,27909132,-0.569500,1
2024-11-07,111.0227181500,109.0789528300,24681957,1.782000,1
2024-11-08,110.7351202200,111.0227181500,32284811,-0.259000,1
2024-11-11,115.0490891700,110.7351202200,42769630,3.895800,1
2024-11-12,114.2854670800,115.0490891700,37934431,-0.663700,1
2024-11-13,112.6094653500,114.2854670800,24954904,-1.466500,1
2024-11-14,109.4161366100,112.6094653500,22779838,-2.835800,1
2024-11-15,106.7385007100,109.4161366100,20544015,-2.447200,1
2024-11-18,104.0806991500,106.7385007100,19395427,-2.490000,1
2024-11-19,105.4492686100,104.0806991500,18222730,1.314900,1
2024-11-20,104.9831616200,105.4492686100,14369615,-0.442000,1
2024-11-21,104.0509476400,104.9831616200,13439345,-0.888000,1
2024-11-22,98.6956758400,104.0509476400,25648450,-5.146800,1
2024-11-25,96.2263005100,98.6956758400,19194114,-2.502000,1
2024-11-26,95.5519329500,96.2263005100,13617095,-0.700800,1
2024-11-27,97.6742073300,95.5519329500,16250476,2.221100,1
2024-11-28,96.3948924000,97.6742073300,13142822,-1.309800,1
2024-11-29,97.8229648800,96.3948924000,15283319,1.481500,1
2024-12-02,100.1634170000,97.8229648800,17048439,2.392500,1
2024-12-03,97.9618052600,100.1634170000,15995975,-2.198000,1
2024-12-04,97.5254497800,97.9618052600,15451127,-0.445400,1
2024-12-05,96.9105852400,97.5254497800,10349966,-0.630500,1
2024-12-06,98.5270839500,96.9105852400,13791376,1.668000,1
2024-12-09,97.7237931800,98.5270839500,9885404,-0.815300,1
2024-12-10,98.0708941300,97.7237931800,16915730,0.355200,1
2024-12-11,99.1221141500,98.0708941300,12012382,1.071900,1
2024-12-12,99.3303747200,99.1221141500,13619943,0.210100,1
2024-12-13,97.8427992200,99.3303747200,16931033,-1.497600,1
2024-12-16,96.8014963700,97.8427992200,20276830,-1.064300,1
2024-12-17,96.6924075000,96.8014963700,12675944,-0.112700,1
2024-12-18,100.4289813600,96.6924588000,23442823,3.864300,1
2024-12-19,102.6251821200,100.4289813600,24990145,2.186800,1
2024-12-20,103.3605615600,102.6251821200,26991250,0.716600,1
2024-12-23,101.2537988400,103.3605615600,19137848,-2.038300,1
2024-12-24,102.1481792400,101.2537988400,12311482,0.883300,1
2024-12-25,100.6575452400,102.1481792400,15918712,-1.459300,1
2024-12-26,105.3480735600,100.6575452400,29625879,4.659900,1
2024-12-27,105.0400092000,105.3480735600,23228233,-0.292400,1
2024-12-30,107.3256480000,105.0400092000,28297963,2.176000,1
2024-12-31,103.7580639600,107.3256480000,19274958,-3.324100,1
