date,raw,qfq,hfq
2018-01-02,27.43,17.38123894,416.92664637
2018-01-03,27.55,17.4572779,418.75060545
2018-01-04,28.13,17.82479954,427.56640767
2018-01-05,27.99,17.73608742,425.43845541
2018-01-08,27.6,17.4889608,419.5105884
2018-01-09,27.33,17.31787314,415.40668047
2018-01-10,28.56,18.09727248,434.10226104
2018-01-11,27.94,17.70440452,424.67847246
2018-01-12,28.17,17.85014586,428.17439403
2018-01-15,29.23,18.52182334,444.28603257
2018-01-16,29.66,18.79429628,450.82188594
2018-01-17,28.86,18.28736988,438.66215874
2018-01-18,29.27,18.54716966,444.89401893
2018-01-19,28.73,18.20499434,436.68620307
2018-01-22,29.62,18.76894996,450.21389958
2018-01-23,29.46,18.66756468,447.78195414
2018-01-24,28.58,18.10994564,434.40625422
2018-01-25,28.08,17.79311664,426.80642472
2018-01-26,28.4,17.9958872,431.6703156
2018-01-29,27.49,17.41925842,417.83862591
2018-01-30,27.49,17.41925842,417.83862591
2018-01-31,27.89,17.67272162,423.91848951
2018-02-01,27.85,17.6473753,423.31050315
2018-02-02,28.59,18.11628222,434.55825081
2018-02-05,27.9,17.6790582,424.0704861
2018-02-06,27.0,17.108766,410.390793
2018-02-07,25.82,16.36104956,392.45519538
2018-02-08,25.15,15.9364987,382.27142385
2018-02-09,25.14,15.93016212,382.11942726
2018-02-12,26.55,16.8236199,403.55094645
2018-02-13,26.84,17.00738072,407.95884756
2018-02-14,26.8,16.9820344,407.3508612
2018-02-22,27.54,17.45094132,418.59860886
2018-02-23,27.39,17.35589262,416.31866001
2018-02-26,27.81,17.62202898,422.70251679
2018-02-27,27.04,17.13411232,410.99877936
2018-02-28,27.11,17.17846838,412.06275549
2018-03-01,27.47,17.40658526,417.53463273
2018-03-02,27.74,17.57767292,421.63854066
2018-03-05,27.31,17.30519998,415.10268729
2018-03-06,27.95,17.7107411,424.83046905
2018-03-07,27.48,17.41292184,417.68662932
2018-03-08,28.08,17.79311664,426.80642472
2018-03-09,28.5,18.059253,433.1902815
2018-03-12,28.5,18.059253,433.1902815
2018-03-13,28.02,17.75509716,425.89444518
2018-03-14,28.61,18.12895538,434.86224399
2018-03-15,28.52,18.07192616,433.49427468
2018-03-16,28.0,17.742424,425.590452
2018-03-19,27.9,17.6790582,424.0704861
2018-03-20,28.05,17.7741069,426.35043495
2018-03-21,27.82,17.62836556,422.85451338
2018-03-22,26.94,17.07074652,409.47881346
2018-03-23,26.74,16.94401492,406.43888166
2018-03-26,25.32,16.04422056,384.85536588
2018-03-27,25.32,16.04422056,384.85536588
2018-03-28,24.79,15.70838182,376.79954661
2018-03-29,25.48,16.14560584,387.28731132
2018-03-30,25.6,16.2216448,389.1112704
2018-04-02,24.8,15.7147184,376.9515432
2018-04-03,24.53,15.54363074,372.84763527
2018-04-04,25.6,16.2216448,389.1112704
2018-04-09,25.38,16.08224004,385.76734542
2018-04-10,25.82,16.36104956,392.45519538
2018-04-11,26.14,16.56382012,397.31908626
2018-04-12,25.9,16.4117422,393.6711681
2018-04-13,25.34,16.05689372,385.15935906
2018-04-16,25.73,16.30402034,391.08722607
2018-04-17,25.21,15.97451818,383.18340339
2018-04-18,25.03,15.86045974,380.44746477
2018-04-19,25.86,16.38639588,393.06318174
2018-04-20,25.88,16.39906904,393.36717492
2018-04-23,25.67,16.26600086,390.17524653
2018-04-24,26.06,16.51312748,396.10311354
2018-04-25,26.4,16.7285712,401.2709976
2018-04-26,26.35,16.6968883,400.51101465
2018-04-27,25.01,16.53818763,396.70416822
2018-05-02,24.76,16.37287188,392.73871272
2018-05-03,24.55,16.23400665,389.4077301
2018-05-04,24.21,16.00917723,384.01471062
2018-05-07,24.93,16.48528659,395.43522246
2018-05-08,25.5,16.8622065,404.476461
2018-05-09,25.6,16.9283328,406.0626432
2018-05-10,26.25,17.35815375,416.3728275
2018-05-11,26.15,17.29202745,414.7866453
2018-05-14,26.9,17.7879747,426.6830118
2018-05-15,26.92,17.80119996,427.00024824
2018-05-16,26.97,17.83426311,427.79333934
2018-05-17,26.58,17.57637054,421.60722876
2018-05-18,27.33,18.07231779,433.50359526
2018-05-21,27.08,17.90700204,429.53813976
2018-05-22,27.0,17.854101,428.269194
2018-05-23,26.42,17.47056846,419.06933724
2018-05-24,26.0,17.192838,412.407372
2018-05-25,26.4,17.4573432,418.7521008
2018-05-28,27.5,18.1847325,436.200105
2018-05-29,27.64,18.27730932,438.42076008
2018-05-30,28.25,18.68067975,448.0964715
2018-05-31,29.3,19.3750059,464.7513846
2018-06-01,28.65,18.94518495,454.4412003
2018-06-04,29.39,19.43451957,466.17894858
2018-06-05,29.2,19.3088796,463.1652024
2018-06-06,28.85,19.07743755,457.6135647
2018-06-07,28.56,18.88567128,453.01363632
2018-06-08,28.7,18.9782481,455.2342914
2018-06-11,28.05,18.54842715,444.9241071
2018-06-12,29.29,19.36839327,464.59276638
2018-06-13,27.89,18.44262507,442.38621558
2018-06-14,27.77,18.36327351,440.48279694
2018-06-15,27.27,18.03264201,432.55188594
2018-06-19,26.09,17.25235167,413.83493598
2018-06-20,26.61,17.59620843,422.08308342
2018-06-21,26.72,17.66894736,423.82788384
2018-06-22,27.18,17.97312834,431.12432196
2018-06-25,26.92,17.80119996,427.00024824
2018-06-26,26.9,17.7879747,426.6830118
2018-06-27,25.7,16.9944591,407.6488254
2018-06-28,25.37,16.77624231,402.41442414
2018-06-29,26.41,17.46395583,418.91071902
2018-07-02,25.15,16.63076445,398.9248233
2018-07-03,25.6,16.9283328,406.0626432
2018-07-04,24.95,16.49851185,395.7524589
2018-07-05,24.96,16.50512448,395.91107712
2018-07-06,24.7,16.3331961,391.7870034
2018-07-09,25.66,16.96800858,407.01435252
2018-07-10,25.57,16.90849491,405.58678854
2018-07-11,25.5,16.8622065,404.476461
2018-07-12,26.08,17.24573904,413.67631776
2018-07-13,26.78,17.70862314,424.77959316
2018-07-16,26.74,17.68217262,424.14512028
2018-07-17,26.89,17.78136207,426.52439358
2018-07-18,27.12,17.93345256,430.17261264
2018-07-19,26.65,17.62265895,422.7175563
2018-07-20,27.03,17.87393889,428.74504866
2018-07-23,26.14,17.28541482,414.62802708
2018-07-24,26.39,17.45073057,418.59348258
2018-07-25,26.48,17.51024424,420.02104656
2018-07-26,25.81,17.06719803,409.39362582
2018-07-27,26.4,17.4573432,418.7521008
2018-07-30,25.72,17.00768436,407.96606184
2018-07-31,25.23,16.68366549,400.19376906
2018-08-01,25.66,16.96800858,407.01435252
2018-08-02,26.0,17.192838,412.407372
2018-08-03,24.13,15.95627619,382.74576486
2018-08-06,22.99,15.20243637,364.66328778
2018-08-07,23.62,15.61903206,374.65623564
2018-08-08,23.31,15.41404053,369.73907082
2018-08-09,23.9,15.8041857,379.0975458
2018-08-10,24.18,15.98933934,383.53885596
2018-08-13,24.0,15.870312,380.683728
2018-08-14,24.01,15.87692463,380.84234622
2018-08-15,24.9,16.4654487,394.9593678
2018-08-16,22.41,14.81890383,355.46343102
2018-08-17,22.56,14.91809328,357.84270432
2018-08-20,22.4,14.8122912,355.3048128
2018-08-21,22.64,14.97099432,359.11165008
2018-08-22,22.86,15.11647218,362.60125092
2018-08-23,23.06,15.24872478,365.77361532
2018-08-24,22.72,15.02389536,360.38059584
2018-08-27,23.95,15.83724885,379.8906369
2018-08-28,24.26,16.04224038,384.80780172
2018-08-29,23.92,15.81741096,379.41478224
2018-08-30,23.62,15.61903206,374.65623564
2018-08-31,23.3,15.4074279,369.5804526
2018-09-03,23.38,15.46032894,370.84939836
2018-09-04,23.71,15.67854573,376.08379962
2018-09-05,23.98,15.85708674,380.36649156
2018-09-06,23.49,15.53306787,372.59419878
2018-09-07,24.0,15.870312,380.683728
2018-09-10,23.92,15.81741096,379.41478224
2018-09-11,23.93,15.82402359,379.57340046
2018-09-12,23.6,15.6058068,374.3389992
2018-09-13,23.8,15.7380594,377.5113636
2018-09-14,24.15,15.96950145,383.0630013
2018-09-17,23.78,15.72483414,377.19412716
2018-09-18,23.97,15.85047411,380.20787334
2018-09-19,24.28,16.05546564,385.12503816
2018-09-20,25.0,16.531575,396.54555
2018-09-21,26.06,17.23251378,413.35908132
2018-09-25,25.87,17.10687381,410.34533514
2018-09-26,26.11,17.26557693,414.15217242
2018-09-27,25.7,16.9944591,407.6488254
2018-09-28,26.15,17.29202745,414.7866453
2018-10-08,25.09,16.59108867,397.97311398
2018-10-09,25.09,16.59108867,397.97311398
2018-10-10,25.35,16.76301705,402.0971877
2018-10-11,24.61,16.27368243,390.35943942
2018-10-12,24.98,16.51834974,396.22831356
2018-10-15,23.24,15.36775212,368.62874328
2018-10-16,23.26,15.38097738,368.94597972
2018-10-17,23.29,15.40081527,369.42183438
2018-10-18,23.29,15.40081527,369.42183438
2018-10-19,23.86,15.77773518,378.46307292
2018-10-22,24.79,16.39270977,393.21456738
2018-10-23,23.78,15.72483414,377.19412716
2018-10-24,22.99,15.20243637,364.66328778
2018-10-25,23.06,15.24872478,365.77361532
2018-10-26,22.62,14.95776906,358.79441364
2018-10-29,21.48,14.20392924,340.71193656
2018-10-30,21.89,14.47504707,347.21528358
2018-10-31,22.54,14.90486802,357.52546788
2018-11-01,21.7,14.3494071,344.2015374
2018-11-02,22.85,15.10985955,362.4426327
2018-11-05,22.54,14.90486802,357.52546788
2018-11-06,22.47,14.85857961,356.41514034
2018-11-07,22.73,15.03050799,360.53921406
2018-11-08,23.15,15.30823845,367.2011793
2018-11-09,23.31,15.41404053,369.73907082
2018-11-12,23.31,15.41404053,369.73907082
2018-11-13,23.55,15.57274365,373.5459081
2018-11-14,23.56,15.57935628,373.70452632
2018-11-15,23.72,15.68515836,376.24241784
2018-11-16,23.86,15.77773518,378.46307292
2018-11-19,23.6,15.6058068,374.3389992
2018-11-20,23.03,15.22888689,365.29776066
2018-11-21,23.35,15.44049105,370.3735437
2018-11-22,23.12,15.28840056,366.72532464
2018-11-23,22.75,15.04373325,360.8564505
2018-11-26,22.05,14.58084915,349.7531751
2018-11-27,22.4,14.8122912,355.3048128
2018-11-28,22.55,14.91148065,357.6840861
2018-11-29,22.24,14.70648912,352.76692128
2018-11-30,22.9,15.1429227,363.2357238
2018-12-03,24.05,15.90337515,381.4768191
2018-12-04,23.97,15.85047411,380.20787334
2018-12-05,24.01,15.87692463,380.84234622
2018-12-06,23.49,15.53306787,372.59419878
2018-12-07,22.59,15.53306472,372.59415135
2018-12-10,22.55,15.5055604,371.93440075
2018-12-11,22.38,15.38866704,369.1304607
2018-12-12,22.85,15.7118428,376.88253025
2018-12-13,23.17,15.93187736,382.16053505
2018-12-14,22.5,15.47118,371.1097125
2018-12-17,22.6,15.5399408,372.759089
2018-12-18,22.84,15.70496672,376.7175926
2018-12-19,22.98,15.80123184,379.0267197
2018-12-20,23.32,16.03501856,384.6345998
2018-12-21,23.55,16.1931684,388.42816575
2018-12-24,23.8,16.3650704,392.551607
2018-12-25,23.6,16.2275488,389.252854
2018-12-26,23.75,16.33069,391.72691875
2018-12-27,23.89,16.42695512,394.03604585
2018-12-28,23.59,16.22067272,389.08791635
2019-01-02,24.0,16.502592,395.85036
2019-01-03,23.27,16.00063816,383.80991155
2019-01-04,24.02,16.51634416,396.1802353
2019-01-07,24.95,17.1558196,411.51943675
2019-01-08,24.79,17.04580232,408.88043435
2019-01-09,24.76,17.02517408,408.3856214
2019-01-10,24.74,17.01142192,408.0557461
2019-01-11,24.7,16.9839176,407.3959955
2019-01-14,24.46,16.81889168,403.4374919
2019-01-15,24.96,17.16269568,411.6843744
2019-01-16,25.06,17.23145648,413.3337509
2019-01-17,24.5,16.846396,404.0972425
2019-01-18,24.5,16.846396,404.0972425
2019-01-21,24.5,16.846396,404.0972425
2019-01-22,24.5,16.846396,404.0972425
2019-01-23,24.5,16.846396,404.0972425
2019-01-24,24.5,16.846396,404.0972425
2019-01-25,24.5,16.846396,404.0972425
2019-01-28,24.14,16.59885712,398.1594871
2019-01-29,24.66,16.95641328,406.7362449
2019-01-30,24.38,16.76388304,402.1179907
2019-01-31,25.0,17.1902,412.344125
2019-02-01,25.11,17.26583688,414.15843915
2019-02-11,25.63,17.62339304,422.73519695
2019-02-12,25.33,17.41711064,417.78706745
2019-02-13,25.4,17.4652432,418.941631
2019-02-14,25.77,17.71965816,425.04432405
2019-02-15,25.16,17.30021728,414.9831274
2019-02-18,25.54,17.56150832,421.2507581
2019-02-19,24.89,17.11456312,410.52981085
2019-02-20,24.75,17.018298,408.22068375
2019-02-21,24.56,16.88765248,405.0868684
2019-02-22,24.12,16.58510496,397.8296118
2019-02-25,24.77,17.03205016,408.55055905
2019-02-26,24.08,16.55760064,397.1698612
2019-02-27,23.94,16.46133552,394.8607341
2019-02-28,24.15,16.6057332,398.32442475
2019-03-01,24.29,16.70199832,400.63355185
2019-03-04,25.07,17.23833256,413.49868855
2019-03-05,24.94,17.14894352,411.3544991
2019-03-06,24.62,16.92890896,406.0764943
2019-03-07,24.2,16.6401136,399.149113
2019-03-08,23.81,16.37194648,392.71654465
2019-03-11,24.25,16.674494,399.97380125
2019-03-12,25.97,17.85717976,428.34307705
2019-03-13,25.24,17.35522592,416.3026286
2019-03-14,25.16,17.30021728,414.9831274
2019-03-15,25.32,17.41023456,417.6221298
2019-03-18,25.81,17.74716248,425.70407465
2019-03-19,25.58,17.58901264,421.9105087
2019-03-20,26.39,18.14597512,435.27045835
2019-03-21,26.31,18.09096648,433.95095715
2019-03-22,25.78,17.72653424,425.2092617
2019-03-25,24.9,17.1214392,410.6947485
2019-03-26,24.8,17.0526784,409.045372
2019-03-27,25.3,17.3964824,417.2922545
2019-03-28,25.12,17.27271296,414.3233768
2019-03-29,25.85,17.7746668,426.36382525
2019-04-01,26.31,18.09096648,433.95095715
2019-04-02,25.88,17.79529504,426.8586382
2019-04-03,25.8,17.7402864,425.539137
2019-04-04,26.04,17.90531232,429.4976406
2019-04-08,26.71,18.36600968,440.54846315
2019-04-09,27.48,18.89546784,453.2486622
2019-04-10,27.53,18.92984824,454.07335045
2019-04-11,26.38,18.13909904,435.1055207
2019-04-12,26.69,18.35225752,440.21858785
2019-04-15,26.54,18.24911632,437.7445231
2019-04-16,27.04,18.59292032,445.9914056
2019-04-17,27.38,18.82670704,451.5992857
2019-04-18,27.2,18.7029376,448.630408
2019-04-19,26.75,18.393514,441.20821375
2019-04-22,25.78,18.09864276,434.13543202
2019-04-23,26.95,18.9200319,453.83824255
2019-04-24,26.85,18.8498277,452.15424165
2019-04-25,26.76,18.78664392,450.63864084
2019-04-26,25.9,18.1828878,436.1562331
2019-04-29,26.3,18.4637046,442.8922367
2019-04-30,27.83,19.53782886,468.65745047
2019-05-06,26.3,18.4637046,442.8922367
2019-05-07,27.75,19.4816655,467.31024975
2019-05-08,26.04,18.28117368,438.51383436
2019-05-09,24.82,17.42468244,417.96902338
2019-05-10,25.36,17.80378512,427.06262824
2019-05-13,25.21,17.69847882,424.53662689
2019-05-14,25.24,17.71954008,425.04182716
2019-05-15,26.14,18.35137788,440.19783526
2019-05-16,26.0,18.253092,437.840234
2019-05-17,25.14,17.64933588,423.35782626
2019-05-20,24.88,17.46680496,418.97942392
2019-05-21,25.18,17.67741756,424.03142662
2019-05-22,25.15,17.6563563,423.52622635
2019-05-23,24.65,17.3053353,415.10622185
2019-05-24,24.81,17.41766202,417.80062329
2019-05-27,25.25,17.7265605,425.21022725
2019-05-28,25.68,18.02843856,432.45143112
2019-05-29,25.25,17.7265605,425.21022725
2019-05-30,25.16,17.66337672,423.69462644
2019-05-31,25.07,17.60019294,422.17902563
2019-06-03,24.74,17.36851908,416.62182266
2019-06-04,24.08,16.90517136,405.50741672
2019-06-05,24.05,16.8841101,405.00221645
2019-06-06,24.09,16.91219178,405.67581681
2019-06-10,24.35,17.0947227,410.05421915
2019-06-11,24.83,17.43170286,418.13742347
2019-06-12,24.45,17.1649269,411.73822005
2019-06-13,24.13,16.94027346,406.34941717
2019-06-14,24.07,16.89815094,405.33901663
2019-06-17,24.19,16.98239598,407.35981771
2019-06-18,24.33,17.08068186,409.71741897
2019-06-19,24.4,17.1298248,410.8962196
2019-06-20,24.82,17.42468244,417.96902338
2019-06-21,24.82,17.42468244,417.96902338
2019-06-24,24.81,17.41766202,417.80062329
2019-06-25,24.72,17.35447824,416.28502248
2019-06-26,25.0,17.55105,421.000225
2019-06-27,25.06,17.59317252,422.01062554
2019-06-28,24.89,17.47382538,419.14782401
2019-07-01,25.94,18.21096948,436.82983346
2019-07-02,26.24,18.42158208,441.88183616
2019-07-03,26.21,18.40052082,441.37663589
2019-07-04,26.18,18.37945956,440.87143562
2019-07-05,25.95,18.2179899,436.99823355
2019-07-08,25.23,17.71251966,424.87342707
2019-07-09,24.95,17.5159479,420.15822455
2019-07-10,24.72,17.35447824,416.28502248
2019-07-11,24.72,17.35447824,416.28502248
2019-07-12,24.9,17.4808458,419.3162241
2019-07-15,24.69,17.33341698,415.77982221
2019-07-16,24.57,17.24917194,413.75902113
2019-07-17,24.66,17.31235572,415.27462194
2019-07-18,24.17,16.96835514,407.02301753
2019-07-19,24.22,17.00345724,407.86501798
2019-07-22,24.36,17.10174312,410.22261924
2019-07-23,24.65,17.3053353,415.10622185
2019-07-24,24.74,17.36851908,416.62182266
2019-07-25,24.5,17.200029,412.5802205
2019-07-26,24.42,17.14386564,411.23301978
2019-07-29,24.33,17.08068186,409.71741897
2019-07-30,24.39,17.12280438,410.72781951
2019-07-31,24.01,16.85602842,404.32861609
2019-08-01,23.96,16.82092632,403.48661564
2019-08-02,23.62,16.58223204,397.76101258
2019-08-05,22.71,15.94337382,382.43660439
2019-08-06,22.1,15.5151282,372.1641989
2019-08-07,21.57,15.14304594,363.23899413
2019-08-08,22.09,15.50810778,371.99579881
2019-08-09,21.85,15.3396177,367.95419665
2019-08-12,21.87,15.35365854,368.29099683
2019-08-13,21.87,15.35365854,368.29099683
2019-08-14,21.87,15.35365854,368.29099683
2019-08-15,21.87,15.35365854,368.29099683
2019-08-16,21.87,15.35365854,368.29099683
2019-08-19,21.87,15.35365854,368.29099683
2019-08-20,21.87,15.35365854,368.29099683
2019-08-21,21.87,15.35365854,368.29099683
2019-08-22,21.87,15.35365854,368.29099683
2019-08-23,21.87,15.35365854,368.29099683
2019-08-26,22.55,15.8310471,379.74220295
2019-08-27,22.55,15.8310471,379.74220295
2019-08-28,22.4,15.7257408,377.2162016
2019-08-29,22.39,15.71872038,377.04780151
2019-08-30,22.36,15.69765912,376.54260124
2019-09-02,22.35,15.6906387,376.37420115
2019-09-03,22.19,15.57831198,373.67979971
2019-09-04,21.93,15.39578106,369.30139737
2019-09-05,22.75,15.9714555,383.11020475
2019-09-06,23.46,16.46990532,395.06661114
2019-09-09,23.65,16.6032933,398.26621285
2019-09-10,23.82,16.72264044,401.12901438
2019-09-11,23.47,16.47692574,395.23501123
2019-09-12,23.58,16.55415036,397.08741222
2019-09-16,24.96,17.52296832,420.32662464
2019-09-17,24.38,17.11578396,410.55941942
2019-09-18,24.43,17.15088606,411.40141987
2019-09-19,24.63,17.29129446,414.76942167
2019-09-20,24.5,17.200029,412.5802205
2019-09-23,24.1,16.9192122,405.8442169
2019-09-24,24.12,16.93325304,406.18101708
2019-09-25,24.0,16.849008,404.160216
2019-09-26,23.79,16.70157918,400.62381411
2019-09-27,24.07,16.89815094,405.33901663
2019-09-30,24.7,17.3404374,415.9482223
2019-10-08,24.38,17.11578396,410.55941942
2019-10-09,24.0,16.849008,404.160216
2019-10-10,24.4,17.1298248,410.8962196
2019-10-11,24.33,17.08068186,409.71741897
2019-10-14,25.01,17.55807042,421.16862509
2019-10-15,25.28,17.74762176,425.71542752
2019-10-16,25.2,17.6914584,424.3682268
2019-10-17,26.06,18.29521452,438.85063454
2019-10-18,26.08,18.30925536,439.18743472
2019-10-21,26.29,18.45668418,442.72383661
2019-10-22,27.01,18.96215442,454.84864309
2019-10-23,26.51,18.61113342,446.42863859
2019-10-24,26.19,18.38647998,441.03983571
2019-10-25,26.21,18.40052082,441.37663589
2019-10-28,26.2,18.3935004,441.2082358
2019-10-29,28.82,20.23285044,485.32905938
2019-10-30,29.98,21.04721916,504.86346982
2019-10-31,29.85,20.9559537,502.67426865
2019-11-01,30.37,21.32101554,511.43107333
2019-11-04,30.09,21.12444378,506.71587081
2019-11-05,32.5,22.816365,547.3002925
2019-11-06,31.94,22.42322148,537.86988746
2019-11-07,31.82,22.33897644,535.84908638
2019-11-08,33.47,23.49734574,563.63510123
2019-11-11,32.7,22.9567734,550.6682943
2019-11-12,32.8,23.0269776,552.3522952
2019-11-13,33.28,23.36395776,560.43549952
2019-11-14,31.7,22.2547314,533.8282853
2019-11-15,31.59,22.17750678,531.97588431
2019-11-18,32.23,22.62681366,542.75349007
2019-11-19,32.11,22.54256862,540.73268899
2019-11-20,32.07,22.51448694,540.05908863
2019-11-21,31.49,22.10730258,530.29188341
2019-11-22,31.16,21.87562872,524.73468044
2019-11-25,31.2,21.9037104,525.4082808
2019-11-26,32.13,22.55660946,541.06948917
2019-11-27,30.83,21.64395486,519.17747747
2019-11-28,31.04,21.79138368,522.71387936
2019-11-29,30.99,21.75628158,521.87187891
2019-12-02,30.65,21.5175873,516.14627585
2019-12-03,30.86,21.66501612,519.68267774
2019-12-04,29.01,20.36623842,488.52866109
2019-12-05,29.06,20.40134052,489.37066154
2019-12-06,29.73,20.87170866,500.65346757
2019-12-09,29.1,20.4294222,490.0442619
2019-12-10,29.03,20.38027926,488.86546127
2019-12-11,28.85,20.2539117,485.83425965
2019-12-12,28.77,20.19774834,484.48705893
2019-12-13,29.09,20.42240178,489.87586181
2019-12-16,29.49,20.70321858,496.61186541
2019-12-17,29.79,20.91383118,501.66386811
2019-12-18,29.15,20.4645243,490.88626235
2019-12-19,29.23,20.52068766,492.23346307
2019-12-20,29.91,20.99807622,503.68466919
2019-12-23,29.08,20.41538136,489.70746172
2019-12-24,29.0,20.359218,488.360261
2019-12-25,28.39,19.93097238,478.08785551
2019-12-26,28.45,19.9730949,479.09825605
2019-12-27,28.7,20.1486054,483.3082583
2019-12-30,28.96,20.33113632,487.68666064
2019-12-31,29.03,20.38027926,488.86546127
2020-01-02,30.27,21.25081134,509.74707243
2020-01-03,29.9,20.9910558,503.5162691
2020-01-06,29.5,20.710239,496.7802655
2020-01-07,30.58,21.46844436,514.96747522
2020-01-08,30.24,21.22975008,509.24187216
2020-01-09,31.41,22.05113922,528.94468269
2020-01-10,31.44,22.07220048,529.44988296
2020-01-13,31.2,21.9037104,525.4082808
2020-01-14,31.2,21.9037104,525.4082808
2020-01-15,31.67,22.23367014,533.32308503
2020-01-16,30.76,21.59481192,517.99867684
2020-01-17,30.55,21.4473831,514.46227495
2020-01-20,30.31,21.27889302,510.42067279
2020-01-21,30.45,21.3771789,512.77827405
2020-01-22,30.55,21.4473831,514.46227495
2020-01-23,29.26,20.54174892,492.73866334
2020-02-03,28.84,20.24689128,485.66585956
2020-02-04,29.3,20.5698306,493.4122637
2020-02-05,28.99,20.35219758,488.19186091
2020-02-06,30.8,21.6228936,518.6722772
2020-02-07,32.78,23.01293676,552.01549502
2020-02-10,33.03,23.18844726,556.22549727
2020-02-11,32.44,22.77424248,546.28989196
2020-02-12,32.5,22.816365,547.3002925
2020-02-13,32.38,22.73211996,545.27949142
2020-02-14,33.29,23.37097818,560.60389961
2020-02-17,34.06,23.91155052,573.57070654
2020-02-18,33.57,23.56754994,565.31910213
2020-02-19,35.9,25.2033078,604.5563231
2020-02-20,35.5,24.922491,597.8203195
2020-02-21,35.09,24.63465378,590.91591581
2020-02-24,34.79,24.42404118,585.86391311
2020-02-25,35.12,24.65571504,591.42111608
2020-02-26,34.52,24.23448984,581.31711068
2020-02-27,34.65,24.3257553,583.50631185
2020-02-28,34.0,23.869428,572.560306
2020-03-02,34.03,23.89048926,573.06550627
2020-03-03,34.11,23.94665262,574.41270699
2020-03-04,36.1,25.3437162,607.9243249
2020-03-05,37.49,26.31955458,631.33193741
2020-03-06,37.08,26.03171736,624.42753372
2020-03-09,36.29,25.47710418,611.12392661
2020-03-10,36.89,25.89832938,621.22793201
2020-03-11,36.65,25.7298393,617.18632985
2020-03-12,35.68,25.04885856,600.85152112
2020-03-13,35.01,24.57849042,589.56871509
2020-03-16,34.6,24.2906532,582.6643114
2020-03-17,34.38,24.13620396,578.95950942
2020-03-18,34.52,24.23448984,581.31711068
2020-03-19,34.0,23.869428,572.560306
2020-03-20,34.8,24.4310616,586.0323132
2020-03-23,34.5,24.220449,580.9803105
2020-03-24,36.69,25.75792098,617.85993021
2020-03-25,35.98,25.25947116,605.90352382
2020-03-26,35.21,24.71889882,592.93671689
2020-03-27,37.5,26.326575,631.5003375
2020-03-30,37.98,26.66355516,639.58354182
2020-03-31,39.3,27.5902506,661.8123537
2020-04-01,38.91,27.31645422,655.24475019
2020-04-02,39.4,27.6604548,663.4963546
2020-04-03,39.87,27.99041454,671.41115883
2020-04-07,40.99,28.77670158,690.27196891
2020-04-08,40.9,28.7135178,688.7563681
2020-04-09,41.25,28.9592325,694.65037125
2020-04-10,40.09,28.14486378,675.11596081
2020-04-13,40.02,28.09572084,673.93716018
2020-04-14,40.4,28.3624968,680.3363636
2020-04-15,40.1,28.1518842,675.2843609
2020-04-16,40.22,28.23612924,677.30516198
2020-04-17,39.9,28.0114758,671.9163591
2020-04-20,40.25,28.2571905,677.81036225
2020-04-21,40.57,28.48184394,683.19916513
2020-04-22,42.2,29.6261724,710.6483798
2020-04-23,41.56,29.17686552,699.87077404
2020-04-24,41.88,29.40151896,705.25957692
2020-04-27,43.28,30.38437776,728.83558952
2020-04-28,44.02,30.90388884,741.29719618
2020-04-29,41.18,28.91008956,693.47157062
2020-04-30,40.41,28.36951722,680.50476369
2020-05-06,41.49,29.12772258,698.69197341
2020-05-07,42.19,29.61915198,710.47997971
2020-05-08,42.83,30.06845886,721.25758547
2020-05-11,41.58,29.19090636,700.20757422
2020-05-12,42.33,29.71743786,712.83758097
2020-05-13,43.68,30.66519456,735.57159312
2020-05-14,42.58,29.89294836,717.04758322
2020-05-15,41.87,29.39449854,705.09117683
2020-05-18,40.45,28.3975989,681.17836405
2020-05-19,40.49,28.42568058,681.85196441
2020-05-20,40.6,28.5029052,683.7043654
2020-05-21,39.92,28.02551664,672.25315928
2020-05-22,39.18,27.50600556,659.79155262
2020-05-25,40.85,28.6784157,687.91436765
2020-05-26,41.88,29.40151896,705.25957692
2020-05-27,40.15,28.1869863,676.12636135
2020-05-28,40.2,28.2220884,676.9683618
2020-05-29,39.56,27.77278152,666.19075604
2020-06-01,39.8,27.9412716,670.2323582
2020-06-02,39.3,27.5902506,661.8123537
2020-06-03,39.03,27.40069926,657.26555127
2020-06-04,39.9,28.0114758,671.9163591
2020-06-05,39.4,27.6604548,663.4963546
2020-06-08,39.11,27.45686262,658.61275199
2020-06-09,39.89,28.00445538,671.74795901
2020-06-10,39.58,28.50132052,683.6663295
2020-06-11,39.07,28.13407258,674.85708675
2020-06-12,39.85,28.6957459,688.33004625
2020-06-15,40.78,29.36543332,704.3939595
2020-06-16,40.88,29.43744272,706.121262
2020-06-17,40.92,29.46624648,706.812183
2020-06-18,41.69,30.02071886,720.11241225
2020-06-19,42.55,30.6399997,734.96721375
2020-06-22,41.84,30.12873296,722.703366
2020-06-23,42.15,30.3519621,728.05800375
2020-06-24,43.83,31.56172002,757.07668575
2020-06-29,46.06,33.16752964,795.5955315
2020-06-30,46.09,33.18913246,796.11372225
2020-07-01,47.55,34.2404697,821.33233875
2020-07-02,47.01,33.85161894,812.00490525
2020-07-03,46.16,33.23953904,797.322834
2020-07-06,47.03,33.86602082,812.35036575
2020-07-07,47.28,34.04604432,816.668622
2020-07-08,47.22,34.00283868,815.6322405
2020-07-09,48.0,34.564512,829.1052
2020-07-10,49.16,35.39982104,849.141909
2020-07-13,49.6,35.7166624,856.74204
2020-07-14,49.0,35.284606,846.378225
2020-07-15,52.57,37.85534158,908.04292425
2020-07-16,50.7,36.5087658,875.7423675
2020-07-17,54.52,39.25952488,941.725323
2020-07-20,55.84,40.21004896,964.525716
2020-07-21,55.81,40.18844614,964.00752525
2020-07-22,56.2,40.4692828,970.744005
2020-07-23,54.26,39.07230044,937.2343365
2020-07-24,51.3,36.9408222,886.1061825
2020-07-27,52.1,37.5168974,899.9246025
2020-07-28,54.32,39.11550608,938.270718
2020-07-29,54.46,39.21631924,940.6889415
2020-07-30,54.64,39.34593616,943.798086
2020-07-31,54.63,39.33873522,943.62535575
2020-08-03,54.11,38.96428634,934.64338275
2020-08-04,54.45,39.2091183,940.51621125
2020-08-05,54.8,39.4611512,946.56177
2020-08-06,53.73,38.69065062,928.07963325
2020-08-07,53.17,38.28739798,918.40673925
2020-08-10,55.81,40.18844614,964.00752525
2020-08-11,57.25,41.2253815,988.88068125
2020-08-12,52.08,37.50249552,899.579142
2020-08-13,51.09,36.78960246,882.47884725
2020-08-14,51.9,37.3728786,896.4699975
2020-08-17,52.2,37.5889068,901.651905
2020-08-18,54.34,39.12990796,938.6161785
2020-08-19,57.96,41.73664824,1001.144529
2020-08-20,57.3,41.2613862,989.7443325
2020-08-21,59.3,42.7015742,1024.2903825
2020-08-24,58.63,42.21911122,1012.71745575
2020-08-25,58.01,41.77265294,1002.00818025
2020-08-26,58.18,41.89506892,1004.9445945
2020-08-27,59.42,42.78798548,1026.3631455
2020-08-28,65.17,46.92852598,1125.68303925
2020-08-31,63.5,45.725969,1096.8370875
2020-09-01,62.34,44.89065996,1076.8003785
2020-09-02,61.82,44.51621108,1067.8184055
2020-09-03,59.85,43.0976259,1033.79054625
2020-09-04,59.14,42.58635916,1021.5266985
2020-09-07,56.13,40.41887622,969.53489325
2020-09-08,56.38,40.59889972,973.8531495
2020-09-09,54.3,39.1011042,937.9252575
2020-09-10,53.96,38.85627224,932.052429
2020-09-11,53.1,38.2369914,917.1976275
2020-09-14,51.53,37.10644382,890.07897825
2020-09-15,52.19,37.58170586,901.47917475
2020-09-16,52.72,37.96335568,910.633878
2020-09-17,51.19,36.86161186,884.20614975
2020-09-18,52.5,37.804935,906.8338125
2020-09-21,51.18,36.85441092,884.0334195
2020-09-22,50.98,36.71039212,880.5788145
2020-09-23,51.7,37.2288598,893.0153925
2020-09-24,51.1,36.7968034,882.6515775
2020-09-25,51.33,36.96242502,886.62437325
2020-09-28,50.94,36.68158836,879.8878935
2020-09-29,51.66,37.20005604,892.3244715
2020-09-30,52.93,38.11457542,914.26121325
2020-10-09,55.0,39.60517,950.016375
2020-10-12,55.45,39.9292123,957.78923625
2020-10-13,54.9,39.5331606,948.2890725
2020-10-14,54.19,39.02189386,936.02522475
2020-10-15,53.55,38.5610337,924.97048875
2020-10-16,53.5,38.525029,924.1068375
2020-10-19,50.23,36.17032162,867.62404575
2020-10-20,50.88,36.63838272,878.851512
2020-10-21,50.57,36.41515358,873.49687425
2020-10-22,49.91,35.93989154,862.09667775
2020-10-23,47.5,34.204465,820.4686875
2020-10-26,48.6,34.9965684,839.469015
2020-10-27,49.65,35.7526671,857.60569125
2020-10-28,49.79,35.85348026,860.02391475
2020-10-29,50.56,36.40795264,873.324144
2020-10-30,50.0,36.0047,863.65125
2020-11-02,49.05,35.3206107,847.24187625
2020-11-03,48.73,35.09018062,841.71450825
2020-11-04,49.91,35.93989154,862.09667775
2020-11-05,50.05,36.0407047,864.51490125
2020-11-06,49.24,35.45742856,850.523751
2020-11-09,50.0,36.0047,863.65125
2020-11-10,48.91,35.21979754,844.82365275
2020-11-11,48.81,35.14778814,843.09635025
2020-11-12,49.08,35.34221352,847.760067
2020-11-13,48.18,34.69412892,832.2143445
2020-11-16,49.4,35.5726436,853.287435
2020-11-17,50.89,36.64558366,879.02424225
2020-11-18,51.95,37.4088833,897.33364875
2020-11-19,51.77,37.27926638,894.22450425
2020-11-20,51.32,36.95522408,886.451643
2020-11-23,49.79,35.85348026,860.02391475
2020-11-24,50.09,36.06950846,865.20582225
2020-11-25,48.09,35.07751926,841.41048411
2020-11-26,47.69,34.78575366,834.41185251
2020-11-27,47.49,34.63987086,830.91253671
2020-11-30,46.12,33.64057368,806.94222348
2020-12-01,46.63,34.01257482,815.86547877
2020-12-02,47.29,34.49398806,827.41322091
2020-12-03,47.49,34.63987086,830.91253671
2020-12-04,48.08,35.07022512,841.23551832
2020-12-07,47.73,34.81493022,835.11171567
2020-12-08,48.4,35.3036376,846.8344236
2020-12-09,47.4,34.5742236,829.3378446
2020-12-10,46.7,34.0636338,817.0902393
2020-12-11,46.1,33.6259854,806.5922919
2020-12-14,48.62,35.46410868,850.68367098
2020-12-15,48.44,35.33281416,847.53428676
2020-12-16,49.1,35.8142274,859.0820289
2020-12-17,49.2,35.8871688,860.8316868
2020-12-18,47.7,34.7930478,834.5868183
2020-12-21,47.45,34.6106943,830.21267355
2020-12-22,46.69,34.05633966,816.91527351
2020-12-23,46.35,33.8083389,810.96643665
2020-12-24,45.55,33.2248077,796.96917345
2020-12-25,46.17,33.67704438,807.81705243
2020-12-28,45.96,33.52386744,804.14277084
2020-12-29,45.09,32.88927726,788.92074711
2020-12-30,46.25,33.7353975,809.21677875
2020-12-31,46.94,34.23869316,821.28941826
2021-01-04,48.01,35.01916614,840.01075779
2021-01-05,52.81,38.52035334,923.99433699
2021-01-06,52.73,38.46200022,922.59461067
2021-01-07,52.03,37.95141042,910.34700537
2021-01-08,51.8,37.7836452,906.3227922
2021-01-11,50.25,36.6530535,879.20309475
2021-01-12,51.11,37.28034954,894.25015269
2021-01-13,53.03,38.68082442,927.84358437
2021-01-14,53.49,39.01635486,935.89201071
2021-01-15,51.51,37.57211514,901.24878429
2021-01-18,49.92,36.41234688,873.42922368
2021-01-19,48.96,35.71210944,856.63250784
2021-01-20,48.38,35.28904932,846.48449202
2021-01-21,49.3,35.9601102,862.5813447
2021-01-22,48.81,35.60269734,854.00802099
2021-01-25,50.35,36.7259949,880.95275265
2021-01-26,48.94,35.69752116,856.28257626
2021-01-27,47.65,34.7565771,833.71198935
2021-01-28,46.66,34.03445724,816.39037614
2021-01-29,46.99,34.27516386,822.16424721
2021-02-01,47.23,34.45022322,826.36342617
2021-02-02,49.24,35.91634536,861.53154996
2021-02-03,48.33,35.25257862,845.60966307
2021-02-04,47.53,34.66904742,831.61239987
2021-02-05,47.18,34.41375252,825.48859722
2021-02-08,48.3,35.2306962,845.0847657
2021-02-09,50.29,36.68223006,879.90295791
2021-02-10,51.28,37.40434992,897.22457112
2021-02-18,48.51,35.38387314,848.75904729
2021-02-19,49.0,35.741286,857.332371
2021-02-22,47.9,34.9389306,838.0861341
2021-02-23,47.32,34.51587048,827.93811828
2021-02-24,47.9,34.9389306,838.0861341
2021-02-25,47.25,34.4648115,826.71335775
2021-02-26,46.04,33.58222056,805.54249716
2021-03-01,46.64,34.01986896,816.04044456
2021-03-02,46.05,33.5895147,805.71746295
2021-03-03,46.86,34.18034004,819.88969194
2021-03-04,45.59,33.25398426,797.66903661
2021-03-05,45.1,32.8965714,789.0957129
2021-03-08,43.55,31.7659797,761.97601545
2021-03-09,41.7,30.4165638,729.6073443
2021-03-10,40.88,29.81844432,715.26014952
2021-03-11,41.58,30.32903412,727.50775482
2021-03-12,41.17,30.02997438,720.33415743
2021-03-15,39.8,29.0306772,696.3638442
2021-03-16,40.67,29.66526738,711.58586793
2021-03-17,41.6,30.3436224,727.8576864
2021-03-18,41.09,29.97162126,718.93443111
2021-03-19,40.47,29.51938458,708.08655213
2021-03-22,40.81,29.76738534,714.03538899
2021-03-23,41.02,29.92056228,717.70967058
2021-03-24,41.01,29.91326814,717.53470479
2021-03-25,42.2,30.7812708,738.3556338
2021-03-26,42.53,31.02197742,744.12950487
2021-03-29,43.28,31.56903792,757.25193912
2021-03-30,43.88,32.00668632,767.74988652
2021-03-31,41.0,29.905974,717.359739
2021-04-01,40.93,29.85491502,716.13497847
2021-04-02,40.14,29.27867796,702.31268106
2021-04-06,40.3,29.3953842,705.1121337
2021-04-07,39.89,29.09632446,697.93853631
2021-04-08,39.47,28.78997058,690.58997313
2021-04-09,39.71,28.96502994,694.78915209
2021-04-12,38.92,28.38879288,680.96685468
2021-04-13,39.55,28.8483237,691.98969945
2021-04-14,40.28,29.38079592,704.76220212
2021-04-15,40.25,29.3589135,704.23730475
2021-04-16,39.6,28.8847944,692.8645284
2021-04-19,39.06,28.49091084,683.41637574
2021-04-20,39.03,28.46902842,682.89147837
2021-04-21,39.68,28.94314752,694.26425472
2021-04-22,39.78,29.01608892,696.01391262
2021-04-23,40.16,29.29326624,702.66261264
2021-04-26,39.32,28.68055848,687.96548628
2021-04-27,39.87,29.08173618,697.58860473
2021-04-28,37.34,27.23631876,653.32225986
2021-04-29,36.89,26.90808246,645.44879931
2021-04-30,36.64,26.72572896,641.07465456
2021-05-06,36.23,26.42666922,633.90105717
2021-05-07,35.79,26.10572706,626.20256241
2021-05-10,34.62,25.25231268,605.73156498
2021-05-11,35.42,25.83584388,619.72882818
2021-05-12,36.31,26.48502234,635.30078349
2021-05-13,36.56,26.66737584,639.67492824
2021-05-14,37.18,27.11961252,650.52280722
2021-05-17,37.25,27.1706715,651.74756775
2021-05-18,37.55,27.3894957,656.99654145
2021-05-19,37.99,27.71043786,664.69503621
2021-05-20,37.96,27.68855544,664.17013884
2021-05-21,35.32,26.95590612,646.59571684
2021-05-24,35.71,27.25355061,653.73536377
2021-05-25,36.5,27.8564715,668.1977255
2021-05-26,36.35,27.74199285,665.45170745
2021-05-27,36.04,27.50540364,659.77660348
2021-05-28,35.58,27.15433578,651.35548146
2021-05-31,35.22,26.87958702,644.76503814
2021-06-01,35.55,27.13144005,650.80627785
2021-06-02,35.12,26.80326792,642.93435944
2021-06-03,35.21,26.87195511,644.58197027
2021-06-04,35.15,26.82616365,643.48356305
2021-06-07,34.77,26.53615107,636.52698399
2021-06-08,34.35,26.21561085,628.83813345
2021-06-09,34.05,25.98665355,623.34609735
2021-06-10,33.85,25.83401535,619.68473995
2021-06-11,34.09,26.01718119,624.07836883
2021-06-15,33.62,25.65848142,615.47417894
2021-06-16,33.53,25.58979423,613.82656811
2021-06-17,33.01,25.19293491,604.30703887
2021-06-18,31.32,23.90314212,573.36856884
2021-06-21,30.84,23.53681044,564.58131108
2021-06-22,31.4,23.9641974,574.8331118
2021-06-23,31.74,24.22368234,581.05741938
2021-06-24,31.89,24.33816099,583.80343743
2021-06-25,32.3,24.6510693,591.3092201
2021-06-28,32.75,24.99450525,599.54727425
2021-06-29,32.22,24.59001402,589.84467714
2021-06-30,31.8,24.2694738,582.1558266
2021-07-01,32.45,24.76554795,594.05523815
2021-07-02,31.97,24.39921627,585.26798039
2021-07-05,31.12,23.75050392,569.70721144
2021-07-06,31.4,23.9641974,574.8331118
2021-07-07,30.95,23.62076145,566.59505765
2021-07-08,30.56,23.32311696,559.45541072
2021-07-09,30.31,23.13231921,554.87871397
2021-07-12,30.2,23.0483682,552.8649674
2021-07-13,30.66,23.39943606,561.28608942
2021-07-14,30.71,23.43759561,562.20142877
2021-07-15,30.39,23.19337449,556.34325693
2021-07-16,29.88,22.80414708,547.00679556
2021-07-19,28.56,21.79673496,522.84183672
2021-07-20,29.1,22.2088581,532.7275017
2021-07-21,28.01,21.37697991,512.77310387
2021-07-22,28.22,21.53725002,516.61752914
2021-07-23,27.83,21.23960553,509.47788221
2021-07-26,27.12,20.69773992,496.48006344
2021-07-27,26.0,19.842966,475.976462
2021-07-28,26.2,19.9956042,479.6378194
2021-07-29,25.54,19.49189814,467.55533998
2021-07-30,25.68,19.59874488,470.11829016
2021-08-02,26.41,20.15587431,483.48224467
2021-08-03,27.15,20.72063565,497.02926705
2021-08-04,26.62,20.31614442,487.32666994
2021-08-05,26.55,20.26272105,486.04519485
2021-08-06,26.18,19.98034038,479.27168366
2021-08-09,27.97,21.34645227,512.04083239
2021-08-10,28.28,21.58304148,517.71593636
2021-08-11,28.08,21.43040328,514.05457896
2021-08-12,27.24,20.78932284,498.67687788
2021-08-13,27.0,20.606157,494.283249
2021-08-16,27.92,21.30829272,511.12549304
2021-08-17,27.83,21.23960553,509.47788221
2021-08-18,26.29,20.06429139,481.28543023
2021-08-19,24.98,19.06451118,457.30353926
2021-08-20,25.21,19.24004511,461.51410027
2021-08-23,25.1,19.1560941,459.5003537
2021-08-24,25.32,19.32399612,463.52784684
2021-08-25,25.12,19.17135792,459.86648944
2021-08-26,24.62,18.78976242,450.71309594
2021-08-27,24.56,18.74397096,449.61468872
2021-08-30,23.95,18.27842445,438.44754865
2021-08-31,24.1,18.3929031,441.1935667
2021-09-01,25.24,19.26294084,462.06330388
2021-09-02,24.86,18.97292826,455.10672482
2021-09-03,25.08,19.14083028,459.13421796
2021-09-06,25.56,19.50716196,467.92147572
2021-09-07,25.72,19.62927252,470.85056164
2021-09-08,25.52,19.47663432,467.18920424
2021-09-09,25.64,19.56821724,469.38601868
2021-09-10,25.82,19.70559162,472.68124034
2021-09-13,25.44,19.41557904,465.72466128
2021-09-14,25.11,19.16372601,459.68342157
2021-09-15,24.78,18.91187298,453.64218186
2021-09-16,25.63,19.56058533,469.20295081
2021-09-17,25.95,19.80480645,475.06112265
2021-09-22,25.43,19.40794713,465.54159341
2021-09-23,25.77,19.66743207,471.76590099
2021-09-24,26.55,20.26272105,486.04519485
2021-09-27,27.66,21.10986306,506.36572842
2021-09-28,27.2,20.7587952,497.9446064
2021-09-29,27.4,20.9114334,501.6059638
2021-09-30,27.15,20.72063565,497.02926705
2021-10-08,28.05,21.40750755,513.50537535
2021-10-11,27.55,21.02591205,504.35198185
2021-10-12,27.35,20.87327385,500.69062445
2021-10-13,27.72,21.15565452,507.46413564
2021-10-14,27.17,20.73589947,497.39540279
2021-10-15,26.56,20.27035296,486.22826272
2021-10-18,26.02,19.85822982,476.34259774
2021-10-19,28.62,21.84252642,523.94024394
2021-10-20,28.1,21.4456671,514.4207147
2021-10-21,27.89,21.28539699,510.57628943
2021-10-22,28.08,21.43040328,514.05457896
2021-10-25,27.9,21.2930289,510.7593573
2021-10-26,27.04,20.63668464,495.01552048
2021-10-27,27.85,21.25486935,509.84401795
2021-10-28,28.94,22.08674754,529.79841578
2021-10-29,29.5,22.5141345,540.0502165
2021-11-01,29.55,22.55229405,540.96555585
2021-11-02,31.02,23.67418482,567.87653274
2021-11-03,31.91,24.35342481,584.16957317
2021-11-04,31.05,23.69708055,568.42573635
2021-11-05,30.79,23.49865089,563.66597173
2021-11-08,30.86,23.55207426,564.94744682
2021-11-09,30.78,23.49101898,563.48290386
2021-11-10,30.17,23.02547247,552.31576379
2021-11-11,30.0,22.89573,549.20361
2021-11-12,30.0,22.89573,549.20361
2021-11-15,31.29,23.88024639,572.81936523
2021-11-16,31.0,23.658921,567.510397
2021-11-17,30.94,23.61312954,566.41198978
2021-11-18,30.08,22.95678528,550.66815296
2021-11-19,30.2,23.0483682,552.8649674
2021-11-22,29.87,22.79651517,546.82372769
2021-11-23,30.61,23.36127651,560.37075007
2021-11-24,30.15,23.01020865,551.94962805
2021-11-25,29.78,22.72782798,545.17611686
2021-11-26,29.0,22.132539,530.896823
2021-11-29,28.99,22.12490709,530.71375513
2021-11-30,28.46,21.72041586,521.01115802
2021-12-01,29.2,22.2851772,534.5581804
2021-12-02,30.03,22.91862573,549.75281361
2021-12-03,30.21,23.05600011,553.04803527
2021-12-06,29.65,22.62861315,542.79623455
2021-12-07,30.99,23.65128909,567.32732913
2021-12-08,31.19,23.80392729,570.98868653
2021-12-09,31.64,24.14736324,579.22674068
2021-12-10,31.33,23.91077403,573.55163671
2021-12-13,31.65,24.15499515,579.40980855
2021-12-14,31.17,23.78866347,570.62255079
2021-12-15,30.26,23.09415966,553.96337462
2021-12-16,30.35,23.16284685,555.61098545
2021-12-17,30.11,22.97968101,551.21735657
2021-12-20,30.59,23.34601269,560.00461433
2021-12-21,30.73,23.45285943,562.56756451
2021-12-22,30.85,23.54444235,564.76437895
2021-12-23,31.33,23.91077403,573.55163671
2021-12-24,31.8,24.2694738,582.1558266
2021-12-27,32.18,24.55948638,589.11240566
2021-12-28,32.0,24.422112,585.817184
2021-12-29,31.4,23.9641974,574.8331118
2021-12-30,31.42,23.97946122,575.19924754
2021-12-31,31.55,24.07867605,577.57912985
2022-01-04,32.49,24.79607559,594.78750963
2022-01-05,33.38,25.47531558,611.08055006
2022-01-06,33.4,25.4905794,611.4466858
2022-01-07,32.58,24.86476278,596.43512046
2022-01-10,33.22,25.35320502,608.15146414
2022-01-11,31.42,23.97946122,575.19924754
2022-01-12,31.89,24.33816099,583.80343743
2022-01-13,31.13,23.75813583,569.89027931
2022-01-14,30.12,22.98731292,551.40042444
2022-01-17,30.39,23.19337449,556.34325693
2022-01-18,30.89,23.57496999,565.49665043
2022-01-19,31.6,24.1168356,578.4944692
2022-01-20,31.66,24.16262706,579.59287642
2022-01-21,31.41,23.97182931,575.01617967
2022-01-24,31.48,24.02525268,576.29765476
2022-01-25,30.64,23.38417224,560.91995368
2022-01-26,30.88,23.56733808,565.31358256
2022-01-27,30.0,22.89573,549.20361
2022-01-28,29.8,22.7430918,545.5422526
2022-02-07,30.63,23.37654033,560.73688581
2022-02-08,30.94,23.61312954,566.41198978
2022-02-09,31.27,23.86498257,572.45322949
2022-02-10,31.71,24.20078661,580.50821577
2022-02-11,30.77,23.48338707,563.29983599
2022-02-14,30.88,23.56733808,565.31358256
2022-02-15,30.51,23.28495741,558.54007137
2022-02-16,30.09,22.96441719,550.85122083
2022-02-17,30.29,23.11705539,554.51257823
2022-02-18,29.9,22.8194109,547.3729313
2022-02-21,30.04,22.92625764,549.93588148
2022-02-22,29.64,22.62098124,542.61316668
2022-02-23,29.41,22.44544731,538.40260567
2022-02-24,28.31,21.60593721,518.26513997
2022-02-25,28.49,21.74331159,521.56036163
2022-02-28,28.8,21.9799008,527.2354656
2022-03-01,29.36,22.40728776,537.48726632
2022-03-02,29.27,22.33860057,535.83965549
2022-03-03,29.44,22.46834304,538.95180928
2022-03-04,29.6,22.5904536,541.8808952
2022-03-07,28.5,21.7509435,521.7434295
2022-03-08,27.56,21.03354396,504.53504972
2022-03-09,27.26,20.80458666,499.04301362
2022-03-10,27.57,21.04117587,504.71811759
2022-03-11,28.3,21.5983053,518.0820721
2022-03-14,27.92,21.30829272,511.12549304
2022-03-15,25.13,19.17898983,460.04955731
2022-03-16,25.23,19.25530893,461.88023601
2022-03-17,25.98,19.82770218,475.61032626
2022-03-18,25.9,19.7666469,474.1457833
2022-03-21,26.43,20.17113813,483.84838041
2022-03-22,26.87,20.50694217,491.90336669
2022-03-23,26.65,20.33904015,487.87587355
2022-03-24,26.31,20.07955521,481.65156597
2022-03-25,26.51,20.23219341,485.31292337
2022-03-28,26.7,20.3771997,488.7912129
2022-03-29,28.51,21.75857541,521.92649737
2022-03-30,28.93,22.07911563,529.61534791
2022-03-31,29.06,22.17833046,531.99523022
2022-04-01,29.22,22.30044102,534.92431614
2022-04-06,28.9,22.0562199,529.0661443
2022-04-07,28.3,21.5983053,518.0820721
2022-04-08,28.0,21.369348,512.590036
2022-04-11,28.78,21.96463698,526.86932986
2022-04-12,29.11,22.21649001,532.91056957
2022-04-13,28.9,22.0562199,529.0661443
2022-04-14,29.74,22.69730034,544.44384538
2022-04-15,30.97,23.63602527,566.96119339
2022-04-18,31.87,24.32289717,583.43730169
2022-04-19,31.25,23.84971875,572.08709375
2022-04-20,31.9,24.3457929,583.9865053
2022-04-21,31.59,24.10920369,578.31140133
2022-04-22,31.49,24.03288459,576.48072263
2022-04-25,31.36,23.93366976,574.10084032
2022-04-26,31.11,23.74287201,569.52414357
2022-04-27,31.95,24.38395245,584.90184465
2022-04-28,31.79,24.26184189,581.97275873
2022-04-29,29.75,23.67299725,567.848127
2022-05-05,29.76,23.68095456,568.03900032
2022-05-06,30.63,24.37324053,584.64497916
2022-05-09,32.04,25.49522124,611.55811728
2022-05-10,31.5,25.0655265,601.250958
2022-05-11,30.68,24.41302708,585.59934576
2022-05-12,30.2,24.0310762,576.4374264
2022-05-13,30.17,24.00720427,575.86480644
2022-05-16,29.8,23.7127838,568.8024936
2022-05-17,29.59,23.54568029,564.79415388
2022-05-18,29.2,23.2353452,557.3500944
2022-05-19,29.31,23.32287561,559.44970092
2022-05-20,29.08,23.13985748,555.05961456
2022-05-23,28.95,23.03641245,552.5782614
2022-05-24,29.03,23.10007093,554.10524796
2022-05-25,29.5,23.4740645,563.076294
2022-05-26,29.21,23.24330251,557.54096772
2022-05-27,28.9,22.9966259,551.6238948
2022-05-30,28.19,22.43165689,538.07188908
2022-05-31,28.34,22.55101654,540.93498888
2022-06-01,27.36,21.77120016,522.22940352
2022-06-02,26.81,21.33354811,511.73137092
2022-06-06,26.67,21.22214577,509.05914444
2022-06-07,26.95,21.44495045,514.4035974
2022-06-08,27.31,21.73141361,521.27503692
2022-06-09,27.37,21.77915747,522.42027684
2022-06-10,27.8,22.1213218,530.6278296
2022-06-13,28.32,22.53510192,540.55324224
2022-06-14,28.8,22.9170528,549.7151616
2022-06-15,28.73,22.86135163,548.37904836
2022-06-16,29.64,23.58546684,565.74852048
2022-06-17,29.9,23.7923569,570.7112268
2022-06-20,29.42,23.41040602,561.54930744
2022-06-21,29.14,23.18760134,556.20485448
2022-06-22,28.99,23.06824169,553.34175468
2022-06-23,28.97,23.05232707,552.96000804
2022-06-24,29.2,23.2353452,557.3500944
2022-06-27,29.48,23.45814988,562.69454736
2022-06-28,29.14,23.18760134,556.20485448
2022-06-29,28.64,22.78973584,546.66118848
2022-06-30,29.3,23.3149183,559.2588276
2022-07-01,29.29,23.30696099,559.06795428
2022-07-04,30.36,24.15839316,579.49139952
2022-07-05,29.82,23.72869842,569.18424024
2022-07-06,28.95,23.03641245,552.5782614
2022-07-07,28.56,22.72607736,545.13420192
2022-07-08,28.4,22.5987604,542.0802288
2022-07-11,28.18,22.42369958,537.88101576
2022-07-12,28.09,22.35208379,536.16315588
2022-07-13,27.88,22.18498028,532.15481616
2022-07-14,27.32,21.73937092,521.46591024
2022-07-15,27.11,21.57226741,517.45757052
2022-07-18,27.16,21.61205396,518.41193712
2022-07-19,27.0,21.484737,515.357964
2022-07-20,27.21,21.65184051,519.36630372
2022-07-21,26.85,21.36537735,512.4948642
2022-07-22,26.41,21.01525571,504.09643812
2022-07-25,26.46,21.05504226,505.05080472
2022-07-26,26.45,21.04708495,504.8599314
2022-07-27,26.32,20.94363992,502.37857824
2022-07-28,26.57,21.14257267,507.15041124
2022-07-29,26.83,21.34946273,512.11311756
2022-08-01,26.51,21.09482881,506.00517132
2022-08-02,25.64,20.40254284,489.39919248
2022-08-03,25.33,20.15586623,483.48211956
2022-08-04,25.85,20.56964635,493.4075322
2022-08-05,26.7,21.2460177,509.6317644
2022-08-08,26.81,21.33354811,511.73137092
2022-08-09,26.36,20.97546916,503.14207152
2022-08-10,25.97,20.66513407,495.69801204
2022-08-11,26.53,21.11074343,506.38691796
2022-08-12,26.8,21.3255908,511.5404976
2022-08-15,26.83,21.34946273,512.11311756
2022-08-16,26.89,21.39720659,513.25835748
2022-08-17,26.66,21.21418846,508.86827112
2022-08-18,26.2,20.8481522,500.0880984
2022-08-19,26.21,20.85610951,500.27897172
2022-08-22,26.27,20.90385337,501.42421164
2022-08-23,26.0,20.689006,496.270632
2022-08-24,26.38,20.99138378,503.52381816
2022-08-25,26.67,21.22214577,509.05914444
2022-08-26,26.8,21.3255908,511.5404976
2022-08-29,26.45,21.04708495,504.8599314
2022-08-30,26.69,21.23806039,509.44089108
2022-08-31,26.81,21.33354811,511.73137092
2022-09-01,26.54,21.11870074,506.57779128
2022-09-02,26.38,20.99138378,503.52381816
2022-09-05,25.93,20.63330483,494.93451876
2022-09-06,26.15,20.80836565,499.1337318
2022-09-07,25.69,20.44232939,490.35355908
2022-09-08,25.58,20.35479898,488.25395256
2022-09-09,25.88,20.59351828,493.98015216
2022-09-13,26.05,20.72879255,497.2249986
2022-09-14,26.01,20.69696331,496.46150532
2022-09-15,25.41,20.6969532,496.46146935
2022-09-16,24.71,20.1267892,482.78484485
2022-09-19,24.89,20.2734028,486.30169115
2022-09-20,24.75,20.15937,483.56636625
2022-09-21,24.24,19.7439648,473.6019684
2022-09-22,23.81,19.3937212,465.20061335
2022-09-23,23.7,19.304124,463.0514295
2022-09-26,23.6,19.222672,461.097626
2022-09-27,24.4,19.874288,476.728054
2022-09-28,24.13,19.6543676,471.45278455
2022-09-29,24.19,19.7032388,472.62506665
2022-09-30,24.46,19.9231592,477.9003361
2022-10-10,24.39,19.8661428,476.53267365
2022-10-11,24.17,19.6869484,472.23430595
2022-10-12,24.33,19.8172716,475.36039155
2022-10-13,24.79,20.1919508,484.34788765
2022-10-14,25.19,20.5177588,492.16310165
2022-10-17,25.02,20.3792904,488.8416357
2022-10-18,25.02,20.3792904,488.8416357
2022-10-19,24.54,19.9883208,479.4633789
2022-10-20,24.81,20.2082412,484.73864835
2022-10-21,24.73,20.1430796,483.17560555
2022-10-24,23.79,19.3774308,464.80985265
2022-10-25,24.56,20.0046112,479.8541396
2022-10-26,24.42,19.8905784,477.1188147
2022-10-27,24.08,19.6136416,470.4758828
2022-10-28,23.12,18.8317024,451.7193692
2022-10-31,22.78,18.5547656,445.0764373
2022-11-01,23.88,19.4507376,466.5682758
2022-11-02,24.18,19.6950936,472.4296863
2022-11-03,23.9,19.467028,466.9590365
2022-11-04,24.43,19.8987236,477.31419505
2022-11-07,24.51,19.9638852,478.87723785
2022-11-08,24.26,19.7602552,473.9927291
2022-11-09,24.09,19.6217868,470.67126315
2022-11-10,24.3,19.792836,474.7742505
2022-11-11,24.75,20.15937,483.56636625
2022-11-14,24.82,20.2163864,484.9340287
2022-11-15,25.12,20.4607424,490.7954392
2022-11-16,24.98,20.3467096,488.0601143
2022-11-17,25.39,20.6806628,496.07070865
2022-11-18,25.1,20.444452,490.4046785
2022-11-21,25.25,20.56663,493.33538375
2022-11-22,24.94,20.3141288,487.2785929
2022-11-23,25.12,20.4607424,490.7954392
2022-11-24,25.3,20.607356,494.3122855
2022-11-25,25.46,20.7376792,497.4383711
2022-11-28,25.0,20.363,488.450875
2022-11-29,25.4,20.688808,496.266089
2022-11-30,25.26,20.5747752,493.5307641
2022-12-01,25.77,20.9901804,503.49516195
2022-12-02,25.69,20.9250188,501.93211915
2022-12-05,25.7,20.933164,502.1274995
2022-12-06,26.1,21.258972,509.9427135
2022-12-07,26.15,21.299698,510.91961525
2022-12-08,25.65,20.892438,501.15059775
2022-12-09,25.66,20.9005832,501.3459781
2022-12-12,25.47,20.7458244,497.63375145
2022-12-13,25.74,20.9657448,502.9090209
2022-12-14,25.93,21.1205036,506.62124755
2022-12-15,25.42,20.7050984,496.6568497
2022-12-16,25.59,20.8435668,499.97831565
2022-12-19,25.13,20.4688876,490.99081955
2022-12-20,24.75,20.15937,483.56636625
2022-12-21,24.93,20.3059836,487.08321255
2022-12-22,25.3,20.607356,494.3122855
2022-12-23,25.22,20.5421944,492.7492427
2022-12-26,25.41,20.6969532,496.46146935
2022-12-27,25.67,20.9087284,501.54135845
2022-12-28,25.47,20.7458244,497.63375145
2022-12-29,25.45,20.729534,497.24299075
2022-12-30,25.93,21.1205036,506.62124755
2023-01-03,25.71,20.9413092,502.32287985
2023-01-04,25.65,20.892438,501.15059775
2023-01-05,25.83,21.0390516,504.66744405
2023-01-06,25.66,20.9005832,501.3459781
2023-01-09,25.69,20.9250188,501.93211915
2023-01-10,25.63,20.8761476,500.75983705
2023-01-11,25.31,20.6155012,494.50766585
2023-01-12,25.17,20.5014684,491.77234095
2023-01-13,25.81,21.0227612,504.27668335
2023-01-16,26.22,21.3567144,512.2872777
2023-01-17,25.88,21.0797776,505.6443458
2023-01-18,25.6,20.851712,500.173696
2023-01-19,25.67,20.9087284,501.54135845
2023-01-20,25.6,20.851712,500.173696
2023-01-30,25.68,20.9168736,501.7367388
2023-01-31,25.5,20.77026,498.2198925
2023-02-01,25.82,21.0309064,504.4720637
2023-02-02,25.93,21.1205036,506.62124755
2023-02-03,25.5,20.77026,498.2198925
2023-02-06,25.16,20.4933232,491.5769606
2023-02-07,25.21,20.5340492,492.55386235
2023-02-08,25.08,20.4281616,490.0139178
2023-02-09,25.19,20.5177588,492.16310165
2023-02-10,25.29,20.5992108,494.11690515
2023-02-13,25.73,20.9575996,502.71364055
2023-02-14,26.18,21.3241336,511.5057563
2023-02-15,26.17,21.3159884,511.31037595
2023-02-16,25.88,21.0797776,505.6443458
2023-02-17,25.99,21.1693748,507.79352965
2023-02-20,26.42,21.5196184,516.1948847
2023-02-21,26.71,21.7558292,521.86091485
2023-02-22,26.73,21.7721196,522.25167555
2023-02-23,26.77,21.8047004,523.03319695
2023-02-24,26.56,21.6336512,518.9302096
2023-02-27,26.5,21.58478,517.7579275
2023-02-28,26.48,21.5684896,517.3671668
2023-03-01,26.84,21.8617168,524.4008594
2023-03-02,26.66,21.7151032,520.8840131
2023-03-03,26.58,21.6499416,519.3209703
2023-03-06,26.59,21.6580868,519.51635065
2023-03-07,25.92,21.1123584,506.4258672
2023-03-08,25.8,21.014616,504.081303
2023-03-09,25.61,20.8598572,500.36907635
2023-03-10,25.35,20.648082,495.28918725
2023-03-13,25.6,20.851712,500.173696
2023-03-14,25.51,20.7784052,498.41527285
2023-03-15,25.58,20.8354216,499.7829353
2023-03-16,25.3,20.607356,494.3122855
2023-03-17,25.19,20.5177588,492.16310165
2023-03-20,24.8,20.200096,484.543268
2023-03-21,25.21,20.5340492,492.55386235
2023-03-22,25.19,20.5177588,492.16310165
2023-03-23,25.3,20.607356,494.3122855
2023-03-24,25.38,20.6725176,495.8753283
2023-03-27,25.35,20.648082,495.28918725
2023-03-28,25.49,20.7621148,498.02451215
2023-03-29,25.69,20.9250188,501.93211915
2023-03-30,25.69,20.9250188,501.93211915
2023-03-31,25.94,21.1286488,506.8166279
2023-04-03,25.98,21.1612296,507.5981493
2023-04-04,26.11,21.2671172,510.13809385
2023-04-06,26.25,21.38115,512.87341875
2023-04-07,26.08,21.2426816,509.5519528
2023-04-10,25.95,21.136794,507.01200825
2023-04-11,25.96,21.1449392,507.2073886
2023-04-12,25.7,20.933164,502.1274995
2023-04-13,25.78,20.9983256,503.6905423
2023-04-14,25.7,20.933164,502.1274995
2023-04-17,26.02,21.1938104,508.3796707
2023-04-18,26.65,21.706958,520.68863275
2023-04-19,26.34,21.4544568,514.6318419
2023-04-20,26.4,21.503328,515.804124
2023-04-21,26.17,21.3159884,511.31037595
2023-04-24,25.83,21.0390516,504.66744405
2023-04-25,26.11,21.2671172,510.13809385
2023-04-26,25.31,20.6155012,494.50766585
2023-04-27,24.65,20.9038409,501.42381705
2023-04-28,24.95,21.1582487,507.52633815
2023-05-04,25.09,21.27697234,510.37418133
2023-05-05,24.89,21.10736714,506.30583393
2023-05-08,25.37,21.51441962,516.06986769
2023-05-09,25.46,21.59074196,517.90062402
2023-05-10,25.6,21.7094656,520.7484672
2023-05-11,25.34,21.48897884,515.45961558
2023-05-12,25.29,21.44657754,514.44252873
2023-05-15,25.29,21.44657754,514.44252873
2023-05-16,25.79,21.87059054,524.61339723
2023-05-17,25.13,21.31089338,511.18785081
2023-05-18,24.86,21.08192636,505.69558182
2023-05-19,25.0,21.20065,508.543425
2023-05-22,25.5,21.624663,518.7142935
2023-05-23,25.34,21.48897884,515.45961558
2023-05-24,25.03,21.22609078,509.15367711
2023-05-25,24.97,21.17520922,507.93317289
2023-05-26,24.98,21.18368948,508.13659026
2023-05-29,24.8,21.0310448,504.4750776
2023-05-30,24.72,20.96320272,502.84773864
2023-05-31,24.58,20.84447908,499.99989546
2023-06-01,24.33,20.63247258,494.91446121
2023-06-02,24.67,20.92080142,501.83065179
2023-06-05,24.52,20.79359752,498.77939124
2023-06-06,24.32,20.62399232,494.71104384
2023-06-07,24.38,20.67487388,495.93154806
2023-06-08,24.68,20.92928168,502.03406916
2023-06-09,24.74,20.98016324,503.25457338
2023-06-12,24.87,21.09040662,505.89899919
2023-06-13,24.9,21.1158474,506.5092513
2023-06-14,24.9,21.1158474,506.5092513
2023-06-15,25.07,21.26001182,509.96734659
2023-06-16,24.94,21.14976844,507.32292078
2023-06-19,24.63,20.88688038,501.01698231
2023-06-20,24.52,20.79359752,498.77939124
2023-06-21,24.48,20.75967648,497.96572176
2023-06-26,24.32,20.62399232,494.71104384
2023-06-27,24.35,20.6494331,495.32129595
2023-06-28,24.5,20.776637,498.3725565
2023-06-29,24.41,20.70031466,496.54180017
2023-06-30,24.49,20.76815674,498.16913913
2023-07-03,24.66,20.91232116,501.62723442
2023-07-04,24.66,20.91232116,501.62723442
2023-07-05,24.4,20.6918344,496.3383828
2023-07-06,24.23,20.54766998,492.88028751
2023-07-07,24.32,20.62399232,494.71104384
2023-07-10,24.5,20.776637,498.3725565
2023-07-11,24.45,20.7342357,497.35546965
2023-07-12,24.29,20.59855154,494.10079173
2023-07-13,24.54,20.81055804,499.18622598
2023-07-14,24.5,20.776637,498.3725565
2023-07-17,24.37,20.66639362,495.72813069
2023-07-18,24.28,20.59007128,493.89737436
2023-07-19,24.33,20.63247258,494.91446121
2023-07-20,24.27,20.58159102,493.69395699
2023-07-21,24.45,20.7342357,497.35546965
2023-07-24,24.32,20.62399232,494.71104384
2023-07-25,24.54,20.81055804,499.18622598
2023-07-26,24.7,20.9462422,502.4409039
2023-07-27,24.66,20.91232116,501.62723442
2023-07-28,25.03,21.22609078,509.15367711
2023-07-31,25.24,21.40417624,513.42544188
2023-08-01,25.22,21.38721572,513.01860714
2023-08-02,25.18,21.35329468,512.20493766
2023-08-03,25.33,21.48049858,515.25619821
2023-08-04,25.29,21.44657754,514.44252873
2023-08-07,25.26,21.42113676,513.83227662
2023-08-08,25.39,21.53138014,516.47670243
2023-08-09,25.44,21.57378144,517.49378928
2023-08-10,25.43,21.56530118,517.29037191
2023-08-11,25.08,21.26849208,510.17076396
2023-08-14,24.98,21.18368948,508.13659026
2023-08-15,24.94,21.14976844,507.32292078
2023-08-16,25.66,21.76034716,521.96897142
2023-08-17,25.47,21.59922222,518.10404139
2023-08-18,25.28,21.43809728,514.23911136
2023-08-21,25.24,21.40417624,513.42544188
2023-08-22,25.09,21.27697234,510.37418133
2023-08-23,25.09,21.27697234,510.37418133
2023-08-24,25.63,21.73490638,521.35871931
2023-08-25,25.83,21.90451158,525.42706671
2023-08-28,26.15,22.1758799,531.93642255
2023-08-29,26.39,22.37940614,536.81843943
2023-08-30,26.83,22.75253758,545.76880371
2023-08-31,26.86,22.77797836,546.37905582
2023-09-01,26.89,22.80341914,546.98930793
2023-09-04,26.63,22.58293238,541.70045631
2023-09-05,26.79,22.71861654,544.95513423
2023-09-06,26.66,22.60837316,542.31070842
2023-09-07,26.63,22.58293238,541.70045631
2023-09-08,26.69,22.63381394,542.92096053
2023-09-11,25.84,22.5465628,540.82802168
2023-09-12,26.47,23.09626615,554.01384419
2023-09-13,26.45,23.07881525,553.59524665
2023-09-14,26.51,23.13116795,554.85103927
2023-09-15,26.52,23.1398934,555.06033804
2023-09-18,26.59,23.20097155,556.52542943
2023-09-19,27.1,23.6459695,567.1996667
2023-09-20,27.22,23.7506749,569.71125194
2023-09-21,26.68,23.2795006,558.40911836
2023-09-22,26.71,23.30567695,559.03701467
2023-09-25,26.6,23.209697,556.7347282
2023-09-26,26.49,23.11371705,554.43244173
2023-09-27,26.63,23.23587335,557.36262451
2023-09-28,26.39,23.02646255,552.33945403
2023-10-09,26.5,23.1224425,554.6417405
2023-10-10,26.39,23.02646255,552.33945403
2023-10-11,26.34,22.9828353,551.29296018
2023-10-12,26.37,23.00901165,551.92085649
2023-10-13,26.14,22.8083263,547.10698478
2023-10-16,26.05,22.72979725,545.22329585
2023-10-17,26.1,22.7734245,546.2697897
2023-10-18,25.9,22.5989155,542.0838143
2023-10-19,25.3,22.0753885,529.5258881
2023-10-20,25.1,21.9008795,525.3399127
2023-10-23,25.28,22.0579376,529.10729056
2023-10-24,25.31,22.08411395,529.73518687
2023-10-25,25.7,22.4244065,537.8978389
2023-10-26,25.95,22.64254275,543.13030815
2023-10-27,26.25,22.90430625,549.40927125
2023-10-30,26.11,22.78214995,546.47908847
2023-10-31,26.21,22.86940445,548.57207617
2023-11-01,26.35,22.99156075,551.50225895
2023-11-02,26.35,22.99156075,551.50225895
2023-11-03,26.31,22.95665895,550.66506387
2023-11-06,25.82,22.5291119,540.40942414
2023-11-07,25.97,22.65999365,543.54890569
2023-11-08,25.88,22.5814646,541.66521676
2023-11-09,25.8,22.511661,539.9908266
2023-11-10,25.71,22.43313195,538.10713767
2023-11-13,25.55,22.29352475,534.75835735
2023-11-14,25.65,22.38077925,536.85134505
2023-11-15,25.78,22.4942101,539.57222906
2023-11-16,25.62,22.3546029,536.22344874
2023-11-17,25.41,22.17136845,531.82817457
2023-11-20,25.8,22.511661,539.9908266
2023-11-21,25.8,22.511661,539.9908266
2023-11-22,25.83,22.53783735,540.61872291
2023-11-23,25.83,22.53783735,540.61872291
2023-11-24,26.02,22.7036209,544.59539954
2023-11-27,25.92,22.6163664,542.50241184
2023-11-28,26.02,22.7036209,544.59539954
2023-11-29,25.93,22.62509185,542.71171061
2023-11-30,26.1,22.7734245,546.2697897
2023-12-01,25.94,22.6338173,542.92100938
2023-12-04,25.94,22.6338173,542.92100938
2023-12-05,25.83,22.53783735,540.61872291
2023-12-06,25.92,22.6163664,542.50241184
2023-12-07,26.13,22.79960085,546.89768601
2023-12-08,26.18,22.8432281,547.94417986
2023-12-11,25.79,22.50293555,539.78152783
2023-12-12,25.88,22.5814646,541.66521676
2023-12-13,25.8,22.511661,539.9908266
2023-12-14,25.65,22.38077925,536.85134505
2023-12-15,25.36,22.1277412,530.78168072
2023-12-18,25.41,22.17136845,531.82817457
2023-12-19,25.47,22.22372115,533.08396719
2023-12-20,25.26,22.0404867,528.68869302
2023-12-21,25.43,22.18881935,532.24677211
2023-12-22,25.5,22.2498975,533.7118635
2023-12-25,25.98,22.6687191,543.75820446
2023-12-26,26.14,22.8083263,547.10698478
2023-12-27,26.46,23.0875407,553.80454542
2023-12-28,26.7,23.2969515,558.8277159
2023-12-29,26.71,23.30567695,559.03701467
2024-01-02,26.56,23.1747952,555.89753312
2024-01-03,26.58,23.1922461,556.31613066
2024-01-04,26.63,23.23587335,557.36262451
2024-01-05,26.7,23.2969515,558.8277159
2024-01-08,26.64,23.2445988,557.57192328
2024-01-09,26.55,23.16606975,555.68823435
2024-01-10,26.88,23.4540096,562.59509376
2024-01-11,26.59,23.20097155,556.52542943
2024-01-12,26.9,23.4714605,563.0136913
2024-01-15,27.24,23.7681258,570.12984948
2024-01-16,27.31,23.82920395,571.59494087
2024-01-17,27.11,23.65469495,567.40896547
2024-01-18,27.23,23.75940035,569.92055071
2024-01-19,27.12,23.6634204,567.61826424
2024-01-22,26.72,23.3144024,559.24631344
2024-01-23,27.2,23.733224,569.2926544
2024-01-24,27.42,23.9251839,573.89722734
2024-01-25,27.95,24.38763275,584.99006215
2024-01-26,28.2,24.605769,590.2225314
2024-01-29,28.22,24.6232199,590.64112894
2024-01-30,28.19,24.59704355,590.01323263
2024-01-31,28.44,24.8151798,595.24570188
2024-02-01,28.45,24.82390525,595.45500065
2024-02-02,28.18,24.5883181,589.80393386
2024-02-05,29.1,25.3910595,609.0594207
2024-02-06,29.38,25.6353721,614.91978626
2024-02-07,29.4,25.652823,615.3383838
2024-02-08,28.57,24.92861065,597.96658589
2024-02-19,29.31,25.57429395,613.45469487
2024-02-20,29.78,25.9843901,623.29173706
2024-02-21,29.79,25.99311555,623.50103583
2024-02-22,29.97,26.15017365,627.26841369
2024-02-23,29.7,25.9145865,621.6173469
2024-02-26,29.44,25.6877248,616.17557888
2024-02-27,29.39,25.64409755,615.12908503
2024-02-28,29.36,25.6179212,614.50118872
2024-02-29,29.22,25.4957649,611.57100594
2024-03-01,29.14,25.4259613,609.89661578
2024-03-04,29.56,25.7924302,618.68716412
2024-03-05,29.9,26.0890955,625.8033223
2024-03-06,29.42,25.6702739,615.75698134
2024-03-07,29.82,26.0192919,624.12893214
2024-03-08,29.29,25.55684305,613.03609733
2024-03-11,29.13,25.41723585,609.68731701
2024-03-12,28.56,24.9198852,597.75728712
2024-03-13,28.33,24.71919985,592.94341541
2024-03-14,28.49,24.85880705,596.29219573
2024-03-15,28.61,24.96351245,598.80378097
2024-03-18,28.81,25.13802145,602.98975637
2024-03-19,28.58,24.9373361,598.17588466
2024-03-20,28.76,25.0943942,601.94326252
2024-03-21,28.62,24.9722379,599.01307974
2024-03-22,28.46,24.8326307,595.66429942
2024-03-25,28.3,24.6930235,592.3155191
2024-03-26,28.57,24.92861065,597.96658589
2024-03-27,25.87,22.57273915,541.45591799
2024-03-28,25.78,22.4942101,539.57222906
2024-03-29,26.25,22.90430625,549.40927125
2024-04-01,26.72,23.3144024,559.24631344
2024-04-02,26.85,23.42783325,561.96719745
2024-04-03,26.65,23.25332425,557.78122205
2024-04-08,26.74,23.3318533,559.66491098
2024-04-09,26.55,23.16606975,555.68823435
2024-04-10,26.7,23.2969515,558.8277159
2024-04-11,26.88,23.4540096,562.59509376
2024-04-12,26.87,23.44528415,562.38579499
2024-04-15,26.93,23.49763685,563.64158761
2024-04-16,27.01,23.56744045,565.31597777
2024-04-17,26.99,23.54998955,564.89738023
2024-04-18,27.6,24.082242,577.6646052
2024-04-19,27.58,24.0647911,577.24600766
2024-04-22,27.53,24.02116385,576.19951381
2024-04-23,27.19,23.72449855,569.08335563
2024-04-24,27.43,23.93390935,574.10652611
2024-04-25,27.4,23.907733,573.4786298
2024-04-26,27.0,24.17634,579.9222
2024-04-29,26.9,24.086798,577.77434
2024-04-30,26.94,24.1226148,578.633484
2024-05-06,26.52,23.7465384,569.612472
2024-05-07,26.34,23.5853628,565.746324
2024-05-08,26.63,23.8450346,571.975118
2024-05-09,26.5,23.72863,569.1829
2024-05-10,26.7,23.907714,573.47862
2024-05-13,26.5,23.72863,569.1829
2024-05-14,26.26,23.5137292,564.028036
2024-05-15,25.81,23.1107902,554.362666
2024-05-16,25.45,22.788439,546.63037
2024-05-17,25.68,22.9943856,551.570448
2024-05-20,25.99,23.2719658,558.228814
2024-05-21,25.98,23.2630116,558.014028
2024-05-22,25.86,23.1555612,555.436596
2024-05-23,25.52,22.8511184,548.133872
2024-05-24,25.54,22.8690268,548.563444
2024-05-27,25.91,23.2003322,556.510526
2024-05-28,25.7,23.012294,552.00002
2024-05-29,25.8,23.101836,554.14788
2024-05-30,25.51,22.8421642,547.919086
2024-05-31,25.34,22.6899428,544.267724
2024-06-03,25.35,22.698897,544.48251
2024-06-04,25.42,22.7615764,545.986012
2024-06-05,25.12,22.4929504,539.542432
2024-06-06,24.92,22.3138664,535.246712
2024-06-07,24.89,22.2870038,534.602354
2024-06-11,24.91,22.3049122,535.031926
2024-06-12,25.33,22.6809886,544.052938
2024-06-13,25.43,22.7705306,546.200798
2024-06-14,25.7,23.012294,552.00002
2024-06-17,25.26,22.6183092,542.549436
2024-06-18,24.94,22.3317748,535.676284
2024-06-19,24.88,22.2780496,534.387568
2024-06-20,24.26,21.7228892,521.070836
2024-06-21,24.22,21.6870724,520.211692
2024-06-24,23.9,21.400538,513.33854
2024-06-25,23.9,21.400538,513.33854
2024-06-26,24.01,21.4990342,515.701186
2024-06-27,23.91,21.4094922,513.553326
2024-06-28,23.77,21.2841334,510.546322
2024-07-01,24.07,21.5527594,516.989902
2024-07-02,23.9,21.400538,513.33854
2024-07-03,23.81,21.3199502,511.405466
2024-07-04,23.37,20.9259654,501.954882
2024-07-05,23.4,20.952828,502.59924
2024-07-08,23.04,20.6304768,494.866944
2024-07-09,23.22,20.7916524,498.733092
2024-07-10,23.8,21.310996,511.19068
2024-07-11,24.11,21.5885762,517.849046
2024-07-12,23.67,21.1945914,508.398462
2024-07-15,23.85,21.355767,512.26461
2024-07-16,23.78,21.2930876,510.761108
2024-07-17,24.15,21.624393,518.70819
2024-07-18,24.07,21.5527594,516.989902
2024-07-19,24.19,21.6602098,519.567334
2024-07-22,24.16,21.6333472,518.922976
2024-07-23,23.35,20.908057,501.52531
2024-07-24,23.16,20.7379272,497.444376
2024-07-25,23.39,20.9438738,502.384454
2024-07-26,23.42,20.9707364,503.028812
2024-07-29,22.67,20.2991714,486.919862
2024-07-30,22.81,20.4245302,489.926866
2024-07-31,23.07,20.6573394,495.511302
2024-08-01,22.85,20.460347,490.78601
2024-08-02,22.9,20.505118,491.85994
2024-08-05,22.61,20.2454462,485.631146
2024-08-06,23.08,20.6662936,495.726088
2024-08-07,23.16,20.7379272,497.444376
2024-08-08,23.72,21.2393624,509.472392
2024-08-09,23.44,20.9886448,503.458384
2024-08-12,23.71,21.2304082,509.257606
2024-08-13,23.54,21.0781868,505.606244
2024-08-14,22.41,20.0663622,481.335426
2024-08-15,23.06,20.6483852,495.296516
2024-08-16,22.8,20.415576,489.71208
2024-08-19,22.9,20.505118,491.85994
2024-08-20,22.58,20.2185836,484.986788
2024-08-21,22.87,20.4782554,491.215582
2024-08-22,22.98,20.5767516,493.578228
2024-08-23,23.18,20.7558356,497.873948
2024-08-26,23.31,20.8722402,500.666166
2024-08-27,23.29,20.8543318,500.236594
2024-08-28,23.02,20.6125684,494.437372
2024-08-29,22.97,20.5677974,493.363442
2024-08-30,23.22,20.7916524,498.733092
2024-09-02,23.26,20.8274692,499.592236
2024-09-03,23.83,21.3378586,511.835038
2024-09-04,23.46,21.0065532,503.887956
2024-09-05,23.7,21.221454,509.04282
2024-09-06,23.54,21.0781868,505.606244
2024-09-09,23.47,21.0155074,504.102742
2024-09-10,23.62,21.1498204,507.324532
2024-09-11,23.14,21.3156424,511.3017871
2024-09-12,22.59,20.8090044,499.14897885
2024-09-13,22.94,21.1314104,506.8825841
2024-09-18,22.93,21.1221988,506.66162395
2024-09-19,23.69,21.8222804,523.45459535
2024-09-20,23.55,21.693318,520.36115325
2024-09-23,23.38,21.5367208,516.6048307
2024-09-24,23.92,22.0341472,528.5366788
2024-09-25,23.85,21.969666,526.98995775
2024-09-26,24.94,22.9737304,551.0746141
2024-09-27,25.67,23.6461772,567.20470505
2024-09-30,27.09,24.9542244,598.58104635
2024-10-08,26.8,24.687088,592.173202
2024-10-09,24.95,22.982942,551.29557425
2024-10-10,25.35,23.351406,560.13398025
2024-10-11,24.8,22.844768,547.981172
2024-10-14,25.03,23.0566348,553.06325545
2024-10-15,24.62,22.6789592,544.0038893
2024-10-16,24.88,22.9184608,549.7488532
2024-10-17,24.63,22.6881708,544.22484945
2024-10-18,24.83,22.8724028,548.64405245
2024-10-21,24.55,22.614478,542.45716825
2024-10-22,24.9,22.936884,550.1907735
2024-10-23,25.05,23.075058,553.50517575
2024-10-24,24.72,22.7710752,546.2134908
2024-10-25,24.56,22.6236896,542.6781284
2024-10-28,24.45,22.522362,540.24756675
2024-10-29,24.3,22.384188,536.9331645
2024-10-30,25.26,23.2685016,558.1453389
2024-10-31,24.88,22.9184608,549.7488532
2024-11-01,24.85,22.890826,549.08597275
2024-11-04,24.9,22.936884,550.1907735
2024-11-05,25.08,23.1026928,554.1680562
2024-11-06,24.94,22.9737304,551.0746141
2024-11-07,25.68,23.6553888,567.4256652
2024-11-08,25.44,23.4343104,562.1226216
2024-11-11,25.26,23.2685016,558.1453389
2024-11-12,25.39,23.3882524,561.01782085
2024-11-13,25.37,23.3698292,560.57590055
2024-11-14,24.93,22.9645188,550.85365395
2024-11-15,24.92,22.9553072,550.6326938
2024-11-18,24.63,22.6881708,544.22484945
2024-11-19,24.74,22.7894984,546.6554111
2024-11-20,24.82,22.8631912,548.4230923
2024-11-21,24.96,22.9921536,551.5165344
2024-11-22,24.23,22.3197068,535.38644345
2024-11-25,24.16,22.2552256,533.8397224
2024-11-26,24.24,22.3289184,535.6074036
2024-11-27,24.36,22.4394576,538.2589254
2024-11-28,24.3,22.384188,536.9331645
2024-11-29,24.51,22.5776316,541.57332765
2024-12-02,24.96,22.9921536,551.5165344
2024-12-03,25.22,23.2316552,557.2614983
2024-12-04,25.5,23.48958,563.4483825
2024-12-05,25.4,23.397464,561.238781
2024-12-06,25.49,23.4803684,563.22742235
2024-12-09,25.71,23.6830236,568.08854565
2024-12-10,25.4,23.397464,561.238781
2024-12-11,25.75,23.71987,568.97238625
2024-12-12,25.99,23.9409484,574.27542985
2024-12-13,25.53,23.5172148,564.11126295
2024-12-16,26.12,24.0606992,577.1479118
2024-12-17,26.0,23.95016,574.49639
2024-12-18,26.2,24.134392,578.915593
2024-12-19,26.23,24.1620268,579.57847345
2024-12-20,26.03,23.9777948,575.15927045
2024-12-23,25.83,23.7935628,570.74006745
2024-12-24,26.1,24.042276,576.7059915
2024-12-25,26.27,24.1988732,580.46231405
2024-12-26,26.09,24.0330644,576.48503135
2024-12-27,26.23,24.1620268,579.57847345
2024-12-30,26.15,24.088334,577.81079225
2024-12-31,25.96,23.9133136,573.6125494
