date,长城汽车,药明康德,福耀玻璃,通威股份,中国神华,顺丰控股,北方华创,用友网络
2021-01-04,35.87046585,104.91328136,43.0762889,35.88159995,12.1783305,82.46021472,141.71693175,45.04418814
2021-01-05,36.03988815,108.64734024,43.118562,36.6138775,11.9481675,85.212534,145.46664045,45.9212244
2021-01-06,35.4092607,109.98639824,43.0340158,36.5277272,12.1512525,84.36496548,141.25373244,45.61573986
2021-01-07,38.9483043,111.6774372,43.0762889,37.95782218,12.361107,84.09155628,140.09205798,43.13244618
2021-01-08,40.0024875,111.87638296,43.52438376,36.2692763,12.6115785,83.47182876,137.67312825,42.48205974
2021-01-11,43.4097582,112.86346,47.87851306,33.87429796,12.225717,83.7999198,147.13562844,43.2605526
2021-01-12,45.90403095,114.74579296,47.53187364,34.81333623,12.334029,84.3467382,151.67204073,44.43321906
2021-01-13,46.88291535,109.17531168,47.86160382,33.90014305,12.7334295,82.2961692,164.1048984,43.08317448
2021-01-14,42.19556505,108.6167332,46.01849666,32.65957873,12.604809,80.37319116,160.70810346,46.9066584
2021-01-15,40.95313485,106.71144496,44.57275664,33.1678655,12.6792735,80.1088956,157.97302182,42.21599256
2021-01-18,38.778882,109.8792736,46.06922438,32.9955649,12.807894,82.22326008,172.03075326,42.67914654
2021-01-19,37.6117506,109.71093488,45.26603548,32.03929657,12.686043,83.389806,169.84709937,44.92593606
2021-01-20,38.1200175,117.96718392,47.44732744,33.01279496,12.7334295,85.65910236,167.2664175,44.65001454
2021-01-21,38.44944975,122.42816,50.9390855,36.0108254,12.794355,92.2300368,165.5018487,46.60117386
2021-01-22,37.05642195,134.670976,52.89210272,38.63840955,12.631887,91.49183196,162.49472937,47.09389086
2021-01-25,40.76488785,140.8689016,53.92356636,38.1645829,12.3543375,93.13228716,164.09754603,50.3556774
2021-01-26,41.6402364,132.03877056,50.304989,39.47406746,12.212178,91.0452636,160.5022371,49.24213698
2021-01-27,39.72952935,129.506038,52.93437582,43.4197512,12.252795,91.03614996,159.31115316,48.91694376
2021-01-28,38.5718103,126.25404,50.0513504,42.37733257,12.022632,88.56635352,147.58412301,44.4430734
2021-01-29,39.4565712,127.27937584,49.882258,39.629138,11.77893,90.21592236,147.3414948,42.46235106
2021-02-01,37.5364518,131.0746488,49.89071262,37.3892302,11.494611,94.90033332,148.51052163,42.0287601
2021-02-02,41.29197945,133.140624,52.1227323,39.25007668,11.413377,97.515948,150.01775748,41.57546046
2021-02-03,38.92006725,136.79816528,51.15890562,39.90481896,11.3524515,95.9666292,144.4740705,40.9940544
2021-02-04,37.6870494,132.47492088,49.87380338,38.767635,11.291526,97.0146978,142.635978,39.00347772
2021-02-05,35.88929055,134.83931472,48.5717919,39.27592177,11.0681325,97.0146978,139.4744589,39.03304074
2021-02-08,37.88470875,135.436152,49.036796,40.21496004,11.115519,97.0146978,145.2828312,38.98376904
2021-02-09,38.4965115,139.28498728,50.72772,43.936653,11.250909,97.0146978,147.782637,40.5506091
2021-02-10,39.9648381,141.55756,50.71081076,46.57285218,11.3253735,106.7207244,148.21642683,42.62987484
2021-02-18,39.155376,131.5337544,49.29888922,46.59869727,11.792469,106.14656508,155.09824515,42.31453596
2021-02-19,38.35532625,132.36014448,47.33741738,43.90219288,12.2595645,105.6270876,145.7239734,40.8462393
2021-02-22,36.17166105,120.3621848,44.14157102,43.11822515,12.7875855,98.2450392,141.7536936,40.03818342
2021-02-23,33.3950178,118.60228,43.86256856,43.2474506,12.428802,99.69410796,141.79780782,38.6782845
2021-02-24,31.42783665,113.49090432,41.53754806,40.68878669,12.2731035,94.60869684,143.0771202,38.58959544
2021-02-25,30.44895225,112.6339072,42.32382772,41.05923298,12.537114,96.376743,140.52584781,37.446492
2021-02-26,29.52654195,109.94048768,40.0326257,40.47341094,12.0158625,95.65676544,131.9015178,36.3625146
2021-03-01,29.95951005,113.75106416,41.90955134,40.9213925,12.063249,95.5109472,136.88642466,37.13115312
2021-03-02,29.5171296,108.654992,42.42528316,40.35280052,12.171561,92.85887796,146.9738763,35.04203304
2021-03-03,29.99715945,111.49379496,44.0485702,37.1307793,12.428802,92.92267344,139.68767763,35.2785372
2021-03-04,28.62295635,105.96157248,41.6812766,33.41770137,12.252795,89.44126296,134.8424658,33.33723222
2021-03-05,29.6489025,103.74256208,41.50372958,32.08237172,12.306951,88.4934444,133.79842926,32.62771974
2021-03-08,27.07933095,95.73116936,38.74752346,29.10157134,12.1918695,82.98880584,121.32145737,32.6178654
2021-03-09,27.9918127,96.57286296,37.77524216,27.9126972,12.266334,82.02276,114.05731581,33.96790998
2021-03-10,29.20843478,102.52593224,39.80435096,28.49851924,12.1647915,83.76346524,111.9765951,33.47519298
2021-03-11,29.35100768,106.742052,41.46145648,29.79077374,12.374646,84.27382908,114.7704957,33.5540277
2021-03-12,29.0848716,107.00221184,41.20781788,29.02403607,12.5709615,83.68144248,112.11629013,32.64742842
2021-03-15,28.0868613,98.86839096,39.6098947,26.7927433,12.99744,81.53062344,107.02109772,31.74082914
2021-03-16,28.33398766,99.855468,39.9058064,26.87027857,12.889128,83.845488,102.60232335,32.4207786
2021-03-17,28.4195314,99.7024328,39.95653412,27.36133528,12.8417415,85.60442052,106.4623176,32.49961332
2021-03-18,28.68566748,102.51828048,40.48072056,28.0849978,12.807894,83.5720788,106.5358413,32.9134956
2021-03-19,27.3739968,96.64938056,38.891252,26.56013749,12.658965,78.12212208,104.403654,31.94777028
2021-03-22,27.93478354,95.1113768,39.1026175,27.06842426,12.6657345,77.46594,103.49196012,33.6032994
2021-03-23,26.95578296,94.35385256,37.69069596,26.72382306,12.2731035,77.010258,102.89641815,33.43577562
2021-03-24,26.38549136,94.36150432,35.2557654,25.94847036,12.036171,74.8685526,98.5952817,33.32737788
2021-03-25,26.74667604,99.36575536,34.86685288,26.41368198,12.252795,75.49739376,102.08765745,33.82009488
2021-03-26,29.4175417,104.18636416,36.33795676,27.59394109,12.2731035,75.0508254,103.99927365,34.6872768
2021-03-29,27.69716204,104.56895216,36.05049968,26.99088899,13.498383,74.80475712,104.67569169,34.42120962
2021-03-30,28.21992934,109.70328312,39.6521678,28.49851924,13.8030105,75.871053,106.15351806,35.8697976
2021-03-31,28.63814318,107.2776752,38.95888896,28.20560822,13.606695,73.83871128,105.53591898,35.18984814
2021-04-01,30.82426098,110.58323552,39.85507868,28.52436433,13.457766,74.4128706,111.74867163,34.96319832
2021-04-02,32.67770868,112.38905088,40.67517682,28.8603505,13.390071,75.72523476,120.76267725,34.69713114
2021-04-06,32.71572812,108.14997584,40.46381132,29.40309739,13.200525,74.99614356,117.85113873,35.88950628
2021-04-07,31.366038,108.3871804,39.0603444,28.429599,13.214064,73.7749158,120.1377258,35.43620664
2021-04-08,30.85277556,111.8687312,39.16179984,28.24006834,13.214064,73.6382112,119.26279377,35.46576966
2021-04-09,30.05436732,106.81091784,37.50469432,27.73178157,13.2072945,66.27439008,117.2703015,35.75154552
2021-04-12,28.88526954,101.55415872,36.49859454,26.77551324,13.26822,60.0588876,119.3289651,34.15514244
2021-04-13,29.06586188,102.916172,36.5662315,26.67213288,13.078674,59.0563872,115.7998275,34.66756812
2021-04-14,30.18743536,103.681348,37.40323888,27.4819457,13.2208335,58.71006888,114.29259165,35.6234391
2021-04-15,29.48407572,102.916172,37.4539666,27.80931684,13.3833015,58.86500076,112.6383084,35.8697976
2021-04-16,31.15693108,103.0309484,38.10497234,27.28380001,13.417149,58.06300044,111.10901544,35.43620664
2021-04-19,34.23650572,104.063936,41.91800596,28.84312044,13.4374575,58.99259172,115.79247513,36.18513648
2021-04-20,33.44760234,107.12464,41.56291192,29.29971703,13.4645355,58.72693974,115.32192345,35.8697976
2021-04-21,33.78027244,108.2341452,40.8358146,29.24802685,13.3291455,58.32388478,116.18950311,35.46576966
2021-04-22,32.316524,107.57609384,41.19936326,29.45478757,13.4916135,57.87502812,114.64550541,35.09130474
2021-04-23,32.05038792,114.86822112,41.14018092,30.4972062,13.2343725,60.02770802,120.55681089,35.20955682
2021-04-26,31.59415464,112.61860368,42.74655872,29.71323847,13.024518,60.54068706,122.3434368,33.33723222
2021-04-27,31.62266922,116.39092136,42.96637884,29.4634026,12.929745,59.42312558,122.17433229,34.35222924
2021-04-28,32.46860176,119.61996408,43.2031082,29.62708817,13.200525,59.98190632,120.7994391,34.43106396
2021-04-29,32.47810662,122.42816,43.29610902,29.35140721,13.2885285,58.69945872,124.82853786,33.3569409
2021-04-30,31.77474698,121.47169,43.39756446,30.35075069,13.0042095,58.9467879,121.76995194,32.7164088
2021-05-06,31.39455258,114.08008984,41.7658228,31.50516471,13.3968405,57.86586778,123.1521975,32.2236918
2021-05-07,29.69318264,109.48903384,40.99645238,31.014108,13.552539,56.2444876,119.3289651,31.8295182
2021-05-10,30.1304062,112.0217664,41.40227414,33.23678574,14.1956415,57.03227684,111.9030714,32.04631368
2021-05-11,29.31298824,114.76109648,40.2862643,33.09033023,13.8977835,57.3437284,112.491261,32.1251484
2021-05-12,30.25396938,117.20965968,41.25009098,33.34878113,14.1414855,56.94067344,120.20389713,31.86893556
2021-05-13,29.19892992,117.837104,40.10871728,32.38389777,13.6676205,57.82922642,117.0497304,30.78495816
2021-05-14,29.21793964,117.2249632,41.39381952,32.2202122,13.511922,57.59105758,120.39505875,31.3860729
2021-05-17,31.47059146,123.52236168,43.0340158,34.14136389,13.67439,59.7254168,124.94617578,34.34122043
2021-05-18,30.88129014,123.25455008,42.7803772,34.01213844,13.8571665,63.1147426,129.73992102,33.76605705
2021-05-19,32.75374756,121.3569136,43.33838212,35.14070737,13.742085,63.664363,129.46053096,34.16272145
2021-05-20,32.66820382,122.1220896,42.4844655,34.19305407,13.2749895,62.90405478,128.0782854,35.1047994
2021-05-21,32.44959204,125.03741016,42.08709836,34.0630392,13.3020675,61.66740888,124.18888167,33.5181418
2021-05-24,32.2689997,125.5653816,42.1885538,34.9731204,13.254681,62.95901682,125.89463151,34.96596686
2021-05-25,33.5521558,129.314744,43.0340158,34.65242512,13.376532,63.21550634,129.95313975,36.58237429
2021-05-26,35.19649658,128.26645288,42.6535579,33.68167184,13.4239185,64.12238,128.2253328,36.2947926
2021-05-27,34.5501661,129.4677792,43.04247042,33.31763936,13.525461,63.7559664,138.87156456,36.13612684
2021-05-28,34.9303605,125.65720272,43.541293,33.25696728,13.4916135,63.9849749,137.59960455,35.8981282
2021-05-31,35.15847714,127.9374272,44.20920798,34.78243672,13.525461,63.65520266,138.3716034,35.94771125
2021-06-01,35.79530276,134.5179408,43.2031082,34.27105776,13.5863865,64.17734204,148.517874,35.04529974
2021-06-02,36.3085652,134.61741368,42.46755626,33.29163704,13.647312,66.49490806,150.723585,33.4189757
2021-06-03,35.74777846,133.4084356,42.80574106,31.18544912,13.8436275,68.3361364,149.94423378,32.75456283
2021-06-04,36.6887596,136.42322904,45.55349256,30.92542592,13.728546,69.37125482,153.664533,33.03222791
2021-06-07,36.29906034,134.54854784,44.9785784,30.33604,13.742085,67.17277322,158.5170972,34.12305501
2021-06-08,37.76280878,133.41682,45.42667326,30.10201912,13.6811595,65.84452392,159.21557235,33.54789163
2021-06-09,38.1144886,134.21732092,47.4726913,29.902668,13.904553,65.84452392,159.57583848,33.66689095
2021-06-10,40.35763556,137.8333768,47.52341902,30.8560864,13.8300885,65.1300174,167.7810834,35.0056333
2021-06-11,42.1065298,134.35533832,49.02834138,31.41947,13.931631,65.06589502,161.07572196,35.32296482
2021-06-15,41.8689083,132.45989936,48.74933892,30.986098,13.742085,63.67352334,175.00846311,33.88505637
2021-06-16,37.6867699,125.135776,45.85785888,29.08792864,13.8571665,62.30863268,168.36192063,32.70497978
2021-06-17,38.2095372,125.135776,46.42431842,29.88533312,13.755624,61.374278,185.19884793,33.0223113
2021-06-18,40.85188828,128.81624,47.33741738,30.1626912,13.430688,62.07962418,191.46306717,32.2289825
2021-06-21,42.03999578,134.336936,49.81462104,30.79541432,13.173447,65.27658284,185.25766689,33.00247808
2021-06-22,41.84989858,139.72881576,49.70471098,30.769412,13.146369,64.2597851,185.0591529,32.54631402
2021-06-23,43.04751094,141.007777,50.69390152,31.1161096,13.4509965,63.17886498,198.2934189,33.20081028
2021-06-24,42.6292971,139.4895856,49.27352536,34.1930508,13.5186915,64.14070068,189.63967941,32.46698114
2021-06-25,41.70732568,144.0901656,48.46188184,33.8896904,13.755624,64.15902136,194.102568,32.47689775
2021-06-28,42.12553952,144.92747116,48.71552044,35.89186904,13.3020675,63.2521477,198.03608595,32.08023335
2021-06-29,41.65029652,145.35072452,47.9376954,37.486678,13.1666775,61.77733296,201.36670956,32.24881572
2021-06-30,41.43168474,144.08096444,47.2190527,37.50401288,13.214064,62.0155018,203.94003906,32.98264486
2021-07-01,40.27209182,154.579488,46.4906225,37.4433408,13.146369,62.28115166,197.043516,32.39756487
2021-07-02,39.80635368,142.6639858,46.619168,36.37724568,13.051596,61.0078644,196.08035553,31.28690455
2021-07-05,42.5817728,141.58745008,45.41941,36.9232944,13.511922,59.98190632,211.66002756,31.19765506
2021-07-06,43.77938516,134.36453948,45.1109008,35.17247152,13.484844,59.5880117,212.483493,30.99932286
2021-07-07,44.0550261,144.09936676,47.0819318,36.6632712,13.471305,61.20023154,226.66621473,31.22740489
2021-07-08,43.14255954,139.857632,45.9678708,35.56250632,13.3562235,60.17427346,242.2605915,30.0473283
2021-07-09,46.69737718,138.73509048,46.2335315,35.94387368,13.525461,60.000227,241.973907,30.55307541
2021-07-12,46.4787654,147.8626412,46.704865,35.32848544,13.11604608,58.79106212,246.12203112,32.1298164
2021-07-13,45.623328,145.1943048,46.2335315,36.89729208,13.23514752,59.2215981,237.80371839,32.94297842
2021-07-14,42.8193943,148.33190036,43.7568882,34.86044368,13.33191744,61.6490882,232.87598229,32.5264808
2021-07-15,41.59326736,151.81914,43.7226094,35.04245992,13.33191744,59.8170202,244.180356,32.21906589
2021-07-16,42.46771448,151.9111516,44.305349,33.5429928,13.45846272,59.8170202,238.45094343,31.72323539
2021-07-19,43.0570158,154.4414706,44.133955,34.22772056,13.5477888,57.9391505,237.67133145,33.03222791
2021-07-20,43.26612272,152.2331922,43.876864,34.40106936,13.3244736,57.1605216,231.50798391,31.9314842
2021-07-21,47.59083402,153.4753488,44.2539308,37.84204304,13.12348992,56.68418392,254.66098875,35.12463262
2021-07-22,48.50330058,149.00358504,43.4569487,38.47476616,13.20537216,56.82158902,275.93851194,36.2947926
2021-07-23,52.2292057,141.697864,42.1457846,37.73803376,13.22770368,56.4734961,274.61464254,36.37412548
2021-07-26,51.73495298,136.85805384,41.1431297,37.28732688,12.85551168,54.6872298,271.06225965,34.96596686
2021-07-27,49.57734976,133.0487736,39.5234564,36.4465852,12.67685952,52.08569324,274.335159,35.98737769
2021-07-28,48.48429086,140.5937248,40.6717962,35.83119696,12.56520192,51.16965924,274.24690104,36.12621023
2021-07-29,53.33176946,143.51969368,42.8227909,37.9633872,12.56520192,54.02768532,289.75088268,36.23529294
2021-07-30,57.70400506,138.0174,41.391651,37.46067568,12.654528,54.14676974,317.728656,35.5014638
2021-08-02,60.55546306,140.5937248,43.4740881,39.74887984,12.83318016,55.67654652,296.1054558,39.05161018
2021-08-03,56.19273232,146.18803008,44.3481975,39.653538,12.84806784,55.82311196,266.49491022,40.86634981
2021-08-04,58.2647918,146.18803008,46.104986,43.62322552,12.9150624,55.9696774,291.986751,41.04484879
2021-08-05,60.25130754,148.0926702,46.2678103,44.43796488,12.97461312,54.96204,280.93244151,39.67635661
2021-08-06,59.42438472,135.4410752,45.8650344,43.93525336,13.04160768,54.95287966,276.541608,38.86319459
2021-08-09,57.04816972,131.37416248,46.619168,42.92116288,13.08627072,56.2902893,269.09852004,40.84651659
2021-08-10,55.3182852,134.02409656,45.1794584,42.7304792,13.16815296,55.80479128,261.55246446,40.87626642
2021-08-11,54.5578964,132.036646,43.7825973,40.89298192,13.33191744,54.3666179,266.980329,39.8647722
2021-08-12,57.63747104,128.0801472,44.4938824,41.33502136,13.31702976,54.49486266,272.84212851,39.72593966
2021-08-13,55.5559067,127.65689384,43.6112033,39.9568984,13.36913664,55.06280374,256.66885734,37.59386851
2021-08-16,54.85254706,125.57743168,43.70547,40.736968,13.34680512,54.65974878,255.02873025,38.0797824
2021-08-17,52.83751674,119.5690742,41.9229724,41.57770968,13.23514752,53.57882866,238.7377818,36.27495938
2021-08-18,51.68742868,118.34531992,40.8431902,41.1270028,13.07138304,52.9009635,250.799703,36.93937225
2021-08-19,54.37730406,120.305167,41.4687783,42.48779088,12.94483776,52.89180316,266.59787784,35.84854515
2021-08-20,55.38481922,113.174268,40.4147052,42.43578624,12.84806784,53.18493404,269.0396814,35.74937905
2021-08-23,57.72301478,114.08518284,41.048863,43.70989992,13.16070912,51.94828814,292.00881549,36.80053971
2021-08-24,56.56342186,120.41558092,41.5030571,43.9439208,13.2500352,55.06280374,286.83837,36.95920547
2021-08-25,58.19825778,121.80495608,40.8431902,47.35889216,13.41379968,54.95287966,290.2215918,35.699796
2021-08-26,55.39432408,115.76899512,40.1404748,46.96885736,13.57756416,54.1834111,281.689989,34.708135
2021-08-27,59.85210342,119.55987304,40.0290687,49.72510328,13.51801344,52.41546548,286.83837,35.06513296
2021-08-30,61.8766386,120.0291322,41.4173601,52.42934456,14.09118912,52.54371024,258.16188783,34.39080348
2021-08-31,62.84613432,122.1914048,41.048863,52.871384,14.88768,52.78187908,261.72162555,33.2206435
2021-09-01,61.70555112,122.17300248,41.2373964,48.8410244,14.53781952,53.6795924,253.741635,33.07189435
2021-09-02,60.52694848,118.25330832,40.4061355,53.6514536,14.96956224,52.08569324,233.20694964,32.30831538
2021-09-03,58.5499376,123.0195092,39.5834443,50.7478612,14.86534848,51.47195046,241.973907,32.44714792
2021-09-06,59.05369518,129.40511424,39.8833838,48.2343036,15.46085568,55.27349156,253.741635,33.10164418
2021-09-07,59.47190902,129.9203792,40.5432507,49.56042192,15.84049152,53.93608192,252.08679825,33.43880892
2021-09-08,58.29330638,128.73342956,39.9690808,47.77492928,16.23501504,56.04296012,252.270669,32.86364554
2021-09-09,58.17924806,129.53393048,39.6691413,49.32640104,17.85777216,58.27808308,249.23312421,32.53639741
2021-09-10,57.04816972,129.5523328,39.5320261,50.8345356,16.6742016,57.44449214,271.9080651,32.67522995
2021-09-13,57.32381066,125.43021312,38.6750561,48.06962224,17.8279968,56.6567029,251.88086301,32.37773165
2021-09-14,59.6905208,130.61966736,40.191893,45.04468568,17.23993344,58.45212954,277.07115576,31.95131742
2021-09-15,57.979646,130.40804068,39.5834443,45.94609944,17.02406208,59.0383913,274.9970937,31.6339859
2021-09-16,52.6094001,132.64392256,38.3665469,42.903828,17.23993344,58.626176,263.32497849,31.62406929
2021-09-17,53.99710966,140.2256784,38.2037226,42.83448848,16.09358208,58.2597624,262.567431,32.66531334
2021-09-22,52.9895945,141.13659324,37.2867647,42.5571304,17.70145152,61.48420208,272.85683817,32.5264808
2021-09-23,51.83950644,138.2934348,37.8695043,42.6438048,17.44091712,60.32999924,283.15360017,32.724813
2021-09-24,51.7064384,138.82710208,38.5807894,44.0739324,16.3020096,62.25367064,281.43992478,33.70655739
2021-09-27,50.87951558,139.4895856,38.5893591,43.4672116,16.32434112,63.23382702,276.62251113,33.29997638
2021-09-28,48.96903872,138.91911368,37.6038436,42.86915824,16.97939904,61.07198678,277.43889726,32.724813
2021-09-29,48.88349498,138.1094116,35.8470551,43.56255344,16.50299328,60.71473352,266.3919426,32.2289825
2021-09-30,49.9955636,140.5937248,36.2069825,44.15193936,16.86774144,59.8628219,268.95877827,32.85372893
2021-10-08,50.7559524,137.66775592,36.935407,43.73590224,15.9298176,63.69184402,259.63285383,33.98422247
2021-10-11,52.44781748,130.52765576,39.2920745,44.64598344,16.68908928,62.82161172,248.2990608,33.9148062
2021-10-12,54.25374088,131.60419148,39.6605716,45.70341112,16.55510016,63.21550634,242.54758374,33.29997638
2021-10-13,56.8390628,137.097284,40.6546568,47.5842456,16.01914368,62.4735188,248.04164175,33.62722451
2021-10-14,59.52893818,132.37708892,42.248621,47.12487128,15.77349696,60.65977148,249.29931768,33.01239469
2021-10-15,59.8330937,133.72045828,42.2229119,48.4509896,16.34667264,59.9086236,260.39775615,33.68672417
2021-10-18,60.2608124,132.2206692,42.0943664,48.37298264,17.56001856,59.11167402,264.2590419,32.56614724
2021-10-19,58.89211256,133.41682,42.248621,46.70883416,17.46324864,59.6338134,253.006152,32.4273147
2021-10-20,60.2608124,129.26709684,42.3000392,47.2808852,16.35411648,58.0765556,255.37440726,32.75456283
2021-10-21,58.1407044,129.9203792,42.334318,46.74350392,17.16549504,58.18647968,251.85144369,32.20914928
2021-10-22,59.64006225,128.61381448,42.4628635,47.34155728,16.10102592,57.252125,270.657744,32.39756487
2021-10-25,63.8707344,128.1721588,43.019894,49.404408,16.6369824,57.60937826,275.5854801,32.41739809
2021-10-26,63.49828245,127.7121008,44.3481975,48.64167328,16.27223424,57.46281282,276.47541453,31.48523675
2021-10-27,64.1572359,124.74012612,43.362682,49.0143732,15.61717632,57.6185386,276.52689834,30.31507677
2021-10-28,62.98257975,123.525573,42.8485,48.05228736,14.9993376,57.81090574,276.1738665,30.47374253
2021-10-29,64.94034,126.98520916,42.334318,49.60375912,14.80579776,59.20327742,273.04806375,31.5348198
2021-11-01,62.648328,119.78070088,41.4344995,47.67092,14.95467456,59.3590032,280.219023,30.62249168
2021-11-02,62.075325,121.24368532,43.276985,44.48130208,14.5899264,59.8628219,292.722234,31.14807201
2021-11-03,58.7328075,121.85096188,42.334318,44.61131368,14.9621184,59.68877544,285.00701733,31.32657099
2021-11-04,60.1844151,116.38547284,43.534076,45.6774088,14.99189376,59.34068252,281.14573158,31.50506997
2021-11-05,60.02206425,116.3026624,43.70547,43.3805372,14.515488,57.60021792,278.012574,31.72323539
2021-11-08,60.34676595,113.0822564,42.2143422,43.6838976,14.73135936,55.59410346,280.54263552,31.49515336
2021-11-09,60.1844151,116.83632968,40.4232749,43.75323712,14.4782688,55.21852952,297.2822286,32.3281486
2021-11-10,58.7519076,118.16129672,39.7376989,42.2104328,14.20284672,55.33761394,302.283513,32.21906589
2021-11-11,58.97155875,119.71629276,40.3375779,42.3837816,14.31450432,56.31777032,332.3647677,32.17939945
2021-11-12,58.97155875,118.6029524,40.5432507,42.88649312,14.23262208,57.0689182,324.34064817,32.74464622
2021-11-15,56.5171959,120.86643776,40.9803054,41.88973752,14.24006592,57.710142,305.82118623,32.40748148
2021-11-16,55.80094215,125.57743168,40.877469,42.15842816,14.1060768,58.08571594,299.38570998,32.57606385
2021-11-17,56.0587935,125.6418398,41.0317236,43.5105488,14.16562752,57.95747118,300.90815979,31.6339859
2021-11-18,56.41214535,120.535196,39.7719777,42.82582104,14.2177344,59.85366156,298.06184058,30.8406571
2021-11-19,56.54584605,119.8911148,39.934802,42.40978392,14.39638656,61.75901228,290.89088133,30.86049032
2021-11-22,61.20627045,118.5109408,41.6058935,42.66113968,14.41871808,61.04450576,296.81151948,31.85215132
2021-11-23,59.1912099,119.58747652,41.3745116,41.93307472,14.57503872,60.0918304,285.367404,31.46540353
2021-11-24,58.5800067,122.35702568,40.5261113,40.19958672,15.00678144,60.39412162,284.4848244,31.17782184
2021-11-25,56.2497945,124.04083796,40.106196,39.00348,15.11843904,58.57121396,288.0151428,31.08857235
2021-11-26,56.29754475,128.50340056,39.5491655,38.94280792,14.67925248,58.17731934,273.66586947,30.8406571
2021-11-29,56.0969937,131.576588,39.2920745,38.38809176,14.56759488,56.68418392,276.78431739,30.39440965
2021-11-30,57.1665993,132.496704,39.4120503,38.93414048,14.54526336,56.08876182,284.62456617,32.26864894
2021-12-01,55.26613935,134.63137312,38.8464501,39.57553104,14.9621184,56.22616692,280.7338611,32.51656419
2021-12-02,55.85824245,130.2884256,39.0092744,39.57553104,15.39386112,55.20936918,277.99786434,32.2289825
2021-12-03,54.626286,130.4724488,38.820741,38.11073368,16.8230784,55.420057,284.631921,31.88190115
2021-12-06,54.12013335,125.79825952,39.1121108,38.60477776,16.51788096,56.96815446,282.95501976,31.0389893
2021-12-07,53.3847795,125.76145488,38.649347,38.98614512,16.43599872,57.6185386,267.53929608,31.61415268
2021-12-08,53.75723145,128.356182,38.5893591,40.2602588,16.190352,57.76510404,278.29941237,34.77755127
2021-12-09,54.06283305,130.11360356,40.1576142,40.35560064,16.2275712,60.22007516,275.2177386,36.07662718
2021-12-10,54.19653375,128.7242284,39.592014,41.97641192,16.1531328,60.00938734,270.59890536,35.55104685
2021-12-13,52.68762585,124.47329248,39.6520019,41.820398,16.2275712,60.43992332,271.393227,35.62046312
2021-12-14,50.7489657,126.7919848,39.0264138,40.520282,15.81071616,58.56205362,271.0254855,35.66012956
2021-12-15,49.9849617,114.11278632,39.1206805,40.97098888,15.90748608,57.05059752,265.55349198,35.4022977
2021-12-16,50.89221645,114.97769536,39.5148867,40.9103168,17.0091744,58.04907458,271.7609685,35.699796
2021-12-17,49.66026,114.8304768,38.6836258,39.09882184,16.39877952,57.70098166,254.1093765,35.2039655
2021-12-20,48.323253,105.24286808,38.1523044,38.2667476,16.19779584,58.38800716,252.270669,34.4106367
2021-12-21,48.9917565,108.573688,38.3751166,38.79546144,16.5253248,59.4964083,254.83014984,34.37097026
2021-12-22,49.9085613,106.49422584,39.0864017,38.6134452,16.45833024,61.1452695,252.1235724,34.2123045
2021-12-23,50.5006644,105.77653536,40.7317841,38.18874064,16.87518528,61.1452695,250.6526064,34.65855195
2021-12-24,47.8648506,103.08059548,42.0515179,35.77052488,16.71886464,63.0689409,242.70939,35.31304821
2021-12-27,46.4705433,105.06804604,41.7430087,34.9731204,16.9719552,62.9773375,238.56126588,36.00721091
2021-12-28,46.795245,109.5858156,41.1945479,35.77052488,16.58487552,62.43687744,242.50345476,35.699796
2021-12-29,46.38459285,109.66862604,40.9374569,36.58526424,16.58487552,62.91321512,242.46668061,35.13454923
2021-12-30,46.413243,110.42312116,40.706075,36.4899224,16.33178496,63.22466668,250.14512313,35.67004617
2021-12-31,46.3559427,109.10735528,40.3975658,38.96881024,16.76352768,63.13306328,255.22731066,35.58079668
2022-01-04,45.6301389,100.1086208,40.191893,36.85395488,16.91984832,65.42314828,232.1184348,35.76921227
2022-01-05,43.9111299,100.99193216,40.363287,36.16922712,16.6742016,65.3132242,220.6449,37.21703733
2022-01-06,42.60277305,99.47374076,39.4548988,36.3165736,16.54021248,62.64756526,218.32077372,36.06671057
2022-01-07,43.13757585,100.18223008,40.2518809,36.4899224,16.75608384,62.8399324,215.75393805,35.26346516
2022-01-10,44.7897345,103.06219316,41.391651,36.30790616,16.95706752,62.96817716,212.44426455,35.1047994
2022-01-11,42.12527055,107.18431284,40.363287,35.3631552,16.8975168,61.99718112,203.728791,33.23056011
2022-01-12,44.93298525,107.5615604,40.4061355,36.84528744,16.99428672,62.05214316,216.232002,34.75771805
2022-01-13,42.96567495,106.57703628,39.9862202,35.61451096,17.26226496,60.31167856,208.47265635,34.708135
2022-01-14,42.9943251,104.87482168,41.1602691,35.90053648,16.76352768,60.44908366,212.34129693,36.1956265
2022-01-17,43.46227755,105.04044256,41.7772875,36.00454576,16.66675776,61.20939188,226.2345708,39.41852475
2022-01-18,43.7774292,108.3896648,42.1457846,35.77919232,17.37392256,60.95290236,231.3829518,38.48636341
2022-01-19,42.37357185,103.052992,41.0231539,35.11179944,17.50046784,60.1834338,225.41818467,38.55577968
2022-01-20,42.4404222,102.132876,42.1200755,34.66976,17.77588992,61.81397432,224.31496017,38.41694714
2022-01-21,42.02022,99.08729204,41.6573117,34.61775536,17.87265984,61.7406916,216.44529207,38.22853155
2022-01-24,41.3135163,102.9609804,42.0258088,35.39782496,17.95454208,59.84450122,220.6449,38.85327798
2022-01-25,40.99836465,100.9367252,41.6573117,33.6730044,17.4185856,57.81090574,218.5119993,37.4847858
2022-01-26,40.73096325,95.89448952,42.934197,34.7130972,17.24737728,59.48724796,227.264247,37.59386851
2022-01-27,38.62995225,94.97437352,42.162924,33.53432536,17.47813632,57.82922642,216.232002,35.699796
2022-01-28,38.1619998,96.4281568,40.7746326,32.3728884,16.77841536,58.0307539,208.141689,34.61888551
2022-02-07,39.2507055,96.152122,41.3659419,34.5397484,17.50046784,59.13915504,207.406206,34.82713432
2022-02-08,38.4867015,86.54611096,40.6889356,33.58633,18.57982464,60.0460287,190.43125836,35.84854515
2022-02-09,39.48945675,85.32235668,41.5459056,33.803016,18.19274496,58.79106212,187.95268065,36.14604345
2022-02-10,38.4867015,79.00115976,41.4602086,33.43898352,19.0562304,57.37120942,188.7249378,35.2039655
2022-02-11,36.96824355,76.43403612,40.0976263,32.8495976,19.43586624,57.33456806,183.27500877,33.2206435
2022-02-14,36.3856905,78.4858948,39.4720382,32.4595628,19.18277568,55.76814992,184.9739745,31.733152
2022-02-15,36.91094325,86.33448428,39.5234564,33.49098816,18.6840384,56.41853406,196.1533161,32.59589707
2022-02-16,37.4934963,89.92293668,40.0376384,33.29163704,18.75103296,56.5192978,195.638478,32.11989979
2022-02-17,37.1305944,90.5394144,40.2261718,34.3663996,18.84035904,56.4734961,199.05847395,32.24881572
2022-02-18,36.52894125,90.401397,39.8833838,33.85502064,19.19766336,56.2444876,197.844927,31.92156759
2022-02-21,36.4047906,90.3553912,39.7205595,34.29706008,19.65918144,56.9315131,193.9468671,32.90331198
2022-02-22,35.2587846,89.0672288,38.820741,36.23856664,19.8006144,55.15440714,196.66079937,31.81248488
2022-02-23,36.73904235,91.69876056,39.42062,37.24398968,18.98923584,55.33761394,216.32761479,32.45706453
2022-02-24,34.94363295,90.8154492,38.0837468,36.50725728,18.981792,53.48722526,215.8642605,30.81090727
2022-02-25,35.335185,95.1399944,38.4351045,36.48125496,18.28951488,54.8704366,221.78489865,31.1381554
2022-02-28,34.86723255,95.62765588,37.70668,37.1833176,18.78825216,55.3284536,222.96167145,31.08857235
2022-03-01,35.144184,97.302267,38.049468,37.5733524,19.3912032,52.70859636,222.9248973,31.10840557
2022-03-02,34.38973005,95.43443152,37.620983,38.15407088,19.5772992,53.20325472,217.702968,30.79107405
2022-03-03,32.3173692,94.57872364,36.0098794,37.45200824,20.07603648,53.60630968,209.14930071,30.59274185
2022-03-04,31.7443662,93.76902156,35.0157942,37.02730368,20.26213248,53.80783716,214.79781015,29.72999678
2022-03-07,30.4837596,91.1834956,33.1390299,36.619934,20.1355872,51.3895074,201.84595452,27.5681758
2022-03-08,29.02260195,90.33698888,31.4593687,37.08797576,19.24977024,50.00629606,210.2010414,26.75501378
2022-03-09,28.37319855,86.3068808,32.0935265,37.5733524,20.03881728,48.76965016,216.24671166,25.99143481
2022-03-10,28.3636485,94.43150508,32.8133813,38.88213584,19.77828288,49.18186546,227.15392455,25.43610465
2022-03-11,28.44959895,90.82465036,32.1106659,39.4801892,20.0239296,49.20018614,220.8655449,25.39643821
2022-03-14,27.09349185,88.91080908,31.108011,38.15407088,19.5028608,46.9009408,214.025553,24.61302602
2022-03-15,26.0334363,85.72720772,29.7282893,38.11073368,17.96198592,43.76810452,218.40903168,23.3040335
2022-03-16,27.07439175,93.45618212,30.9708958,39.5235264,18.4607232,45.44444674,235.34720517,25.17827279
2022-03-17,27.09349185,98.36960156,32.5048721,38.71745448,18.14063808,45.90246374,228.0732783,25.21793923
2022-03-18,27.18899235,95.34241992,30.6023987,38.3967592,18.63193152,45.343683,227.99237517,25.22785584
2022-03-21,27.22719255,97.2562612,30.2596107,38.81279632,19.4284224,43.81390622,230.58127533,24.37502738
2022-03-22,27.5805444,94.69833872,30.4310047,38.7434568,20.00904192,43.12688072,224.50618575,24.1965284
2022-03-23,27.504144,101.56240408,30.4310047,38.18874064,19.7633952,43.2368048,220.93173837,24.38494399
2022-03-24,27.313143,107.653572,30.079647,36.71527584,20.2472448,42.15588468,218.438451,23.12553452
2022-03-25,26.40588825,101.08394376,29.908253,35.78785976,20.23235712,41.16656796,210.348138,23.02636842
2022-03-28,26.0716365,102.47331892,30.1224955,37.4433408,21.75090048,40.22305294,208.141689,22.83795283
2022-03-29,25.83288525,102.84136532,30.0967864,37.7900384,22.39107072,39.22457588,202.92711453,22.72887012
2022-03-30,27.2558427,104.3871602,30.9794655,38.73478936,21.60946752,40.64442858,214.025553,23.12553452
2022-03-31,26.167137,103.40263608,30.4909926,37.00130136,22.16031168,41.8627538,201.522342,22.7090369
2022-04-01,26.5109388,100.35705212,30.2681804,37.54735008,21.98165952,44.885666,202.5520182,22.64953724
2022-04-06,25.50818355,99.45533844,29.6340226,35.8832016,21.7360128,44.94062804,194.07189921,22.2132064
2022-04-07,25.0593312,98.27758996,28.28001,35.82252952,22.16775552,43.63069942,190.76222571,21.48929387
2022-04-08,25.1548317,96.61218,27.8086765,35.42382728,22.75581888,44.20780084,192.696546,21.24137862
2022-04-11,23.34987225,95.48963848,26.051888,33.8896904,23.2992192,45.343683,183.3559119,20.37863355
2022-04-12,23.96107545,97.90954356,26.7203246,34.3663996,23.0386848,47.9085782,183.86339517,21.21162879
2022-04-13,24.01837575,93.64940648,26.4118154,34.0630392,23.81284416,48.091785,177.8397894,20.65629863
2022-04-14,24.64867905,97.83593428,27.3287733,34.09770896,24.02871552,47.4963629,192.71861049,20.84471422
2022-04-15,24.5245284,100.39385676,30.0625076,34.22772056,23.09823552,45.90246374,192.24054654,20.61663219
2022-04-18,25.16438175,98.5444236,30.5595502,34.9297832,22.30918848,47.8627765,200.786859,20.81496439
2022-04-19,24.26667705,94.56032132,29.8654045,34.6264228,22.9270272,47.23987338,194.66764044,20.24971762
2022-04-20,24.3144273,92.81210092,29.8139863,33.95902992,22.00399104,46.64445128,193.1378358,20.28938406
2022-04-21,23.13977115,88.90160792,29.308374,32.45089536,21.75090048,44.9772694,192.68183634,19.59522136
2022-04-22,23.2639218,93.4837856,29.0170042,31.92218152,22.10076096,44.50093172,187.1804235,19.3373895
2022-04-25,21.5640129,90.05175292,27.7229795,30.48338648,21.3638208,41.36809544,168.46238115,17.68131563
2022-04-26,21.30616155,94.2658842,28.1771736,31.66215832,21.19261248,41.60626428,165.39541704,16.79873734
2022-04-27,21.7932141,95.7380698,29.5226165,34.51374608,21.56480448,42.4123742,177.68533797,17.58214953
2022-04-28,21.9460149,95.02958048,29.2998043,34.4097368,23.23222464,43.511615,174.83901876,17.5523997
2022-04-29,23.7032241,94.98357468,30.4652835,35.6231784,22.91213952,46.9925442,175.780437,18.98039154
2022-05-05,23.6459238,90.2173738,30.8080715,35.29381568,22.80048192,46.3055187,172.84585983,18.32589528
2022-05-06,22.73866905,86.8589504,30.8594897,34.30572752,22.51017216,45.04139178,163.277226,18.16722952
2022-05-09,22.28026665,86.15046108,30.0110894,34.25372288,22.04121024,45.67345524,154.6720749,17.86973122
2022-05-10,22.01286525,89.69290768,30.3110289,34.68709488,21.34893312,45.49024844,168.2785104,18.20689596
2022-05-11,24.2189268,92.6096754,31.5107869,35.25914592,21.76578816,46.13147224,174.0888261,18.46614384
2022-05-12,25.6705344,93.18934848,31.6393324,34.89511344,21.31915776,45.343683,180.59785065,18.66556224
2022-05-13,28.23949785,92.83050324,32.2649205,34.9731204,22.9270272,45.6184932,182.9881704,18.55588212
2022-05-16,27.695145,90.91666196,32.222072,34.42707168,23.075904,44.59253512,178.14133743,18.62567856
2022-05-17,30.4646595,91.43192692,32.7791025,36.4899224,23.39598912,45.1604762,190.490097,18.5957658
2022-05-18,32.15501835,88.62557312,32.56486,36.33390848,23.19500544,44.5192524,193.57177077,18.78521328
2022-05-19,34.1509788,88.24832556,32.124818,39.36751248,23.05357248,43.2368048,195.58699419,18.0972198
2022-05-20,33.04099734,90.64982832,32.45926816,39.870224,24.0808224,46.29635836,193.5055773,19.1441664
2022-05-23,32.54342078,89.72051116,32.44166552,39.653538,24.17759232,45.95742578,196.67550903,18.82509696
2022-05-24,32.88789686,84.880701,34.04350576,38.96881024,24.19992384,44.25360254,192.3288045,17.8479468
2022-05-25,35.5001738,84.03419428,34.325148,39.15082648,24.66144192,44.427649,192.35086899,18.00748152
2022-05-26,33.71081194,81.0622196,34.0611084,38.99481256,24.81031872,46.25055666,188.27629317,18.00748152
2022-05-27,33.3471983,85.09232768,33.43621468,38.71745448,25.67380416,45.87498272,188.4307446,18.06730704
2022-05-30,32.55298956,85.3867648,35.10846548,38.73514304,25.27928064,47.23987338,190.3430004,18.56585304
2022-05-31,31.7683496,87.69625596,35.32849848,39.98266592,25.27928064,47.5421646,198.58041,19.30370112
2022-06-01,32.33290762,85.9848402,36.2174318,39.83225536,25.15273536,47.9085782,200.38969818,18.98463168
2022-06-02,33.94046266,83.39931424,36.82472288,41.91146016,24.70610496,47.51468358,212.34129693,19.18405008
2022-06-06,34.79208408,91.07308168,37.83687468,43.49519488,25.33138752,47.0383459,214.3932945,19.98172368
2022-06-07,33.57684902,92.41645104,36.4814714,44.2826384,25.0857408,48.48567962,204.59666094,19.7424216
2022-06-08,35.77766842,96.61218,36.84232552,44.73387008,26.19487296,48.9162156,205.7145951,20.12131656
2022-06-09,34.04571924,94.89230352,35.53973016,44.97275744,25.92689472,47.45972154,196.63138005,19.22393376
2022-06-10,34.94518456,95.08648968,37.3175968,47.36163104,25.91200704,48.1833884,200.05873083,19.2438756
2022-06-13,36.78239032,85.996728,37.95129184,47.40586944,25.10807232,47.2673544,194.93241432,19.17407916
2022-06-14,39.45207994,87.383772,38.18012616,47.4235648,25.68869184,46.60780992,183.9442983,19.22393376
2022-06-15,37.73926832,88.42867848,37.83687468,46.44147232,25.0857408,47.3891933,187.9159065,19.8421308
2022-06-16,36.94505958,88.47491328,37.4496166,47.45010784,24.1180416,47.83964344,192.4023528,20.11134564
2022-06-17,37.4139298,88.770816,37.3616034,48.219856,24.23714304,47.7109434,188.73229263,20.13128748
2022-06-20,37.26082932,90.5277384,37.63444432,47.998664,23.10567936,48.0786578,193.0642875,20.32073496
2022-06-21,36.66756496,90.32430528,37.0975638,47.12274368,23.20989312,47.9407649,195.67525215,20.13128748
2022-06-22,36.35179522,86.69025,36.79831892,48.3525712,22.87492032,46.06542146,187.0333269,19.40341032
2022-06-23,38.66743998,87.34678416,38.64659612,48.82149824,23.34388224,45.6885142,194.7558984,19.90195632
2022-06-24,38.18900098,94.93853832,38.80501988,51.28115328,23.2247808,48.37282932,197.4036372,20.08143288
2022-06-27,39.1841541,95.66904816,38.09211296,50.9183984,24.13292928,49.78852976,200.3455692,20.2908222
2022-06-28,40.36111404,94.4576964,38.1977288,52.21900736,24.44557056,50.9284444,205.68517578,20.191113
2022-06-29,36.37093278,93.79191528,36.49027272,50.36984224,24.54234048,50.24817276,200.81627832,22.21520976
2022-06-30,35.44276112,96.15913704,36.79831892,52.96221248,24.7879872,51.30535166,203.81704896,21.64686732
2022-07-01,35.62456794,95.0587488,35.94459088,52.78525888,24.65399808,51.46163028,207.46504464,22.0357332
2022-07-04,34.58157092,100.89358056,36.7895176,58.06732384,24.8624256,51.46163028,195.71938113,21.686751
2022-07-05,33.61512414,104.93450208,36.1734252,59.943032,25.6068096,51.88450184,201.9636318,20.97881568
2022-07-06,34.09356314,104.52763584,36.4814714,57.84613184,24.0808224,50.12866558,216.232002,20.7893682
2022-07-07,35.72982452,101.4391512,37.87207996,57.3329664,24.7135488,48.9979438,220.1300619,20.8392228
2022-07-08,34.3997641,101.9014992,37.0975638,56.38626464,24.8996448,49.99077268,224.322315,20.56003704
2022-07-11,32.66781492,99.867168,36.3494516,53.3515104,23.361037,48.262515,220.30657782,19.93186908
2022-07-12,32.2467886,97.8328368,36.50787536,53.19225216,23.94909069,47.55466478,206.66336817,19.45326492
2022-07-13,32.38075152,97.96229424,35.9973988,52.97106016,23.65909161,47.58224336,206.817967,19.51309044
2022-07-14,32.31377006,99.635994,36.525478,53.13916608,23.82020221,47.6190148,204.24930257,19.23390468
2022-07-15,33.012291,97.09308,36.79831892,52.8206496,23.96520175,46.77327168,206.6707656,19.16410824
2022-07-18,34.40933288,95.31766368,36.8335242,51.92703392,24.59353309,47.72013626,199.56829805,19.96178184
2022-07-19,34.08399436,93.91212576,37.34400076,51.19267648,24.23908977,50.101087,194.61497094,20.76942636
2022-07-20,33.57684902,94.70736432,36.7895176,50.72374944,23.96520175,49.5495154,195.88826305,21.3377688
2022-07-21,32.80177784,94.46694336,36.71030572,49.21964384,22.62798377,48.722158,206.50148399,20.9887866
2022-07-22,33.67253682,94.79983392,37.0535572,49.64433248,22.82937202,48.722158,201.2243138,20.67968808
2022-07-25,32.4381642,93.33881424,36.06780936,47.61821376,23.0388158,48.38202218,200.193904,20.15122932
2022-07-26,32.60083346,93.91212576,36.34065028,48.09598848,23.40131465,47.90399346,199.77438001,21.1383504
2022-07-27,32.26592616,89.10370656,36.76311364,49.03384256,23.22409299,46.82842884,194.29848793,21.29788512
2022-07-28,32.37118274,88.94650824,36.7895176,47.85710112,23.15159322,46.62618592,198.17724482,20.938932
2022-07-29,32.98358466,86.3666064,36.10301464,47.60936608,22.6360393,45.81721424,186.63665506,20.7893682
2022-08-01,34.5911397,86.57928648,36.20863048,47.32624032,22.90992732,44.94389254,188.75635522,20.53012428
2022-08-02,32.90703442,85.09052592,35.2492866,45.19394944,22.53131741,44.33716378,198.72925007,19.8421308
2022-08-03,32.35204518,85.66383744,34.65079684,43.96412192,22.24937386,44.29119948,210.09319815,20.51018244
2022-08-04,31.06982866,88.17901056,34.26353876,44.52152576,22.24131833,44.3555495,212.4116202,20.91899016
2022-08-05,30.36173894,88.53039504,34.48357176,44.97275744,21.98354137,44.87954252,233.65278222,22.12547148
2022-08-08,30.93586574,87.0138936,34.36035328,44.76041312,22.46687317,44.71407104,239.11395416,21.70669284
2022-08-09,30.87845306,86.69025,33.9730952,46.1848896,22.95020497,45.01743542,239.84996116,21.57707088
2022-08-10,30.26605114,84.2860404,33.16337376,45.4328368,22.83742755,44.15330658,243.9863205,21.22808868
2022-08-11,30.48613308,87.39301896,34.46596912,46.06102208,22.91798285,45.49546414,245.51721506,21.7366056
2022-08-12,30.1895009,87.60569904,34.36035328,45.22934016,23.31270382,45.77124994,240.0118827,21.54715812
2022-08-15,29.95985018,87.35603112,34.43956516,47.16698208,23.53825866,45.88156426,240.9686918,21.16826316
2022-08-16,30.08424432,84.147336,34.4131612,47.38817408,23.51409207,45.6425499,231.01787716,20.76942636
2022-08-17,30.5244082,85.01655024,34.56278364,48.4852864,23.40937018,46.50667874,231.90108556,21.11840856
2022-08-18,29.93114384,83.95314984,34.60679024,50.58218656,23.34492594,45.70689992,232.30588941,20.81928096
2022-08-19,29.27089802,83.60176536,34.31634668,53.05068928,23.9249241,45.85398568,225.67446634,20.33070588
2022-08-22,32.1989447,84.35076912,34.97644568,54.13010624,24.28742295,46.58941448,227.05079943,21.15829224
2022-08-23,32.8687593,82.3441788,34.43076384,52.2455504,24.61769968,45.71609278,220.64017846,21.686751
2022-08-24,31.98843154,81.1883088,33.72665824,51.69699424,24.84325452,45.1369426,211.84489481,20.62983348
2022-08-25,33.48116122,81.9743004,33.93788992,50.85646464,26.08380614,45.57819988,212.02889656,20.42044416
2022-08-26,33.8256373,82.8065268,33.55063184,49.92745824,25.18158678,45.38514982,207.95141778,19.94184
2022-08-29,32.49557688,81.85408992,33.86747936,50.23712704,25.68102964,44.29119948,209.23206996,19.23390468
2022-08-30,32.7252276,80.7721956,34.0611084,49.15771008,24.58547756,45.15532832,211.60937257,20.01163644
2022-08-31,32.01713788,82.8989964,34.37795592,46.78653184,24.44047802,45.44030698,207.553974,20.03157828
2022-09-01,30.8593155,81.142074,34.7212074,46.73344576,25.06075383,44.91631396,206.70756595,20.31076404
2022-09-02,30.2851887,79.75503,35.01165096,46.19373728,24.69825498,44.5394067,210.16679885,20.0914038
2022-09-05,29.84502482,77.4895248,34.29874404,46.4060816,26.22880568,43.88671364,213.44939007,19.73245068
2022-09-06,30.46699552,77.86865016,35.4693196,50.31675616,26.48658264,43.56496354,213.44203,19.65268332
2022-09-07,30.70621502,77.89639104,35.68055128,50.15749792,26.26908333,43.206442,231.842205,19.56294504
2022-09-08,29.64408044,76.50934704,36.29664368,49.989392,26.0193619,44.16249944,230.39227121,19.27378836
2022-09-09,29.95985018,78.44196168,35.98859748,48.27294208,26.36574969,46.31362868,230.0021875,19.48317768
2022-09-13,30.620096,70.6005396,36.33184896,48.65339232,26.14019485,47.24210754,231.12827821,19.52306136
2022-09-14,30.37130772,69.64810272,35.26688924,47.53858464,26.05963955,46.883586,240.24004487,19.65268332
2022-09-15,29.25176046,71.02589976,34.75641268,45.3885984,26.09186167,46.41475014,228.898177,19.3934394
2022-09-16,27.63463664,68.18708304,34.21953216,43.81371136,24.93992088,44.7692282,232.40157032,19.47320676
2022-09-19,28.68720244,68.0576256,34.34275064,44.12338016,25.3749195,44.73245676,232.578212,17.97756876
2022-09-20,28.54367074,68.4737388,34.68600212,44.5038304,25.25408655,45.07259258,228.41977245,18.13710348
2022-09-21,28.17048832,66.4856424,34.0611084,44.31802912,25.11714254,44.01541368,218.75600054,18.23681268
2022-09-22,27.39541714,64.8674244,33.17217508,43.45980416,25.76964047,41.66204152,217.76975116,18.43623108
2022-09-23,27.26145422,64.19239632,33.05775792,43.6190624,25.11714254,42.9306562,209.761995,17.9975106
2022-09-26,27.4623986,65.16332712,33.0489566,43.07050624,24.45658908,42.08491308,214.21483735,17.70835392
2022-09-27,28.12264442,66.80003904,32.97854604,43.63675776,24.4888112,44.23604232,217.10734486,18.05733612
2022-09-28,26.89784058,65.4684768,32.32724836,41.4956192,24.68214392,43.9418708,209.92391654,17.78812128
2022-09-29,26.8882718,67.0866948,32.1688246,42.45116864,25.30241973,43.46384208,214.75212246,17.7482376
2022-09-30,26.6012084,66.29145624,31.51752692,41.54870528,25.48769692,43.40868492,204.9043488,17.5488192
2022-10-10,24.99365336,63.9427284,31.01585168,41.19479808,25.76158494,41.81832014,184.41391392,16.97050584
2022-10-11,24.96494702,64.1739024,30.69900416,41.97339392,25.46353033,41.38625572,165.9695785,16.68134916
2022-10-12,25.77829332,64.5437808,31.58793748,42.78738048,25.72130729,42.0113702,170.753624,17.32945896
2022-10-13,25.29028554,68.0576256,31.47352032,42.02648,25.02853171,42.0113702,163.2463526,18.03739428
2022-10-14,25.80699966,74.86338816,32.85532756,44.5480688,25.40714162,45.4586927,165.51325416,18.35646372
2022-10-17,26.30457622,76.1949504,32.84652624,44.02605568,25.11714254,47.12260036,178.849701,19.2937302
2022-10-18,26.33328256,75.67712064,32.4328642,43.80486368,24.96408747,46.77327168,175.8320723,19.17407916
2022-10-19,25.67303674,74.1143844,32.22163252,43.29169824,25.00436512,47.08582892,177.377687,18.97466076
2022-10-20,25.31899188,72.92152656,31.7727652,41.805288,24.52908885,46.58022162,195.1154557,19.37349756
2022-10-21,25.14675384,71.11836936,31.244686,41.59294368,24.82714346,47.07663606,193.29015834,19.28375928
2022-10-24,25.8835499,68.64018408,30.42616324,40.54006976,24.04575705,45.35757124,195.7042613,20.59992072
2022-10-25,26.03665038,67.6877472,30.38215664,41.91146016,24.02964599,45.11855688,192.60567183,21.16826316
2022-10-26,26.68732742,72.3112272,30.61099096,42.22997664,23.36909253,46.12057862,192.6866326,23.2820982
2022-10-27,28.0365254,72.588636,30.42616324,41.65487744,23.62686949,46.76407882,193.53304065,24.85750356
2022-10-28,27.7016181,72.48691944,29.31719692,39.96497056,23.65103608,45.85398568,195.7042613,23.5313712
2022-10-31,27.90256248,70.6467744,29.42281276,38.487408,22.57965059,44.36474236,195.5570599,24.36892848
2022-11-01,28.19919466,74.900376,31.45591768,39.86764608,22.89381626,45.46788556,194.98297444,25.924392
2022-11-02,28.71590878,75.02058648,32.14242064,40.22155328,23.48186995,46.423943,192.57623155,27.2206116
2022-11-03,27.97911272,75.11305608,32.3008444,40.1242288,23.22409299,44.41070666,196.8818725,24.54840504
2022-11-04,29.8545936,77.674464,33.50662524,42.2034336,23.95714622,45.98268572,200.6355082,24.69796884
2022-11-07,29.58666776,79.69030128,33.56823448,41.97339392,24.30353401,46.12977148,194.04824555,24.43872492
2022-11-08,29.38572338,77.3508204,33.5330292,41.44253312,24.09409023,46.12057862,190.22836922,25.0768638
2022-11-09,28.92642194,76.31516088,32.83772492,40.3011824,23.69131373,45.9643,183.7073472,24.53843412
2022-11-10,28.93599072,76.07473992,32.64409588,39.81456,23.72353585,45.32999266,172.961645,24.13959732
2022-11-11,29.29960436,78.93205056,32.8289236,40.6108512,24.04575705,48.29009358,175.33158754,24.3788994
2022-11-14,28.87857804,80.59650336,32.90813548,39.67299712,23.0388158,47.63740052,174.78694236,24.38887032
2022-11-15,29.4718424,80.75370168,33.27779092,40.5223744,23.03076027,49.10825812,184.00911007,24.44869584
2022-11-16,28.81159658,81.604422,32.79371832,39.81456,23.23214852,49.63225114,178.20937491,24.86747448
2022-11-17,27.97911272,79.4776212,32.4768708,39.08905024,22.74881672,49.42081536,178.44489715,26.54258904
2022-11-18,27.77816834,79.99545096,32.28324176,38.87670592,22.78103884,48.25332214,169.67169371,25.94433384
2022-11-21,27.92170004,79.0152732,31.7727652,38.9740304,22.54742847,47.5270862,169.7968149,24.16951008
2022-11-22,27.67291176,77.4895248,31.88718236,38.03617632,23.01464921,47.5270862,169.06816797,23.56128396
2022-11-23,27.61549908,75.83431896,31.98399688,39.150984,23.63492502,46.76407882,166.16094032,23.52140028
2022-11-24,27.64420542,75.99151728,31.57033484,38.85016288,23.69131373,46.47910016,169.00192734,23.0328252
2022-11-25,27.25188544,75.76959024,31.51752692,38.11580544,24.37603378,46.8376217,165.60893507,22.84337772
2022-11-28,27.48153616,70.34162472,31.244686,37.93000416,24.46464461,46.6078002,164.865568,22.46448276
2022-11-29,28.02695662,72.3112272,31.8607784,38.1777392,24.36797825,48.722158,165.60893507,22.80349404
2022-11-30,30.60095844,72.126288,32.67930116,38.32814976,24.60964415,48.722158,164.04860023,22.84337772
2022-12-01,30.69664624,73.97568,32.9609434,38.83246752,24.05381258,50.07350842,170.01025693,23.31201096
2022-12-02,29.86416238,71.8488792,32.3888576,38.05387168,23.67520267,49.25534388,167.02206851,22.51433736
2022-12-05,29.8067497,72.4961664,32.7409104,37.27527584,24.02964599,50.67104432,165.12317045,23.09265072
2022-12-06,30.2851887,72.32047416,32.68810248,37.28412352,24.12631235,52.4452663,175.3904681,22.77358128
2022-12-07,30.46699552,72.94002048,32.94334076,37.4699248,23.55436972,52.9968379,176.14119524,22.62401748
2022-12-08,30.1895009,74.01266784,32.80251964,37.40799104,23.4415923,52.6750878,175.169666,22.2850062
2022-12-09,30.1895009,73.97568,33.26018828,37.15140832,23.44964783,53.34616658,180.18187367,22.55422104
2022-12-12,29.62494288,74.63221416,32.0808114,36.63824288,22.90187179,52.33495198,179.55626772,23.680935
2022-12-13,29.663218,72.8660448,31.88718236,36.13392512,23.07909345,52.858945,173.1824471,22.96302876
2022-12-14,29.4239985,72.71809344,31.79916916,36.054296,23.21603746,54.6515527,178.3344961,23.12256348
2022-12-15,29.76847458,72.357462,32.49447344,36.6293952,22.86159414,53.81500244,181.88204984,23.27212728
2022-12-16,29.21348534,73.12495968,32.24803648,35.82425632,23.02270474,53.60356666,177.53960854,22.79352312
2022-12-19,28.90728438,71.46050688,31.79916916,35.62075968,22.66826142,53.5943738,172.5200408,22.06564596
2022-12-20,28.52453318,69.63885576,31.29749392,35.29339552,22.48298423,52.4452663,170.62850281,21.52721628
2022-12-21,28.00781906,69.51864528,31.40310976,34.5944288,22.33798469,52.7670164,167.809596,21.37765248
2022-12-22,29.19434778,71.201592,31.23588468,33.7538992,22.16881856,53.49325234,164.09276065,21.52721628
2022-12-23,28.2757449,71.22008592,30.87503056,33.61233632,22.28965151,53.48405948,160.31704474,22.5342792
2022-12-26,28.7541839,71.85812616,31.05105696,34.49710432,22.28965151,52.7670164,164.68892632,22.8334068
2022-12-27,28.91685316,72.99550224,31.26228864,35.45265376,22.61187271,55.10200284,167.45631264,22.91317416
2022-12-28,27.95997516,73.17119448,30.83102396,35.01026976,22.68437248,53.35535944,165.4543736,22.933116
2022-12-29,28.0365254,74.84489424,30.82222264,34.40862752,22.20909621,52.31656626,167.54463348,23.7307896
2022-12-30,28.34272636,74.900376,30.86622924,34.13434944,22.24937386,53.09795936,165.8223771,24.09971364
2023-01-03,27.8451498,75.53841624,31.244686,34.25821696,22.56353953,53.11634508,169.5024121,24.8275908
2023-01-04,27.40498592,76.3798896,30.85742792,33.1788,22.33798469,52.97845218,166.5583841,24.80764896
2023-01-05,27.83558102,81.34550712,31.22708336,34.1078064,22.2332628,55.35940292,168.03775817,24.45866676
2023-01-06,28.05566296,80.97562872,31.684752,35.833104,22.24937386,54.79863846,168.04511824,24.19942284
2023-01-09,27.93126882,82.65857544,31.4207124,35.47034912,22.3138181,54.5136598,168.8400058,24.2791902
2023-01-10,28.93599072,82.78803288,31.96639424,35.37302464,22.10437432,54.3298026,169.6496135,24.04985904
2023-01-11,28.35229514,82.81577376,31.84317576,35.01026976,23.21603746,53.92531676,168.4720023,23.51142936
2023-01-12,28.62978976,84.07336032,32.2128312,35.09874656,23.1999264,53.41970946,166.05053927,23.61113856
2023-01-13,28.14178198,84.147336,31.66714936,35.07220352,23.34492594,55.50648868,167.15454977,23.3319528
2023-01-16,28.36186392,90.78665328,32.8729302,36.11622976,23.05492686,56.15918174,173.697652,23.81055696
2023-01-17,28.49582684,88.45641936,32.39765892,36.07199136,23.08714898,55.69953874,178.52585792,23.5812258
2023-01-18,28.64892732,87.59645208,32.48567212,36.1870112,22.96631603,55.99371026,176.0528744,24.3290448
2023-01-19,28.57237708,90.14861304,32.84652624,36.22240192,23.00659368,56.10402458,180.80747962,25.24636944
2023-01-20,29.0890912,90.15786,32.6969038,37.09832224,23.12742663,55.49729582,180.82955983,26.00415936
2023-01-30,29.7110619,89.08521264,34.26353876,36.90367328,22.60381718,54.11836682,179.68138891,24.8774454
2023-01-31,29.60580532,86.227902,34.36035328,37.34605728,22.86964967,53.90693104,172.43908003,24.43872492
2023-02-01,30.9550033,86.81046048,34.4131612,37.63803072,22.78103884,53.1806951,175.28742712,24.64811424
2023-02-02,31.06025988,87.84612,34.5891876,37.01869312,22.95020497,53.7322667,188.11602913,25.64520624
2023-02-03,30.7157838,86.7364848,34.7212074,36.25779264,22.75687225,53.05199506,186.06992967,26.173665
2023-02-06,30.141657,84.55420224,33.96429388,36.054296,22.65215036,52.399302,186.945778,25.6252644
2023-02-07,30.10338188,84.7946232,34.05230708,36.02775296,22.67631695,52.8129807,183.73678748,25.08683472
2023-02-08,29.95985018,83.89766808,33.93788992,36.08083904,22.48298423,53.10715222,180.29227472,24.9771546
2023-02-09,30.26605114,84.44323872,34.02590312,36.41705088,22.57965059,53.2726237,186.3569724,25.76485728
2023-02-10,29.94071262,83.00995992,33.65624768,35.93927616,22.3138181,52.7670164,182.89037943,24.80764896
2023-02-13,30.25648236,82.5753528,33.56823448,35.7446272,22.09631879,53.37374516,185.68720603,24.79767804
2023-02-14,31.36646084,82.37191968,33.34820148,35.7003888,22.16881856,52.6750878,182.72109782,24.41878308
2023-02-15,31.44301108,80.4023172,33.10176452,35.95697152,21.91909713,51.3880874,188.36627151,25.21645668
2023-02-16,31.2899106,79.6163256,33.11936716,35.04566048,21.6693757,50.8365158,184.8113577,25.00706736
2023-02-17,31.18465402,78.79334616,33.04015528,34.36438912,21.77409759,49.5495154,175.19910628,23.182389
2023-02-20,31.20379158,79.72728912,33.1369698,35.28454784,22.21715174,50.56073,175.95719349,23.51142936
2023-02-21,32.66781492,78.83958096,33.43621468,36.96560704,22.46687317,50.04592984,175.94247335,23.17241808
2023-02-22,32.83048418,77.5819944,33.02255264,36.78865344,22.44270658,49.53112968,177.31144637,23.5313712
2023-02-23,34.10313192,77.74843968,33.05775792,37.45222944,22.57159506,49.67821544,176.7152807,23.02285428
2023-02-24,32.84962174,76.43537136,32.59128796,36.91252096,22.43465105,49.37485106,174.67654131,23.00291244
2023-02-27,33.0601349,75.7326024,32.64409588,36.44359392,22.52326188,49.11745098,169.84833539,22.75363944
2023-02-28,33.00272222,76.45386528,32.62649324,37.0717792,22.555484,49.57709398,171.67363275,23.21230176
2023-03-01,33.88304998,77.50801872,32.93453944,37.05408384,22.60381718,49.74256546,171.96803555,25.53552612
2023-03-02,33.3471983,77.1658812,32.8729302,36.48783232,22.70048354,50.0091584,172.7408429,26.39302524
2023-03-03,33.30892318,76.980942,32.83772492,36.46128928,22.92603838,49.94480838,183.22158258,25.88450832
2023-03-06,33.22280416,75.825072,32.48567212,37.2044944,22.66826142,49.3656582,187.59346416,25.69506084
2023-03-07,32.4860081,75.0853152,31.82557312,36.11622976,23.25631511,48.25332214,182.27949362,24.90735816
2023-03-08,32.50514566,73.9294452,32.01040084,35.63845504,22.94214944,48.86924376,183.25102286,25.25634036
2023-03-09,32.1511008,74.669202,31.75516256,35.31109088,22.99853815,48.262515,190.10324803,25.41587508
2023-03-10,28.93599072,74.17911312,30.80462,34.70944864,22.65215036,47.87641488,192.22294819,25.00706736
2023-03-13,27.26145422,73.02324312,30.77821604,35.24915712,23.37714806,49.5954797,193.45207988,27.50976828
2023-03-14,26.09406306,73.06947792,30.81342132,34.5944288,23.14353769,48.9979438,204.609946,27.94848876
2023-03-15,25.7400182,72.4036968,30.61979228,34.70944864,23.23214852,48.74973658,200.193904,27.34026264
2023-03-16,25.63476162,70.52656392,30.03010384,33.60348864,22.58770612,48.1705864,196.513869,26.98130952
2023-03-17,25.34769822,68.5662084,29.95969328,33.621184,23.01464921,48.262515,198.72189,28.13793624
2023-03-20,24.98408458,68.427504,30.19732892,33.86891904,23.22409299,47.55466478,204.08738103,25.3261368
2023-03-21,25.76872454,74.21610096,30.4965738,34.24936928,22.98242709,48.80489374,201.51135653,25.2264276
2023-03-22,25.89311868,75.1777848,30.43496456,34.26706464,23.25631511,48.93359378,196.89659264,24.15953916
2023-03-23,25.96966892,74.23459488,30.35575268,34.12550176,23.66714714,49.641444,197.50747845,24.8275908
2023-03-24,25.86441234,74.10513744,30.26773948,34.5501904,23.34492594,49.39323678,190.63317307,25.91442108
2023-03-27,25.91225624,75.85281288,30.37335532,34.65636256,22.29770704,49.77014404,185.78288694,25.176573
2023-03-28,27.13706008,75.10380912,30.41736192,34.18743552,22.05604114,49.181801,182.04397138,25.1267184
2023-03-29,26.62991474,74.10513744,30.33815004,34.23167392,21.96743031,50.1470513,200.09822309,24.28916112
2023-03-30,27.02223472,75.35347704,30.37335532,34.36438912,22.66020589,50.7445872,194.28376779,23.67096408
2023-03-31,26.72560254,73.513332,30.59338832,34.42632288,22.69242801,50.91005868,195.66746095,25.0768638
2023-04-03,26.14190696,71.99683056,30.68140152,34.80677312,22.46687317,49.76095118,206.00099923,26.04404304
2023-04-04,25.79743088,71.9413488,29.85407744,34.49710432,22.72465013,49.21857244,208.53286331,26.30328696
2023-04-06,25.65389918,72.6811056,30.07411044,34.3289984,22.49103976,50.26655848,226.27063201,25.6252644
2023-04-07,26.09406306,77.50801872,30.17092496,34.42632288,22.34604022,53.318588,230.11994862,26.11383948
2023-04-10,25.84527478,78.23852856,30.08291176,35.80656096,22.24131833,52.8129807,220.5812979,24.45866676
2023-04-11,25.66346796,77.4895248,29.73966028,35.85964704,22.21715174,51.95804472,217.4164678,24.6281724
2023-04-12,25.28071676,76.68503928,29.46681936,35.31109088,22.43465105,52.3073734,218.0052734,25.0270092
2023-04-13,24.74486508,79.69030128,29.32599824,35.18722336,22.69242801,51.9856233,210.50536207,24.3788994
2023-04-14,26.48638304,79.3389168,29.3964088,35.46150144,22.8777052,52.28898768,231.55516227,24.3290448
2023-04-17,27.8451498,79.17247152,30.11811704,35.88619008,23.39325912,52.28898768,242.0727023,23.92023708
2023-04-18,28.3714327,74.73393072,30.17972628,35.98351456,23.65909161,52.27979482,237.3622575,23.72081868
2023-04-19,27.80687468,73.38387456,29.90688536,35.31109088,23.59464737,51.480016,241.1158932,23.77067328
2023-04-20,26.95525326,72.24649848,29.77486556,35.11644192,23.56242525,51.020373,259.074464,23.3319528
2023-04-21,26.18975086,70.65602136,29.6164418,34.6386672,23.38520359,50.24817276,248.23308089,22.77358128
2023-04-24,26.73517132,69.3522,29.46681936,34.3289984,23.28853723,50.18382274,245.02409037,22.11550056
2023-04-25,25.4529548,62.41698,29.11476656,33.5769456,23.19187087,50.3768728,243.52999616,21.61695456
2023-04-26,25.75915576,63.18447768,29.51962728,35.62075968,23.11131557,50.61588716,246.55498493,21.34773972
2023-04-27,26.06535672,62.06559552,29.95969328,35.20491872,23.13548216,52.6750878,247.5191541,21.0884958
2023-04-28,25.70174308,62.44472088,29.8804814,35.24030944,23.42548124,51.8936947,246.20906164,21.54715812
2023-05-04,25.39554212,62.19505296,29.66924972,34.52364736,23.82020221,50.94683012,237.22977624,20.76942636
2023-05-05,24.93624068,61.46454312,29.23798504,33.89546208,24.07797917,50.07350842,237.08993491,21.06855396
2023-05-08,25.09890994,62.62041312,29.41401144,34.16089248,25.56019669,46.95712888,221.70738861,21.2380596
2023-05-09,25.37640456,61.48303704,29.18517712,33.90430976,25.51991904,47.09502178,221.67058826,20.938932
2023-05-10,27.08921618,61.5847536,29.71325632,34.42632288,25.26214208,46.6997288,213.0740265,20.80931004
2023-05-11,27.09878496,62.68514184,30.09171308,34.1520448,24.99630959,46.39636442,213.2212279,20.57000796
2023-05-12,26.57250206,61.23336912,29.80126952,33.81583296,24.84325452,46.39639986,210.2771999,20.19
2023-05-15,26.92654692,63.83176488,30.46136852,34.64751488,24.85131005,46.47954753,212.49994104,20.53
2023-05-16,26.03665038,63.65607264,30.39975928,34.47056128,25.10103148,45.35243467,218.55727865,20.08
2023-05-17,25.7878621,62.6943888,30.43496456,34.21397856,24.78686581,45.44482097,221.36146532,20.01
2023-05-18,25.63476162,61.78818672,30.2523282,33.93970048,24.90769876,45.19537796,221.71474868,20.1
2023-05-19,25.72088064,62.1395712,30.3710364,33.95739584,24.91575429,46.27629767,221.74418896,20.07
2023-05-22,26.0270816,63.2492064,30.498876,34.07241568,24.83519899,46.58117246,218.82224117,20.0
2023-05-23,25.5486426,63.97046928,30.453219,34.0193296,24.77881028,45.83284343,214.53132036,19.71
2023-05-24,25.29028554,63.6190848,30.2614596,34.23167392,24.31964507,45.0845144,218.96944257,19.63
2023-05-25,23.7305744,62.71288272,30.1610142,34.56788576,24.20686765,45.19537796,220.18385412,19.43
2023-05-26,22.71628372,61.04842992,30.3071166,33.95739584,23.6027029,45.15842344,221.9797112,19.42
2023-05-29,21.7211306,61.76044584,30.042306,33.34690592,23.72353585,44.36390126,224.15093185,19.26
2023-05-30,22.008194,61.492284,29.9601234,32.93991264,23.49798101,43.8834925,224.56309577,19.58
2023-05-31,21.61587402,60.10524,29.6222616,32.70030092,22.74076119,43.72643579,223.34132415,19.88
2023-06-01,21.83595596,62.0471016,29.4761592,32.27860888,22.53131741,43.65252675,218.33647655,20.43
2023-06-02,22.56318324,62.73137664,30.3436422,32.49903881,22.76492778,44.93669632,219.46992733,20.65
2023-06-05,22.3909452,61.11315864,30.3436422,31.85691684,23.00659368,44.68725331,233.314219,20.46
2023-06-06,22.3431013,59.5966572,29.9601234,30.78351892,23.61075843,44.49324208,227.7941665,20.07
2023-06-07,22.09431302,58.51476288,30.0331746,30.19890041,23.61881396,43.83729935,226.690156,20.43
2023-06-08,22.02733156,59.28226056,29.9783862,30.05514176,23.8443688,44.39161715,222.2005133,20.0
2023-06-09,22.22827594,62.36149824,30.1244886,30.49600162,23.72353585,44.41933304,225.954149,20.44
2023-06-12,22.68757738,62.61116616,30.635847,30.59184072,24.02964599,45.06603714,232.4310106,20.54
2023-06-13,23.02248468,63.62833176,30.681504,30.49600162,23.86047986,45.04755988,235.8902435,21.05
2023-06-14,23.08946614,63.38476758,30.6541098,30.40974643,24.19075659,45.39862782,233.0198162,20.99
2023-06-15,23.74971196,66.4200417,31.3754904,31.99109158,24.16659,45.86979795,233.64542215,20.91
2023-06-16,23.7784183,67.27254153,31.3024392,33.02615386,24.13436788,45.98066151,235.8166428,21.71
2023-06-19,24.26642608,65.3895474,31.4211474,32.9686504,24.02159046,45.1769007,232.26172899,22.76
2023-06-20,23.97936268,64.59325635,31.4941986,33.11240905,24.0054794,44.82583276,228.87609679,23.13
2023-06-21,23.99850024,59.3002629,31.3937532,32.83447566,24.01353493,44.13293551,217.0484643,22.52
2023-06-26,24.09418804,60.05908143,31.5215928,32.56612618,23.91686857,43.49547004,219.44048705,21.61
2023-06-27,24.0176378,59.6749881,31.5124614,32.83447566,24.15047894,43.89273113,221.52338686,21.12
2023-06-28,23.85496854,58.68196632,31.8777174,32.98781822,24.46464461,43.76339031,231.12827821,20.41
2023-06-29,24.03677536,57.91377966,32.096871,32.63321355,24.28742295,41.35210788,229.47962253,20.66
2023-06-30,24.08461926,58.37281803,32.736069,32.88239521,24.77075475,41.65698267,233.79262355,20.5
2023-07-03,25.03192848,59.66561997,32.5625724,32.79614002,25.10103148,42.82105005,223.68724744,20.6
2023-07-04,25.08934116,60.75232305,32.9278284,32.18276978,25.06075383,42.60856156,225.61558578,20.73
2023-07-05,24.63003972,60.46191102,32.644755,31.41605698,25.3152403,42.01728924,217.122065,20.23
2023-07-06,24.85969044,59.46888924,32.6173608,31.19562705,25.12219514,41.46297144,213.43466993,20.06
2023-07-07,24.79270898,59.02858713,32.690412,30.8601902,25.1836186,41.65698267,209.86503598,19.94
2023-07-10,24.51521436,59.5813068,32.5717038,33.10282514,25.12219514,42.89495909,210.85128536,19.81
2023-07-11,25.08934116,59.8623507,32.8821714,32.70988483,25.01689778,43.72643579,216.21677639,19.88
2023-07-12,24.88839678,59.3939442,33.375267,33.21783206,24.93792476,43.37536785,209.58535332,19.31
2023-07-13,24.84966381,62.88825669,33.4757124,33.31367116,25.16606904,43.67100401,213.42588138,19.51
2023-07-14,24.5882922,63.38476758,33.055668,32.84405957,25.32401508,43.7911062,220.3329394,19.2
2023-07-17,24.23979672,61.69850418,32.644755,32.585294,24.35878928,43.43079963,212.8140502,19.39
2023-07-18,24.67541607,63.72202026,33.0647994,32.61404573,24.42021274,43.31069744,211.23655776,18.93
2023-07-19,24.52052919,63.58149831,33.1287192,32.3936158,24.53428488,43.5139473,203.91669798,18.83
2023-07-20,24.13331199,63.36603132,33.0647994,32.44153535,24.35878928,43.71719716,204.16732762,18.39
2023-07-21,24.26883801,63.5159214,32.964354,32.13485023,24.27981626,43.25526566,198.57238948,18.11
2023-07-24,24.09459027,63.45034449,33.2291646,31.80899729,24.20084324,42.83028868,197.14232624,18.14
2023-07-25,25.79834595,63.84380595,33.8409684,32.85364348,24.77120394,44.48400345,202.35394846,18.84
2023-07-26,25.2659223,64.81809147,33.8044428,32.95906649,24.9642491,44.6225829,204.74967296,18.48
2023-07-27,25.14007671,64.9211409,33.740523,32.59487791,24.90282564,45.07527577,201.85268918,18.17
2023-07-28,27.26977131,64.90240464,34.151436,33.16991251,24.92914998,45.96218425,203.452296,18.61
2023-07-31,28.61535108,67.14138771,34.5897432,33.3520068,24.90282564,45.96218425,209.22414918,18.87
2023-08-01,28.60567065,70.24223874,34.3249326,33.14116078,24.95547432,45.99913877,207.63928528,18.96
2023-08-02,29.25425946,69.1367994,34.4345094,32.92073085,24.49041098,45.01984399,208.82609034,19.06
2023-08-03,28.89608355,72.18144165,34.3249326,33.91745749,24.47286142,45.65730946,209.2020348,19.25
2023-08-04,28.87672269,70.78559028,34.836291,34.03246441,24.3938884,45.35243467,207.51397046,19.45
2023-08-07,28.77991839,69.29605761,34.3888524,33.77369884,24.44653708,45.01984399,208.6860326,19.37
2023-08-08,28.51854678,68.95880493,34.2975384,33.65869192,24.49918576,44.86278728,208.89980494,19.31
2023-08-09,28.1700513,71.42262312,34.3158012,33.58202064,24.42021274,44.97365084,206.78419592,19.31
2023-08-10,27.80219496,73.9145457,34.3158012,33.7353632,24.67468136,45.16766207,209.83598036,19.32
2023-08-11,27.09552357,73.6335018,33.9779394,33.26575161,24.13941978,44.03131058,205.3688756,18.84
2023-08-14,25.86610896,73.53045237,33.6583404,32.9686504,24.00779808,43.52318593,201.24822946,19.18
2023-08-15,25.76930466,73.08078213,33.4483182,31.85691684,24.14819456,43.38460648,199.77393746,18.67
2023-08-16,25.2659223,72.98710083,33.5031066,31.45439262,24.0428972,42.83028868,192.8005363,18.34
2023-08-17,25.5563352,74.69210049,34.1696988,31.49272826,24.05167198,42.99658402,194.69500152,18.18
2023-08-18,25.06263327,72.85594701,34.3614582,31.09978795,23.9990233,42.56236841,189.446522,17.1
2023-08-21,24.54957048,72.8840514,34.4527722,30.34265906,23.70068078,41.25048295,188.46611782,17.05
2023-08-22,24.89806596,72.68732067,34.6262688,30.1893165,24.14819456,40.9271309,189.9993815,17.75
2023-08-23,24.201075,71.60061759,34.4527722,29.3267646,24.60448312,40.649972,185.11210352,17.31
2023-08-24,24.81094209,73.7271831,34.790634,29.94013484,24.40266318,40.62225611,191.53264518,17.45
2023-08-25,24.7819008,74.06443578,34.6627944,30.27557169,24.47286142,40.16956324,189.446522,16.89
2023-08-28,25.0723137,74.21432586,34.3614582,31.10937186,25.008123,40.649972,187.235084,17.04
2023-08-29,25.77898509,76.12542438,34.197093,31.34896961,24.95547432,41.15809665,192.69733586,17.46
2023-08-30,25.68218079,76.94981982,34.5714804,31.12853968,24.81507784,40.51139255,197.6656999,17.85
2023-08-31,25.27560273,76.3502595,34.69932,30.74518328,24.71855526,40.16956324,199.95822396,18.15
2023-09-01,25.77898509,75.09493008,34.8180282,30.82185456,25.2274925,40.35433584,201.25560092,17.97
2023-09-04,26.38885218,76.23784194,35.3202552,31.01353276,25.95579924,41.45373281,199.766566,18.1
2023-09-05,26.06939799,76.26594633,35.0463132,31.11895577,26.11374528,41.3890624,199.9877098,17.88
2023-09-06,25.98227412,72.134601,35.5028832,30.71643155,26.04354704,40.93636953,206.6957384,17.84
2023-09-07,25.70154165,71.4788319,35.247204,30.02639003,26.14006962,40.05869968,194.975117,17.32
2023-09-08,25.4595309,71.3851506,34.653663,29.77720837,25.83295232,39.53209777,196.449409,17.12
2023-09-11,26.3307696,72.6030075,35.0554446,30.19890041,26.14006962,40.1880405,196.16192206,17.36
2023-09-12,26.86319325,72.55616685,35.3933064,30.30432342,26.15761918,39.92935886,194.606544,17.51
2023-09-13,26.39853261,72.44374929,35.0737074,29.88263138,26.55248428,39.27341613,191.3999589,17.02
2023-09-14,26.02099584,73.03394148,34.7632398,29.78679228,27.3334397,38.87615504,185.73130616,16.8
2023-09-15,25.86610896,74.7576774,34.471035,29.5184428,27.35098926,38.59899614,183.6599259,16.89
2023-09-18,27.09552357,75.881853,35.15589,29.710121,27.40363794,38.84843915,180.95460008,17.09
2023-09-19,26.35981089,75.3197652,35.0919702,29.28842896,27.53525964,38.30335998,176.8413254,16.73
2023-09-20,25.93387197,75.12303447,34.9458678,29.07758294,27.61423266,37.92457615,172.47742108,16.6
2023-09-21,25.19815929,73.58666115,34.69932,28.49296443,27.34221448,37.09309945,171.32010186,16.39
2023-09-22,25.58537649,74.52347415,35.0737074,29.28842896,27.4211875,37.93381478,172.860737,16.86
2023-09-25,25.04327241,76.3502595,35.2106784,29.69095318,27.5089353,37.3240652,173.22931,16.32
2023-09-26,24.84966381,76.39710015,34.5714804,29.710121,27.34221448,37.3240652,171.46753106,16.44
2023-09-27,24.6850965,82.13039571,34.2153558,30.90810975,27.07897108,37.6012241,171.7181607,16.54
2023-09-28,24.84966381,80.73454434,33.7131288,30.91769366,27.3773136,37.6936104,177.8733298,16.62
2023-10-09,25.03359198,81.02495637,34.9823934,30.56308899,27.6844309,37.80447396,181.5222025,16.88
2023-10-10,25.00455069,79.11385785,34.69932,30.2851556,27.25446668,37.6936104,182.7016361,16.76
2023-10-11,24.76253994,82.58006595,34.7723712,30.30432342,27.07897108,37.79523533,180.07739634,17.3
2023-10-12,27.24073002,83.6574009,35.292861,30.58225681,26.9385746,38.23868957,186.85176808,17.24
2023-10-13,27.30849303,84.48179634,35.4572262,29.96888657,26.99999806,38.1555419,183.3282102,17.0
2023-10-16,27.95708184,82.3458627,35.566803,29.36510024,27.57913354,37.6936104,179.2001926,16.59
2023-10-17,28.91544441,82.67374725,35.1832842,29.76762446,27.71953002,37.55503095,181.83180382,16.71
2023-10-18,29.98997214,81.98050563,35.566803,29.21175768,27.7283048,36.7697474,180.03316758,16.32
2023-10-19,28.72183581,80.73454434,34.608006,28.61755526,27.1579441,36.030657,179.22230698,16.03
2023-10-20,28.37334033,79.27311606,33.8500998,28.64630699,27.00877284,35.82740714,176.72338204,15.36
2023-10-23,29.02192914,79.02017655,33.3113472,27.45790215,27.14039454,36.14152056,172.9344516,15.27
2023-10-24,28.82832054,78.75786891,33.420924,27.76458727,26.84205202,36.25238412,183.917927,15.37
2023-10-25,29.1380943,78.19578111,33.694866,27.75500336,26.64023208,36.4925885,182.81957946,15.48
2023-10-26,29.28330075,79.03891281,34.2701442,26.14490648,26.8069529,36.19695234,183.79261218,15.68
2023-10-27,28.83800097,83.11404936,35.1741528,26.53784679,26.6314573,37.13005397,185.60599134,16.14
2023-10-30,29.05097043,84.74410398,34.3614582,26.57618243,26.06987138,37.878383,190.0362388,16.43
2023-10-31,28.44110334,81.04369263,33.968808,26.1640743,26.60513296,36.3078159,188.709376,16.37
2023-11-01,29.02192914,79.58226435,33.78618,25.65612707,26.57880862,36.03989563,186.0925077,16.27
2023-11-02,28.96384656,79.98509394,33.8683626,24.93733382,26.75430422,35.50405509,184.4339292,16.18
2023-11-03,29.01224871,81.42778596,34.1331732,25.22485112,26.64900686,36.04913426,189.47600784,16.55
2023-11-06,28.74119667,85.13756544,33.877494,25.93406046,25.86805144,37.07462219,190.72915604,17.16
2023-11-07,28.83800097,84.07896675,33.8135742,26.01073174,26.0172227,36.8621337,188.9673771,17.17
2023-11-08,28.25717517,84.99704349,33.7313916,25.91489264,26.11374528,36.89908822,191.63584562,17.52
2023-11-09,28.073247,83.31078009,33.7313916,26.75827672,26.95612416,36.97299726,189.4833793,17.29
2023-11-10,27.19232787,82.61753847,33.2474274,26.11615475,27.2895658,37.09309945,188.71674746,17.13
2023-11-13,26.80511067,81.05306076,33.0465366,26.28866513,27.14039454,37.27787205,189.54235098,17.43
2023-11-14,27.105204,80.15372028,33.2656902,26.13532257,26.8947007,37.66589451,189.46863638,17.57
2023-11-15,27.22136916,82.1585001,33.2748216,26.52826288,26.97367372,37.86914437,187.0876548,17.65
2023-11-16,26.89223454,80.02256646,33.603552,26.0682352,26.99999806,37.92457615,182.812208,17.45
2023-11-17,27.04712142,79.96635768,33.968808,26.1640743,27.0263224,37.83218985,182.075062,17.47
2023-11-20,27.04712142,81.37157718,34.0235964,26.0682352,26.95612416,38.33107587,178.61784726,17.87
2023-11-21,27.04712142,81.37157718,34.1696988,25.89572482,26.94734938,38.57128025,177.31309884,17.77
2023-11-22,26.41789347,78.90775899,34.1240418,25.42611323,26.8947007,37.85990574,173.6715976,17.6
2023-11-23,27.09552357,79.32932484,34.5988746,25.46444887,27.1579441,37.878383,175.8830356,17.68
2023-11-24,26.43725433,78.46745688,34.288407,25.2056833,27.2456919,37.98000793,173.7821695,17.31
2023-11-27,26.95999755,77.87726469,33.923151,24.61148088,27.4211875,37.73980355,177.25412716,17.22
2023-11-28,26.87287368,78.91712712,34.334064,24.54439351,27.19304322,38.6174734,177.12881234,17.08
2023-11-29,26.46629562,78.51429753,34.516692,23.94060718,27.35098926,38.46965532,173.98119892,16.89
2023-11-30,26.0403567,77.3807538,34.3888524,23.4805795,27.63178222,39.04245038,172.8975943,16.71
2023-12-01,25.66281993,77.755479,34.1879616,23.29848521,27.64933178,38.50660984,171.63707464,17.16
2023-12-04,25.52729391,72.37817238,34.1605674,23.08763919,27.86870128,38.20173505,169.10866386,17.31
2023-12-05,25.03359198,69.9799311,33.78618,22.51260459,27.44751184,37.39797424,165.0838467,16.67
2023-12-06,25.14975714,71.34767808,33.7679172,22.84804144,27.23691712,37.27787205,164.383558,16.85
2023-12-07,25.32400488,70.7293815,33.4574496,22.49343677,26.82450246,37.34254246,159.60685192,17.24
2023-12-08,25.14975714,71.197788,33.283953,22.67553106,26.83327724,38.05391697,163.81595558,17.94
2023-12-11,25.4595309,71.86292523,33.8227056,22.63719542,27.27201624,38.4327008,168.069288,18.06
2023-12-12,26.02099584,70.5420189,34.2792756,22.57969196,27.4211875,38.27564409,167.59751456,18.1
2023-12-13,25.2659223,69.35226639,34.6354002,21.88006653,27.00877284,37.27787205,167.11836966,18.01
2023-12-14,25.12071585,69.89561793,34.4619036,21.92798608,26.92979982,37.17624712,166.5581387,18.12
2023-12-15,24.82062252,68.74333794,33.5670264,21.79381134,26.68410598,37.05614493,165.85785,17.81
2023-12-18,24.7819008,68.87449176,33.5305008,21.50629404,26.9824485,37.20396301,162.95349476,17.58
2023-12-19,24.60765306,68.30303583,33.7222602,21.73630788,27.0263224,36.77898603,168.8801486,17.73
2023-12-20,24.21075543,67.83462933,33.5670264,21.6596366,27.22814234,36.47411124,169.0275778,17.05
2023-12-21,24.23979672,68.62155225,34.2336186,22.35926203,26.99999806,36.89908822,173.93697016,17.29
2023-12-22,24.1042707,67.94704689,34.24275,22.66594715,27.53525964,36.64964521,170.280726,17.09
2023-12-25,24.1042707,68.92133241,33.78618,22.7138667,27.86870128,36.65888384,169.66152336,16.78
2023-12-26,23.7170535,67.60042608,33.7313916,22.75220234,27.47383618,36.33553179,166.21905154,16.7
2023-12-27,23.77513608,66.74792625,34.105779,22.47426895,27.7721787,36.06761152,175.8830356,16.61
2023-12-28,24.42372489,68.80891485,33.694866,24.42938659,27.39486316,36.93604274,181.0430576,17.48
2023-12-29,24.41404446,68.16251388,34.1423046,23.98852673,27.5089353,37.3240652,181.12414366,17.79
2024-01-02,23.86225995,66.0453165,34.4071152,23.62433815,28.41273764,36.2154296,177.1361838,17.4
2024-01-03,23.37823845,65.6705913,34.7084514,23.82560026,28.93922444,35.83664577,177.26887008,17.28
2024-01-04,23.07814512,64.78998708,34.790634,23.2889013,29.33408954,35.33775975,174.1507425,16.91
2024-01-05,22.88453652,63.80633343,34.9823934,23.001384,29.3516391,35.32852112,172.58799298,16.49
2024-01-08,22.264989,63.19740498,35.2837296,22.96304836,29.5271347,35.3839529,166.72768228,15.76
2024-01-09,22.49731932,63.1411962,34.836291,23.53808296,29.8781259,35.99370248,168.12825968,15.31
2024-01-10,22.39083459,63.34729506,35.5028832,23.82560026,29.7026303,36.06761152,167.1847128,15.03
2024-01-11,22.7490105,67.21633275,35.5759344,24.19937275,29.1761435,36.44639535,171.4601596,14.93
2024-01-12,22.66188663,67.28190966,35.61246,24.92774991,29.50081036,35.89207755,171.017872,14.05
2024-01-15,22.62316491,68.05946445,35.2745982,24.61148088,29.86935112,35.88283892,171.01050054,13.9
2024-01-16,22.77805179,68.71523355,35.9137962,24.93733382,30.07994584,36.3078159,179.87099546,13.53
2024-01-17,22.0713804,66.9821295,35.4663576,24.20895666,29.95709892,35.7534981,178.6104758,13.2
2024-01-18,22.35211287,69.15553566,36.06903,25.59862361,29.89567546,35.90131618,188.53983242,13.38
2024-01-19,22.32307158,70.15792557,35.6215914,24.99483728,29.1761435,35.43014605,184.8025022,13.16
2024-01-22,21.6841632,69.75509598,35.064576,24.85107863,28.92167488,34.79268058,184.4339292,12.6
2024-01-23,21.79064793,69.38973891,34.2610128,25.15776375,29.50081036,34.44161264,184.27912854,12.9
2024-01-24,21.44215245,69.324162,34.1696988,24.90858209,30.36951358,34.85735099,185.84924952,12.67
2024-01-25,21.5873589,68.65902477,34.2244872,25.06192465,30.81702736,35.49481646,187.38988466,12.96
2024-01-26,21.25822428,61.79218548,34.973262,25.03317292,31.4137124,34.97745318,182.443635,12.66
2024-01-29,20.47410945,55.60921968,35.3659122,23.46141168,31.2820907,34.04435155,178.1681882,12.33
2024-01-30,20.36762472,53.25781905,35.064576,23.001384,31.37861328,31.79012583,169.0644351,11.91
2024-01-31,19.77711849,50.7752646,34.7997654,22.3305103,32.57198336,32.53845486,167.89237296,11.19
2024-02-01,20.04817053,52.2741654,35.5759344,23.69142552,31.8524514,32.06728473,173.6715976,11.21
2024-02-02,19.36086,47.04674886,35.749431,23.02055182,32.48423556,31.48525104,170.5755844,10.71
2024-02-05,19.23501441,45.18249099,37.1374038,22.83845753,33.45823614,31.76240994,177.6153287,9.92
2024-02-06,20.74516149,48.94847925,37.1282724,24.07478192,33.11601972,33.49003375,185.023646,10.64
2024-02-07,21.11301783,51.75891825,37.712682,24.54439351,33.86187602,34.03511292,183.63044006,10.9
2024-02-08,21.47119374,49.76350656,37.5939738,24.89899818,33.40558746,34.69105565,184.5076438,11.39
2024-02-19,21.37438944,46.88749065,37.4204772,24.918166,34.93239918,34.95897592,190.552241,11.48
2024-02-20,20.92908966,48.31144641,37.5209226,24.58272915,34.88852528,35.35623701,188.0459446,11.53
2024-02-21,21.27758514,50.34433062,38.0962008,24.88941427,34.73057924,36.35400905,192.026533,11.79
2024-02-22,21.35502858,50.69095143,38.0596752,25.13859593,35.82742674,36.32629316,193.9062553,12.17
2024-02-23,21.72288492,50.19444054,38.1601206,25.21526721,34.9674983,36.35400905,192.88162236,12.27
2024-02-26,22.4585976,51.19683045,38.1144636,24.86066254,33.8706508,36.19695234,190.57435538,12.28
2024-02-27,22.73933007,51.50597874,38.2331718,25.21526721,33.85310124,35.85512303,197.7025572,12.81
2024-02-28,21.89713266,49.66045713,38.3792742,24.918166,34.221642,35.106794,192.71207878,12.16
2024-02-29,22.6522062,51.03757224,39.5298306,25.3973615,33.8706508,35.43014605,209.39369276,12.67
2024-03-01,23.15558856,51.54345126,39.6120132,25.66571098,33.67760564,35.15298715,215.3572039,13.11
2024-03-04,22.50699975,56.20878,40.1507658,26.4515916,34.21286722,35.00516907,215.37194682,12.91
2024-03-05,22.83613437,54.55062099,42.1231482,25.92447655,34.7042549,35.106794,214.59794352,12.68
2024-03-06,23.12654727,55.01902749,41.3835048,26.30783295,34.59018276,34.7372488,214.509486,12.6
2024-03-07,22.63284534,49.51993518,40.817358,25.5890397,35.17809302,34.37694223,214.70851542,12.2
2024-03-08,22.50699975,48.56438592,40.8356208,25.9723961,34.8797505,34.49704442,222.52226302,12.3
2024-03-11,22.97166039,51.30924801,41.3287164,26.51867897,33.9583986,35.17146441,223.86386874,12.6
2024-03-12,23.19431028,53.5857036,40.6164672,26.84453191,32.62463204,36.22466823,219.97173786,12.82
2024-03-13,23.55248619,53.16413775,40.086846,26.39408814,32.52810946,35.98446385,215.615205,13.02
2024-03-14,23.3298363,50.12886363,40.0685832,25.57945579,32.83522676,35.74425947,213.61016788,12.7
2024-03-15,23.59120791,48.06787503,39.858561,25.41652932,32.73870418,36.00294111,213.05730838,12.84
2024-03-18,23.77513608,50.03518233,39.4293852,25.59862361,32.25609128,35.97522522,219.71373676,13.12
2024-03-19,23.26207329,47.59946853,38.671479,25.21526721,32.75625374,35.57796413,217.51704168,13.08
2024-03-20,23.08782555,47.14979829,38.8815012,25.25360285,32.89665022,36.24314549,218.3426452,13.22
2024-03-21,22.85549523,46.85938626,38.0962008,24.98525337,33.05459626,35.81816851,221.9546606,13.46
2024-03-22,22.60380405,44.88271083,38.7262674,24.45813832,33.29151532,35.14374852,230.36549646,13.14
2024-03-25,22.37147373,45.8101557,38.6166906,24.32396358,33.79167778,34.89430551,233.5278528,12.63
2024-03-26,22.63284534,44.46114498,39.2467572,24.40063486,33.37048834,35.05136222,229.16394848,12.3
2024-03-27,22.1681847,43.63674954,39.082392,23.60517033,34.08124552,33.61013594,227.4463983,11.62
2024-03-28,22.09074126,44.05831539,39.219363,23.6722577,33.90574992,33.57318142,226.07530674,12.06
2024-03-29,22.11010212,43.26202434,39.5024364,23.83518417,34.30061502,33.6286132,225.2718176,11.95
2024-04-01,23.0394234,44.81713392,40.908672,24.14186929,33.67760564,33.73947676,227.040968,12.78
2024-04-02,23.14590813,44.08641978,40.2146856,24.19937275,34.2655159,33.03734088,220.1117956,12.32
2024-04-03,23.09750598,44.32062303,40.3059996,24.28562794,34.73935402,32.64931842,219.43362128,11.71
2024-04-08,23.53312533,43.19644743,40.999986,23.15472656,34.73057924,32.18738692,221.27648628,11.39
2024-04-09,23.9106621,43.95526596,40.315131,23.45182777,34.82710182,32.20586418,220.45825422,11.6
2024-04-10,24.3946836,42.69993654,40.5251532,22.99180009,35.21319214,31.80860309,214.71588688,11.29
2024-04-11,25.14007671,41.0324094,40.9634604,22.81928971,35.09912,31.53144419,214.33994242,11.33
2024-04-12,24.61733349,40.17990957,40.863015,22.34009421,34.86220094,31.67926227,213.77234,11.2
2024-04-15,24.85934424,39.70213494,41.4748188,22.58927587,36.0204719,32.18738692,230.74144092,11.09
2024-04-16,24.42372489,38.58732747,41.5752642,22.27300684,36.5908326,31.56839871,227.80022838,10.76
2024-04-17,24.77222037,40.42348095,41.3743734,22.95346445,36.7663282,32.19662555,229.0681195,11.12
2024-04-18,24.67541607,40.68578859,42.3149076,22.81928971,36.29249008,32.2428187,224.99170212,11.04
2024-04-19,24.88838553,39.5335086,42.00444,22.07174473,36.75755342,31.7808872,220.02333808,10.87
2024-04-22,23.66865135,39.4398273,41.776155,22.37842985,35.3623634,32.89876143,219.61053632,11.08
2024-04-23,23.73641436,39.93633819,41.1552198,21.93756999,35.0113722,32.69551157,223.25203756,11.12
2024-04-24,23.95906425,39.30867348,41.3469792,20.96959508,34.9236244,32.41835267,224.82953,11.4
2024-04-25,25.74026337,38.9714208,40.863015,20.36580875,35.06402088,33.34221567,225.81730564,11.47
2024-04-26,25.47889176,40.20801396,44.9538822,20.77791688,34.7042549,33.57318142,231.21321436,11.75
2024-04-29,25.4595309,41.75375541,44.561232,21.55421359,34.221642,33.64709046,238.098158,11.82
2024-04-30,25.3627266,40.91062371,45.5017662,20.7970847,34.94994874,33.49003375,235.149574,11.64
2024-05-06,25.41112875,42.88729914,46.1500956,21.10376982,34.7042549,34.31227182,234.99477334,11.76
2024-05-07,25.67250036,42.76551345,46.5518772,21.44879058,35.03769654,34.46932853,233.7489966,11.81
2024-05-08,25.09167456,41.88490923,45.5748174,21.3721193,36.1082197,34.06282881,230.58664026,11.58
2024-05-09,25.41112875,42.50320581,45.6843942,21.84173089,35.8449763,34.78344195,231.48595838,11.82
2024-05-10,25.169118,42.01606305,46.341855,21.65005269,35.95027366,34.86658962,219.6326507,11.61
2024-05-13,25.33368531,43.27139247,47.2276008,21.92798608,35.78355284,34.4600899,214.9517736,11.4
2024-05-14,27.44401905,44.16136482,46.6797168,21.63088487,35.33603906,34.96698475,214.7306298,11.49
2024-05-15,26.82447153,42.36268386,46.159227,21.33378366,35.24829126,34.41314526,213.8091973,11.44
2024-05-16,26.6211825,42.69993654,45.9218106,21.32419975,34.7481288,34.15030618,215.11394572,11.49
2024-05-17,26.72766723,42.0629037,44.84382864,20.9887629,35.00259742,35.63346956,214.509486,11.83
2024-05-20,26.5243782,41.8755411,44.72197041,20.93125944,35.91517454,35.94324419,214.3620568,11.99
2024-05-21,26.22428487,40.94809623,44.30952717,20.55748695,36.82775166,36.66605166,218.0477868,11.91
2024-05-22,26.17588272,41.33218956,43.6814886,22.4263494,36.62593172,36.15914772,216.10172136,11.99
2024-05-23,26.0403567,40.55463477,43.42839843,21.92798608,36.854076,36.15914772,216.10172136,11.65
2024-05-24,25.19815929,40.04875575,42.87534954,21.81297916,36.24861618,35.65224378,211.560902,11.23
2024-05-27,25.59505692,39.73960746,44.50637508,21.38170321,36.854076,35.671018,224.092384,11.13
2024-05-28,25.169118,39.58971738,44.38451685,21.06543418,37.6438062,35.33308204,224.81478708,11.11
2024-05-29,25.43048961,39.59908551,43.9626999,22.042993,38.1264191,35.24859805,220.1855102,11.03
2024-05-30,25.5563352,39.28993722,43.89708393,22.56052414,37.81052702,34.68537145,221.0700854,10.99
2024-05-31,25.14007671,39.44919543,43.34403504,22.05257691,37.14364374,34.59150035,216.2417791,11.25
2024-06-03,25.14975714,39.346146,43.29716649,22.11966428,38.02989652,34.96698475,227.68965648,10.93
2024-06-04,24.27851844,40.54526664,43.3065402,22.11008037,37.15241852,35.31430782,230.80778406,10.87
2024-06-05,24.63669435,40.1892777,43.9626999,21.84173089,37.5121845,35.39879181,232.18624708,11.14
2024-06-06,24.66573564,39.88949754,44.7125967,21.21877674,38.74942848,35.04208163,235.91620584,10.62
2024-06-07,24.21075543,39.71150307,44.47825395,20.87375598,38.7406537,35.53959846,234.69991494,10.77
2024-06-11,24.34628145,39.77707998,44.77821267,21.06543418,38.11764432,34.81679099,240.90668426,10.99
2024-06-12,24.1601418,42.51257394,44.01894216,20.96959508,39.1793927,35.0139203,239.60193584,10.92
2024-06-13,24.2483175,42.156585,44.00019474,20.72999733,39.11796924,34.2629515,241.9313172,10.92
2024-06-14,24.2385202,40.9387281,43.7752257,20.97,38.9161493,34.44130659,237.9507288,10.92
2024-06-17,24.8655474,41.19166761,43.32528762,20.88,38.20539212,34.30049994,245.72024764,10.87
2024-06-18,25.277034,39.84265689,43.51276182,20.84,38.23171646,33.91562843,246.0593348,10.92
2024-06-19,25.2966286,39.28993722,42.69724905,20.55,38.11764432,34.15030618,242.4104621,10.72
2024-06-20,24.8459528,38.49364617,42.53789598,20.32,39.16184314,33.87807999,243.6636103,10.36
2024-06-21,25.4533854,37.93155837,42.34104807,20.92,38.70555458,33.6997249,243.33926606,10.31
2024-06-24,24.885142,37.86598146,42.60351195,20.36,38.8284015,33.1364983,240.0884522,10.09
2024-06-25,25.081088,37.93155837,43.24092423,19.69,38.54760854,33.34301472,231.93561744,9.85
2024-06-26,24.9635204,38.61334132,44.56261734,19.89,38.3896625,33.55891825,235.5550043,10.3
2024-06-27,24.6206149,37.76828436,44.47825395,19.45,38.170293,33.06140142,235.63609036,10.29
2024-06-28,24.787169,37.63384348,44.9000709,19.11,38.93369886,33.50259559,235.80563394,10.0
2024-07-01,24.7675744,37.12488872,44.75009154,18.84,39.73220384,33.1364983,239.46924956,9.82
2024-07-02,24.2189256,36.76958068,44.09393184,18.28,40.1884924,32.7610139,234.41979946,10.26
2024-07-03,23.8858174,37.1633004,43.27841907,17.92,39.7058795,32.31043262,235.41494656,9.66
2024-07-04,23.5233173,36.1069792,44.1501741,17.38,39.8375012,32.31043262,234.0919705,9.28
2024-07-05,23.2391956,36.51030184,44.75009154,17.68,39.5742578,32.31043262,232.2741535,9.34
2024-07-08,23.3861551,35.40596604,44.32827459,16.73,40.07309922,32.31043262,233.95157,9.0
2024-07-09,23.905412,35.78047992,45.67808883,16.42,40.0915746,32.52633615,240.0035705,8.92
2024-07-10,24.6989933,36.04936168,46.14677433,16.78,38.53040499,32.71407835,236.153641,9.08
2024-07-11,25.6885206,37.27853544,46.09053207,17.25,38.50269192,32.9487561,231.4908665,9.41
2024-07-12,25.8158855,37.2593296,45.47186721,17.37,38.06852049,32.89243344,242.7968015,9.19
2024-07-15,25.7081152,36.5391106,46.17489546,17.51,39.15856791,32.5732717,247.4374075,8.88
2024-07-16,26.0706153,36.96163908,45.85618932,18.08,39.17704329,32.59204592,256.8368515,9.03
2024-07-17,25.8550747,37.66265224,45.41562495,18.06,38.53964268,33.42749871,256.85902,9.02
2024-07-18,25.7277098,37.76828436,45.96867384,17.98,38.84448645,33.76543467,262.814957,9.02
2024-07-19,25.7962909,38.0275632,45.5562306,18.31,38.77058493,34.05643508,262.32725,9.36
2024-07-22,25.5611557,38.47890044,46.1186532,18.45,38.54888037,34.08459641,261.1523195,9.68
2024-07-23,24.787169,37.6434464,44.81570751,17.99,37.92995514,33.46504715,247.9694515,9.41
2024-07-24,23.317574,37.1152858,44.72197041,17.5,38.57659344,33.10833697,245.6934855,9.2
2024-07-25,23.0824388,37.70106392,44.6188596,17.68,38.10547125,33.10833697,243.11455,9.26
2024-07-26,23.6800741,37.96994568,44.30015346,17.81,37.6897752,32.81733656,245.2944525,9.3
2024-07-29,23.317574,37.451388,41.67551466,17.57,37.72672596,32.15085175,247.311786,9.19
2024-07-30,22.5239927,39.07428148,42.58476453,17.57,36.7660062,31.70027047,248.316758,9.23
2024-07-31,23.1412226,40.85082168,42.19106871,18.13,36.71981775,32.90182055,253.16427,9.58
2024-08-01,22.925682,40.6203516,40.44755865,17.89,36.40573629,32.53572326,255.1077085,9.45
2024-08-02,22.4260197,41.20612972,40.63503285,17.85,36.12860559,32.30104551,248.9744235,9.26
2024-08-05,22.0341277,40.80280708,40.04448912,18.27,35.53739343,32.31043262,238.53306,9.06
2024-08-06,21.945952,41.6766728,40.18509477,18.83,35.24178735,32.3855295,237.6537095,9.18
2024-08-07,21.9851412,41.1965268,42.15357387,19.07,35.91613872,32.52633615,235.7619975,9.2
2024-08-08,21.8381817,40.81241,42.31292694,18.95,35.92537641,33.08017564,237.20295,9.19
2024-08-09,21.8283844,39.852118,42.61288566,18.67,36.07317945,32.77040101,237.1068865,8.94
2024-08-12,21.7598033,39.73688296,42.39729033,18.67,36.3041217,32.40430372,235.0082685,8.75
2024-08-13,21.847979,39.5640304,42.20044242,18.57,36.10089252,32.0100451,236.050188,8.79
2024-08-14,21.5736546,38.28684204,42.4629063,18.87,36.14708097,31.68149625,233.1017775,8.67
2024-08-15,21.8283844,38.53651796,42.89409696,19.8,37.12627611,32.26349707,232.000742,8.8
2024-08-16,21.8773709,38.62294424,43.41902472,19.18,37.44035757,32.50756193,233.552537,8.68
2024-08-19,22.1125061,38.19081284,42.47228001,18.93,37.27407915,32.23533574,233.65599,8.7
2024-08-20,21.7989925,37.7394756,42.76286502,18.61,36.66439161,32.1039162,231.616488,8.47
2024-08-21,21.9851412,37.20171208,43.03470261,18.75,36.73829313,32.17901308,231.261792,8.44
2024-08-22,21.7010195,36.01095,43.63462005,18.24,36.88609617,31.98188377,227.1015035,8.21
2024-08-23,22.0145331,36.00134708,44.31890088,18.32,37.20941532,32.45123927,222.911657,8.38
2024-08-26,21.9067628,36.62553688,44.01894216,18.19,37.27407915,32.3855295,224.3526095,8.31
2024-08-27,21.7696006,36.55831644,44.14080039,18.02,38.5211673,31.90678689,222.157928,8.13
2024-08-28,21.3875059,36.7791836,44.45013282,18.04,38.25327429,31.19336653,224.5595155,8.24
2024-08-29,21.8577763,37.17290332,45.22815075,18.83,37.64358675,33.45566004,225.512761,8.44
2024-08-30,22.6905468,37.62424056,44.89069719,19.01,37.45883295,34.12214485,235.193006,8.71
2024-09-02,21.6324384,36.24142008,44.54386992,18.21,37.94843052,34.02827375,227.15323,8.32
2024-09-03,21.9655466,36.86560988,44.75946525,19.0,37.11703842,34.92943631,230.1755355,8.47
2024-09-04,22.4260197,37.8355048,45.09691881,19.2,36.63667854,34.732307,226.5546805,8.45
2024-09-05,22.7983171,38.08518072,45.16253478,19.37,35.76833568,34.43191948,223.650607,8.61
2024-09-06,22.7983171,37.2593296,45.49061463,19.11,35.14017276,34.10337063,220.280995,8.45
2024-09-09,22.4946008,37.84510772,45.3687564,18.96,34.38268218,33.93440265,218.788316,8.35
2024-09-10,22.53379,35.80928868,45.21877704,18.69,34.63209981,34.00949953,220.739144,8.64
2024-09-11,23.0432496,37.00965368,45.82806819,19.01,33.93927306,34.23479017,222.024917,8.76
2024-09-12,22.8571009,38.18120992,45.23752446,18.89,34.74295209,34.06582219,220.310553,8.7
2024-09-13,22.6611549,38.23882744,46.4936016,18.6,34.96465665,33.90624132,216.527129,8.59
2024-09-18,23.3959524,38.43088584,48.50894925,18.31,35.32492656,34.34743549,217.753786,8.55
2024-09-19,23.4253443,39.06467856,48.9307662,18.56,35.103222,34.65721012,216.1502645,8.73
2024-09-20,23.6016957,38.96864936,48.9307662,17.81,35.5651065,35.25798516,216.822709,8.76
2024-09-23,23.611493,40.092191,49.0245033,17.43,36.1193679,35.25798516,209.758347,8.75
2024-09-24,23.807439,40.81241,48.01214262,18.18,38.04080742,35.90569575,218.0567555,8.97
2024-09-25,24.2581148,41.01407132,49.0245033,18.34,38.59506882,36.18730905,217.768565,9.1
2024-09-26,25.668926,41.55183484,49.43694654,19.44,39.47264937,38.07411816,223.90185,9.54
2024-09-27,26.9915615,45.7098992,50.85237675,20.76,38.62278189,40.06418548,246.292035,10.45
2024-09-30,29.6956163,50.28088912,54.5549922,22.83,40.2763284,42.22322078,270.440921,11.5
2024-10-08,31.3807519,55.3128192,54.62060817,24.38,39.20475636,41.91344615,297.486491,12.65
2024-10-09,28.7844674,53.57469068,53.0551986,21.94,37.27407915,38.53408655,299.27475,11.64
2024-10-10,29.587846,52.74883956,54.70497156,21.53,39.67587855,39.09731315,286.9268955,11.77
2024-10-11,28.314197,49.4070234,54.21753864,20.63,39.3525594,39.17241003,270.30791,11.06
2024-10-14,28.4807511,49.8391548,54.60186075,20.92,39.41722323,40.81515428,272.6799395,11.3
2024-10-15,27.5891968,48.09142336,53.48638926,20.85,38.62278189,39.87644328,277.8452,10.93
2024-10-16,26.6682506,47.01589632,52.22093841,20.77,38.36412657,39.76379796,268.38664,10.93
2024-10-17,25.8942639,46.26686856,53.29891506,20.03,37.86529131,39.38831356,269.7389185,10.82
2024-10-18,26.4331154,48.22586424,54.9299406,20.43,38.77982262,39.91399172,296.437182,11.05
2024-10-21,26.1098045,48.36030512,55.01430399,21.65,38.17013508,39.7074753,292.047819,11.51
2024-10-22,26.7564263,48.7828336,57.06714648,22.32,38.28098736,40.73067029,293.0306225,11.25
2024-10-23,27.6773725,49.44543508,57.90140667,24.55,37.92071745,40.6461863,291.072405,11.5
2024-10-24,26.746629,48.14904088,56.87967228,25.15,38.14242201,40.50537965,286.6313155,11.42
2024-10-25,27.2560886,50.895476,56.60783469,27.67,37.80986517,40.7400574,287.022959,11.68
2024-10-28,26.7172371,51.31800448,54.68622414,28.8,37.9669059,40.53354098,284.126275,11.93
2024-10-29,26.1979802,51.36601908,55.29551529,29.31,37.85605362,40.41150855,287.229865,11.99
2024-10-30,25.9040612,50.06962488,54.97680915,28.88,37.35721836,41.50041331,288.323511,12.05
2024-10-31,25.6591287,49.935184,53.43952071,30.75,36.98771076,41.92283326,289.9418115,11.4
2024-11-01,25.6297368,49.1189358,53.39265216,29.73,37.93919283,42.55176963,286.343125,10.91
2024-11-04,26.4233181,49.89677232,53.9925696,30.4,37.64358675,43.15254467,295.801685,11.01
2024-11-05,26.6290614,51.65410668,54.50812365,31.12,37.90224207,43.26518999,303.3463645,11.82
2024-11-06,26.3449397,52.7200308,53.94570105,29.91,37.25560377,42.85215715,299.2082445,11.83
2024-11-07,26.7760209,54.46776224,54.24565977,29.5,37.69901289,43.31686534,314.7853105,12.3
2024-11-08,26.6780479,53.89158704,53.66448975,30.09,37.12627611,43.49113972,330.8648625,12.58
2024-11-11,28.0006834,55.14956956,53.69261088,30.23,36.37802322,42.97799849,359.6395755,13.84
2024-11-12,27.7361563,55.9850236,53.69261088,29.63,35.94385179,43.22972815,345.6881995,13.47
2024-11-13,27.6871698,54.31411552,53.98319589,29.8,36.36878553,43.60732264,345.8286,14.01
2024-11-14,26.9229804,52.2398848,53.66448975,28.9,36.59049009,42.600404,332.0176245,13.1
2024-11-15,28.118251,50.77063804,53.78634798,26.55,37.08008766,41.55475772,312.339386,13.0
2024-11-18,27.2071021,49.57027304,53.1489357,26.74,38.27174967,40.97384312,313.2335155,12.13
2024-11-19,26.9915615,50.01200736,53.76760056,27.41,37.97614359,40.97384312,321.472808,12.28
2024-11-20,26.7368317,50.48255044,53.55200523,27.0,37.91147976,40.69306773,320.630405,12.44
2024-11-21,26.7074398,50.09843364,53.49576297,27.15,38.05004511,40.77052301,320.6377945,12.55
2024-11-22,25.47298,47.65929196,52.50214971,25.99,36.7660062,39.85074156,312.2285435,12.57
2024-11-25,26.0118315,47.1503372,51.3679308,25.99,37.05237459,40.664022,308.9623845,12.54
2024-11-26,25.570953,47.054308,52.1178276,26.31,36.7660062,40.73179537,302.600025,12.62
2024-11-27,26.0020342,47.93777664,53.27079393,27.01,37.5050214,40.52847526,307.3366945,12.92
2024-11-28,25.570953,47.4384248,53.06457231,27.02,37.20017763,39.74424055,305.1641815,12.78
2024-11-29,25.6493314,48.14904088,52.492776,27.45,36.91380924,39.90883302,307.166736,13.22
2024-12-02,26.4233181,49.18615624,53.11144086,27.54,36.59049009,39.87978729,311.8295105,13.22
2024-12-03,27.2071021,50.24247744,53.6176212,28.0,37.16322687,39.78296819,299.5777195,13.02
2024-12-04,26.5702776,49.43583216,53.69261088,26.86,38.8906749,39.22141741,297.4643225,12.6
2024-12-05,26.4037235,49.36861172,52.53964455,27.17,38.72439648,38.94064202,294.84105,12.88
2024-12-06,26.5114938,53.02732424,52.56776568,26.01,39.11237946,39.28919078,299.7107305,12.93
2024-12-09,26.4135208,56.63802216,52.81148214,25.74,39.2601825,39.53123853,293.95431,12.66
2024-12-10,26.6682506,55.66812724,53.0551986,25.26,39.29713326,40.02501594,294.3607325,12.81
2024-12-11,26.6682506,55.39924548,53.75822685,25.26,40.07309922,39.73455864,288.825997,12.54
2024-12-12,26.9327777,54.82307028,54.62998188,25.25,39.82368159,40.83829638,294.072542,12.48
2024-12-13,26.2077775,54.256498,54.21753864,24.07,39.3525594,40.21865414,285.589396,12.12
2024-12-16,25.8942639,53.97801332,53.73947943,23.59,40.13776305,38.9212782,279.6556275,11.92
2024-12-17,26.6192641,53.296206,55.1174148,23.5,39.5373132,39.10523449,282.958734,11.87
2024-12-18,26.7564263,53.8723812,55.26739416,23.47,39.77749314,38.8244591,292.2916725,11.96
2024-12-19,26.5898722,53.68992572,56.75781405,23.13,39.36179709,39.90883302,295.506105,12.46
2024-12-20,26.2077775,53.57469068,55.78294821,22.66,38.18861046,38.96968775,306.07309,12.65
2024-12-23,26.1098045,54.02602792,56.06415951,22.91,38.59506882,39.35696415,298.166325,12.04
2024-12-24,26.4135208,54.2084834,56.41098678,23.86,38.55811806,39.8894692,301.861075,12.05
2024-12-25,26.1881829,53.43064688,57.63894279,23.74,39.6296901,39.4053737,300.16149,11.71
2024-12-26,26.1000072,53.30580892,57.24524697,22.39,38.91838797,39.06650685,299.481656,11.84
2024-12-27,25.864872,52.61439868,57.77954844,22.05,38.97381411,39.35696415,304.669085,11.63
2024-12-30,25.8746693,53.8723812,58.24823394,22.6,39.51883782,39.56996617,300.7304815,11.35
2024-12-31,25.7962909,52.85447168,58.4919504,22.11,40.16547612,39.0180973,288.92945,10.73
