中信证券,招商证券,中国人保,海螺水泥,恒瑞医药,中国中免,伊利股份,通威股份,五粮液,兴业银行
25.49,38.88,86.12,1130.0,87.68,90.05,31.75,26.53,132.08,20.21
25.38,39.4,86.2,1078.56,85.95,90.98,31.74,26.98,130.55,20.14
25.32,39.24,85.6,1077.99,84.09,90.0,31.09,27.6,129.2,19.91
25.7,39.15,86.15,1094.53,84.87,90.91,32.15,27.63,129.37,19.99
24.94,38.41,85.0,1088.14,84.68,91.3,32.19,27.71,128.89,19.58
25.44,38.9,85.04,1102.7,86.88,94.0,32.49,28.95,130.77,19.68
25.55,39.04,84.78,1112.5,87.5,94.34,32.42,28.58,133.62,19.69
25.97,39.1,86.45,1124.27,87.84,91.0,32.99,28.83,139.66,19.7
25.56,38.81,86.83,1107.4,86.51,88.84,32.73,28.7,138.56,19.75
25.32,38.12,85.81,1112.13,86.93,89.36,33.27,28.68,140.8,19.49
25.11,37.96,85.55,1107.0,86.44,90.39,33.53,28.45,140.66,19.27
25.36,37.93,86.25,1107.5,90.66,89.85,32.88,28.88,138.55,19.25
25.76,38.31,87.6,1091.0,90.1,86.9,32.89,28.99,137.56,19.4
25.17,37.79,85.6,1075.3,90.37,83.75,32.2,29.66,132.62,19.07
25.2,37.82,85.22,1075.51,90.33,84.58,32.45,29.86,131.7,19.13
23.9,36.81,83.49,1052.8,87.99,82.0,30.64,29.05,126.16,18.59
21.51,35.03,77.71,1003.92,85.46,73.8,28.38,28.0,113.54,17.11
21.73,35.35,80.43,1038.01,86.75,75.08,29.54,29.9,114.5,17.54
22.07,35.36,80.38,1049.99,88.91,77.78,29.6,29.8,117.51,17.53
22.63,35.75,81.52,1071.0,90.09,80.8,30.3,30.4,119.15,17.66
22.54,35.42,81.03,1076.0,89.65,80.2,30.75,32.77,120.58,17.61
22.67,35.1,80.3,1066.49,88.5,79.0,30.17,33.15,121.13,17.52
22.69,35.57,81.13,1098.0,90.15,80.05,30.23,32.81,124.79,17.69
22.9,35.6,81.2,1097.27,92.96,80.4,30.25,33.52,124.49,17.72
22.55,35.27,80.45,1091.0,91.45,79.16,29.67,32.76,124.14,17.58
22.98,35.64,81.0,1088.0,91.55,80.94,29.7,32.18,123.43,17.75
24.18,36.17,82.39,1093.82,92.38,81.25,30.17,33.09,124.3,18.15
23.98,35.7,81.55,1084.0,90.6,80.2,30.2,33.34,123.39,17.9
24.0,35.53,81.7,1096.5,89.68,83.31,30.51,32.64,126.0,17.89
25.42,35.98,83.28,1118.0,90.8,85.8,31.09,33.25,130.15,18.15
25.18,35.64,82.38,1112.88,90.2,85.07,30.71,33.9,130.0,18.08
25.04,35.05,80.72,1087.18,88.38,82.97,29.97,34.0,127.1,17.84
25.21,34.63,80.19,1074.81,88.31,81.84,29.69,33.51,125.3,17.71
24.71,34.83,79.83,1073.7,86.68,80.2,29.37,31.82,124.1,17.7
24.77,35.22,79.79,1087.39,87.21,80.45,29.95,32.57,126.3,17.82
23.4,34.2,77.72,1057.0,84.09,78.5,28.91,30.7,120.6,17.29
24.48,34.75,79.58,1086.01,85.2,78.39,29.59,31.5,122.65,17.59
24.73,34.62,79.49,1113.0,88.34,79.17,29.85,31.01,124.37,17.66
25.33,34.78,80.58,1128.92,87.8,79.06,30.36,30.45,125.27,17.71
25.99,36.23,82.45,1171.0,91.7,84.11,30.94,31.34,133.2,18.29
25.11,35.41,80.91,1155.5,92.25,83.27,30.37,30.7,130.07,17.92
24.31,34.18,78.14,1114.01,88.89,79.13,29.03,28.72,126.3,17.37
25.06,34.68,79.18,1156.0,90.6,81.48,29.89,29.32,130.72,17.57
24.34,34.45,78.15,1158.52,89.03,82.66,29.26,29.75,129.9,17.35
23.98,34.16,76.65,1138.5,86.38,79.08,28.57,28.42,126.04,17.19
23.94,33.41,74.71,1112.03,84.7,83.59,28.26,28.0,122.6,16.86
22.67,31.67,72.0,1067.0,82.05,77.8,27.25,25.2,115.5,16.21
22.93,31.73,72.14,1045.1,81.09,77.22,27.78,24.9,112.36,16.11
22.23,30.82,69.87,1007.99,80.6,75.38,27.67,24.31,107.59,15.7
22.36,29.31,67.81,996.0,79.0,71.92,27.84,23.89,102.11,15.01
22.66,31.04,69.0,1035.28,80.16,75.6,28.35,24.06,108.51,15.4
21.89,30.16,66.76,1019.0,82.3,72.15,27.51,22.27,104.51,15.01
22.31,31.51,68.95,1056.0,85.66,73.27,28.35,22.49,109.05,15.43
22.76,32.49,70.35,1080.1,88.97,74.8,28.64,23.92,114.0,15.83
22.48,32.72,70.19,1064.92,90.28,72.9,28.38,23.61,113.89,16.19
22.57,32.72,69.72,1075.5,90.89,72.42,28.69,24.24,115.81,16.28
22.27,32.65,69.15,1072.0,90.7,67.95,29.03,24.76,113.23,16.2
22.16,32.28,69.17,1111.0,92.03,67.2,29.86,24.84,115.2,15.91
22.1,32.13,69.32,1103.0,90.0,68.53,29.3,25.35,115.0,15.96
22.43,32.34,69.67,1145.0,91.85,71.83,29.23,25.96,117.19,16.07
22.13,32.15,68.86,1139.79,93.73,72.63,29.43,25.33,117.52,16.06
22.58,32.52,69.97,1159.95,95.5,75.55,30.19,25.76,124.14,16.21
22.55,32.22,69.39,1159.76,94.78,75.62,29.93,25.67,125.28,16.05
22.65,32.3,69.64,1158.5,96.79,77.5,30.15,25.09,124.98,16.03
22.49,32.1,70.99,1165.0,96.21,77.32,30.2,24.75,126.52,16.15
22.27,31.93,70.13,1162.3,96.67,78.43,29.86,23.88,125.0,15.95
23.21,32.71,71.02,1185.1,98.49,79.39,30.52,25.28,128.45,16.14
23.02,32.42,70.85,1189.6,97.43,76.6,29.98,25.24,127.91,16.0
23.67,32.1,70.38,1197.1,97.41,77.0,29.8,26.29,126.1,15.92
23.38,32.86,72.4,1226.0,96.6,81.3,29.95,28.92,128.82,16.06
23.49,32.9,73.5,1227.3,96.7,82.8,30.5,27.9,129.31,15.93
23.17,32.65,72.37,1200.0,95.3,82.22,30.03,27.7,126.47,15.8
23.19,32.73,72.07,1244.5,97.5,85.92,30.33,28.15,130.3,15.8
22.92,32.69,72.16,1252.26,96.05,86.56,30.73,27.85,131.09,15.71
22.7,32.51,70.5,1250.56,95.28,87.69,31.2,27.71,131.4,15.62
22.83,33.58,71.2,1276.0,96.35,86.4,31.03,28.34,132.7,16.02
23.29,33.86,72.38,1279.13,96.05,89.62,31.42,29.8,139.0,16.09
23.39,35.02,74.0,1274.9,93.39,90.3,29.29,29.98,135.5,16.51
23.7,35.09,74.46,1265.7,93.0,91.3,29.24,30.81,135.77,16.62
23.62,34.63,73.81,1300.0,96.42,90.25,29.17,30.53,138.21,16.33
23.41,34.45,73.23,1312.0,96.6,91.2,29.06,31.19,141.91,16.16
23.82,34.97,72.97,1314.61,97.05,92.68,29.44,31.2,142.9,16.37
23.57,34.96,73.9,1323.01,93.68,88.9,29.22,30.8,141.85,16.39
23.63,34.59,73.93,1333.0,95.44,90.44,29.13,32.0,142.9,16.24
23.74,34.54,73.34,1335.95,95.7,89.99,29.48,32.04,146.0,16.25
23.44,33.93,72.23,1326.59,97.2,88.85,29.0,30.53,146.3,16.02
23.44,33.85,72.23,1313.0,94.83,87.57,28.48,30.65,145.22,16.05
23.08,33.8,72.2,1346.21,97.2,87.5,28.68,31.74,151.19,16.03
23.21,34.27,72.9,1346.11,97.94,89.4,29.0,32.42,151.42,16.12
23.09,34.68,72.95,1351.0,97.9,87.66,28.72,31.86,150.85,16.2
23.02,34.73,72.38,1366.1,99.74,87.78,28.58,31.75,151.68,16.11
22.3,33.63,70.12,1328.2,95.88,86.17,27.89,30.97,144.25,15.78
22.21,33.09,70.03,1362.9,80.95,88.79,28.5,31.06,147.03,15.84
22.47,33.43,70.51,1358.0,81.5,96.02,28.62,31.47,147.81,15.86
22.29,33.43,70.65,1338.0,79.87,96.6,28.73,31.28,146.16,15.95
22.48,34.22,71.51,1344.0,78.5,95.0,28.44,30.85,146.16,16.15
22.27,33.82,70.71,1366.6,78.7,101.23,28.45,32.41,148.2,16.1
23.14,34.82,72.16,1419.5,80.22,102.18,28.92,32.99,158.59,16.27
23.02,35.04,74.28,1410.71,80.4,99.87,28.84,32.06,158.77,16.39
22.9,35.22,75.01,1399.3,80.17,102.18,28.76,32.02,158.24,16.33
22.76,35.15,75.14,1407.99,81.2,99.92,28.88,31.34,158.85,16.25
22.84,35.24,75.3,1425.0,82.3,106.41,28.48,31.31,160.09,16.21
22.97,35.67,76.72,1406.1,80.3,106.18,30.28,31.9,160.61,16.15
23.29,35.53,76.5,1416.55,82.97,110.0,30.55,32.46,162.61,16.25
23.06,35.34,75.58,1423.66,84.54,106.34,29.35,31.91,162.54,16.02
22.79,34.47,74.22,1400.46,84.46,108.95,28.89,33.53,160.07,15.81
22.61,34.5,74.15,1416.37,85.84,119.85,29.1,33.34,161.5,15.97
22.59,33.57,72.54,1383.0,84.24,120.0,28.6,32.8,157.0,15.63
22.86,34.14,73.46,1403.88,87.14,126.5,28.91,33.0,157.68,15.77
22.77,34.2,73.01,1405.0,89.65,124.88,29.39,33.25,155.88,15.74
23.08,33.89,73.4,1413.0,89.3,129.08,29.24,33.25,158.36,15.75
23.85,33.86,73.42,1439.84,92.98,130.81,29.91,33.95,165.57,15.77
24.11,33.5,72.77,1439.0,93.23,126.25,30.09,34.68,163.0,15.68
24.04,33.35,71.96,1474.5,94.5,126.5,30.24,36.0,167.98,15.59
24.25,33.9,72.26,1460.01,92.95,127.3,30.82,38.0,168.61,15.84
23.5,33.64,71.01,1463.17,92.23,140.03,30.88,40.3,167.5,15.79
24.11,33.72,71.4,1462.88,92.3,154.03,31.13,40.73,171.12,15.78
24.72,34.79,73.5,1494.27,91.05,167.28,31.89,41.63,181.98,16.15
26.06,35.3,76.0,1544.0,91.2,166.14,31.94,40.94,189.49,16.55
28.67,36.74,77.96,1541.79,91.88,182.75,31.59,41.7,188.72,16.97
31.54,40.41,84.12,1600.0,93.13,201.03,33.8,44.46,192.82,18.63
31.13,41.06,83.22,1688.0,97.29,192.4,33.6,44.2,201.89,18.35
33.5,40.5,85.69,1681.34,97.06,195.86,34.84,46.13,203.36,18.63
33.08,39.91,85.92,1706.0,98.51,193.79,35.02,46.35,203.72,18.35
31.77,37.25,82.34,1713.85,99.35,203.49,34.56,46.21,207.0,17.6
32.48,37.3,82.36,1781.99,99.82,194.67,35.45,47.6,218.2,17.51
32.03,36.51,81.3,1762.0,98.43,190.0,35.16,48.89,220.9,17.35
32.0,35.86,80.22,1752.53,102.99,190.53,35.45,48.66,223.95,16.24
29.32,35.6,78.22,1614.0,96.35,171.0,33.1,45.8,201.56,16.12
28.62,36.08,78.02,1648.05,96.33,188.1,34.35,46.26,205.39,16.09
30.65,37.27,82.8,1636.96,96.49,196.0,33.44,47.73,201.68,16.48
30.33,36.84,80.76,1668.0,99.3,196.75,34.06,48.7,205.58,16.35
30.5,36.44,79.93,1678.08,99.37,206.61,36.0,47.92,208.9,16.28
30.54,35.6,79.0,1676.0,99.37,227.27,35.54,52.71,210.07,15.99
28.5,34.6,77.0,1595.3,94.79,204.54,34.03,51.2,201.39,15.66
28.5,34.25,76.43,1622.55,95.39,199.69,33.9,53.8,204.1,15.54
28.4,34.58,76.38,1670.0,94.6,206.7,35.36,53.07,214.0,15.6
29.77,35.07,77.3,1672.0,95.85,214.0,35.87,54.48,214.98,15.81
29.56,34.56,76.03,1680.0,94.97,223.3,36.02,57.32,216.32,15.65
29.96,34.8,75.9,1678.18,94.38,243.0,36.63,56.8,217.5,15.66
30.41,35.0,76.44,1668.0,93.2,238.5,38.1,57.7,217.72,15.77
30.22,36.68,78.67,1669.99,93.98,223.55,37.77,58.51,215.8,16.16
29.91,36.3,77.13,1668.0,92.79,223.85,37.73,57.92,217.48,15.9
32.08,37.02,77.15,1637.96,91.0,218.26,37.13,55.5,211.02,15.98
31.96,36.61,76.33,1631.0,91.2,220.88,36.43,58.2,207.26,15.73
33.21,37.0,77.01,1633.99,90.79,213.7,36.42,58.68,205.94,15.83
31.31,37.54,76.77,1642.51,91.78,214.28,36.0,57.0,209.0,15.84
31.09,37.79,77.16,1626.95,90.01,206.65,35.32,55.36,206.47,16.01
30.89,37.33,76.6,1635.0,88.88,204.49,34.84,56.09,206.9,15.94
31.37,38.0,78.19,1661.0,89.5,207.25,35.24,56.35,212.9,16.1
32.97,39.05,81.1,1690.0,90.9,207.2,35.35,56.02,219.99,16.5
33.14,38.85,79.75,1705.0,93.4,210.95,36.14,56.8,220.57,16.26
32.69,38.35,78.17,1687.0,92.73,200.0,34.99,53.54,222.2,16.04
31.98,37.52,77.6,1664.0,91.7,194.0,34.07,51.42,216.44,15.89
31.92,37.77,78.25,1676.0,91.8,199.38,34.89,54.0,218.4,15.94
31.8,37.5,77.8,1696.35,92.42,203.52,35.22,58.3,225.0,15.85
31.68,37.58,78.11,1727.0,93.99,210.31,35.25,58.85,235.6,15.87
30.73,37.23,76.8,1727.0,94.58,203.53,35.82,57.6,236.65,15.71
30.97,36.9,76.54,1731.0,94.11,203.99,36.9,60.6,238.08,15.71
31.99,38.45,77.89,1757.0,95.39,220.3,40.59,62.96,240.5,15.92
31.8,37.69,76.62,1786.5,94.87,208.0,41.94,63.28,240.0,16.16
32.11,37.42,76.38,1801.98,93.99,216.8,41.52,67.28,236.24,16.35
31.9,37.2,75.93,1795.0,94.7,223.0,41.6,68.01,235.0,16.32
31.52,36.98,75.39,1793.0,95.0,224.3,41.55,66.45,238.64,16.28
31.04,36.8,74.82,1770.0,93.51,219.8,40.98,66.4,230.22,16.12
29.91,36.79,75.06,1723.5,91.6,209.28,40.38,62.52,226.89,16.19
30.65,37.59,77.14,1711.4,92.33,204.2,39.88,63.5,221.93,16.51
30.09,37.6,76.48,1688.0,90.3,197.18,39.17,62.85,217.0,16.32
30.0,37.7,76.52,1705.8,90.74,205.6,38.82,63.91,223.2,16.24
30.09,37.24,77.21,1733.0,91.81,207.21,38.84,69.82,227.88,16.13
30.05,37.35,78.55,1766.0,91.36,214.3,39.02,72.82,230.08,16.12
30.22,37.9,79.91,1760.0,91.1,222.58,39.93,71.97,230.33,16.09
30.23,38.06,78.6,1725.1,89.74,217.26,39.1,73.2,226.02,16.14
29.61,37.87,79.0,1670.52,86.29,212.13,38.16,74.5,222.65,15.98
30.9,38.99,82.89,1695.0,88.98,216.0,39.35,72.05,229.52,16.4
30.93,38.6,80.93,1666.8,88.5,209.01,38.55,71.19,224.9,16.44
30.62,37.88,79.07,1665.69,89.3,206.71,38.63,69.99,222.9,16.25
30.31,37.5,78.56,1649.98,89.84,217.5,38.85,76.99,219.32,16.15
29.95,37.06,77.07,1629.32,87.86,213.1,37.9,69.69,216.3,15.96
30.2,37.18,77.59,1635.11,88.45,219.2,38.11,71.12,217.2,15.95
30.22,37.25,77.95,1661.0,88.58,224.9,38.18,74.0,220.13,15.99
30.26,36.31,76.8,1652.3,89.89,224.3,38.29,75.09,219.73,15.9
30.03,36.0,76.26,1668.5,89.82,222.94,38.5,75.01,221.0,16.13
30.6,36.18,77.9,1696.0,91.95,204.1,40.3,82.0,227.57,16.17
31.72,37.56,80.86,1750.61,94.2,212.0,41.69,82.73,241.75,16.74
31.35,37.79,81.38,1739.0,93.7,214.1,41.48,82.69,242.27,16.77
30.95,38.05,81.38,1729.0,93.0,209.2,41.8,79.82,239.4,16.75
30.97,39.01,81.4,1725.0,93.16,202.83,41.47,77.9,238.91,17.01
31.08,39.78,82.0,1712.0,93.1,203.43,41.21,76.32,236.88,17.64
30.88,39.99,81.85,1699.0,91.52,200.1,40.18,71.5,236.18,17.67
30.65,39.97,81.23,1734.0,91.01,200.02,41.5,73.09,240.98,17.8
30.43,40.8,82.4,1733.33,89.58,195.6,41.85,72.0,241.77,18.17
30.44,41.19,82.1,1742.5,89.56,195.99,42.14,70.5,241.74,18.22
30.1,41.22,83.5,1715.33,88.15,193.06,40.45,67.95,236.63,18.32
29.02,40.62,82.2,1643.0,89.18,185.68,41.4,70.31,232.61,17.78
28.97,40.45,81.07,1625.0,89.23,184.81,41.22,71.34,233.5,17.8
29.26,40.1,79.58,1664.81,91.36,198.41,42.99,72.16,239.98,17.52
29.62,40.19,78.66,1676.0,91.04,200.43,44.14,74.2,250.0,17.8
28.63,39.81,77.83,1670.02,88.84,199.4,39.73,75.99,244.35,17.8
28.08,40.25,77.23,1674.01,89.23,194.4,37.9,73.73,245.7,17.8
28.73,41.24,79.16,1695.0,90.15,197.76,39.11,70.96,250.4,17.91
28.73,42.93,79.5,1699.58,90.17,202.43,39.46,69.8,253.0,18.35
29.19,42.79,80.94,1721.9,91.2,200.1,39.48,73.99,259.41,18.18
29.24,42.48,81.3,1700.62,88.89,196.32,38.88,71.33,259.3,17.99
30.27,43.03,82.98,1742.57,89.37,199.5,39.51,72.17,270.0,17.99
29.75,43.72,83.2,1745.0,87.95,185.27,38.94,74.79,272.8,18.56
29.26,44.35,83.52,1731.35,86.17,184.6,39.26,73.0,268.9,18.68
29.12,43.58,82.27,1734.79,86.55,196.15,39.01,70.05,267.65,18.49
28.71,42.58,80.34,1705.0,85.5,192.5,38.32,66.56,265.0,17.77
28.97,43.0,83.1,1730.05,85.63,186.45,38.22,66.87,273.0,17.67
29.13,43.84,84.03,1715.8,85.53,181.0,37.97,65.19,269.1,17.91
29.15,44.75,85.37,1693.65,86.61,175.25,38.33,62.74,263.72,19.2
29.33,44.87,85.42,1720.19,87.3,183.31,39.08,64.83,264.7,19.33
29.42,45.05,84.54,1719.96,86.91,185.0,39.23,66.89,268.47,19.02
29.9,45.4,86.22,1790.21,86.12,187.89,39.51,67.7,272.58,19.94
29.53,44.87,85.0,1763.5,87.17,193.39,38.7,66.88,271.79,20.08
29.22,44.43,87.25,1726.88,86.13,189.0,37.79,66.78,262.97,19.76
29.3,45.09,89.15,1734.39,86.0,191.25,38.12,67.47,260.58,20.41
29.98,45.85,90.1,1737.9,86.95,193.2,38.3,69.5,262.3,20.61
30.3,44.2,90.03,1713.91,85.99,193.2,37.79,68.7,254.0,21.02
31.3,46.2,93.38,1737.0,87.61,196.0,38.55,69.92,257.99,21.6
31.08,46.8,92.85,1738.01,87.53,195.52,38.54,69.72,260.55,21.3
30.9,46.49,91.87,1749.0,89.99,194.93,38.94,69.43,261.63,21.24
30.3,45.78,92.19,1793.11,91.32,196.43,39.79,69.24,267.19,21.12
30.01,44.42,90.38,1812.4,89.88,207.75,40.18,71.72,270.24,20.5
30.01,44.26,88.05,1850.0,90.07,208.03,40.68,72.54,272.0,20.26
29.29,44.24,87.87,1840.0,88.24,202.33,40.24,73.37,269.72,20.45
29.16,44.28,87.68,1832.9,89.0,207.8,39.43,74.1,267.67,20.28
28.75,42.68,86.1,1820.0,89.5,206.0,39.04,72.8,267.52,20.12
28.84,44.37,87.69,1829.0,90.11,213.6,40.06,75.77,273.15,20.53
28.81,44.35,86.3,1816.01,97.02,218.38,40.4,76.31,270.8,20.08
28.61,44.06,86.84,1840.0,97.01,220.36,40.49,76.0,274.33,20.42
29.22,44.05,88.98,1865.51,105.18,225.49,41.31,74.81,277.81,20.77
28.81,43.1,87.79,1845.0,105.66,217.25,40.7,77.65,276.86,20.46
29.03,42.89,87.05,1842.5,107.86,229.13,41.5,85.42,281.91,20.14
28.01,41.91,84.15,1881.0,106.2,236.95,40.96,87.9,282.38,19.81
28.2,42.32,84.85,1841.65,106.0,246.88,41.57,92.2,278.29,19.82
28.06,42.57,84.2,1830.34,108.8,252.2,40.51,90.6,275.32,20.17
28.02,42.72,83.2,1830.0,115.01,259.0,40.0,93.45,275.92,20.21
27.98,43.04,84.62,1873.0,111.0,257.6,41.89,92.15,285.95,20.49
28.15,42.83,85.5,1867.0,108.28,255.15,41.87,88.4,281.0,20.63
28.5,43.05,85.88,1933.0,112.7,263.12,43.96,90.74,286.88,20.9
29.4,43.95,86.98,1998.0,111.46,282.45,44.37,92.2,291.85,20.87
29.18,43.17,85.18,1997.0,111.2,292.25,47.36,100.1,298.05,19.65
29.14,42.18,84.27,2059.45,113.23,293.02,50.93,104.87,319.98,18.86
29.62,44.15,85.74,2100.0,113.72,288.0,50.56,107.0,328.3,19.73
29.75,45.9,86.26,2140.0,115.0,311.0,51.69,113.55,330.0,20.1
30.06,46.6,86.1,2090.0,113.22,291.0,49.27,110.4,317.0,20.32
29.28,48.42,84.03,2099.73,111.3,298.4,48.64,106.15,301.2,20.51
32.03,49.7,87.82,2160.9,114.1,319.1,49.67,109.95,310.0,20.85
30.95,49.4,87.54,2164.0,112.57,299.99,48.59,108.18,305.33,21.1
30.2,49.05,85.27,2134.0,110.18,280.55,46.95,100.99,289.4,21.35
30.18,51.14,86.9,2082.0,109.83,280.01,46.65,102.35,287.7,22.71
30.35,51.92,87.2,2063.0,107.83,274.2,47.51,103.17,284.55,24.21
30.45,51.85,86.8,2009.41,104.95,268.15,46.14,102.5,281.5,23.88
31.1,51.72,85.2,2040.63,105.97,272.94,46.16,108.31,284.85,23.22
31.17,52.64,84.44,2070.0,108.15,272.0,46.25,114.02,296.95,23.41
30.33,51.64,83.8,2079.95,112.6,283.0,46.04,119.7,295.56,22.93
29.97,52.11,84.88,2175.0,111.45,308.0,48.83,116.77,315.69,22.91
28.78,51.4,83.0,2141.89,107.0,297.98,46.99,114.08,305.78,22.85
28.71,52.0,83.04,2089.0,106.62,297.0,46.21,123.0,292.58,23.45
28.5,51.61,80.92,2088.0,104.66,287.0,44.04,113.24,286.0,23.2
28.35,51.1,79.08,2116.18,103.76,294.0,44.2,107.55,291.14,23.1
28.3,52.4,79.27,2109.32,102.55,306.0,44.25,106.92,292.29,24.07
28.16,51.97,78.18,2145.0,106.0,331.01,44.98,109.01,304.12,23.59
27.97,53.05,76.54,2189.91,105.0,340.98,43.28,108.82,308.75,24.69
27.09,53.5,79.62,2320.85,102.8,328.94,43.73,110.74,313.6,24.77
27.02,54.74,79.72,2313.0,107.3,346.95,44.15,114.62,319.76,25.76
27.32,55.26,78.57,2368.8,106.28,357.99,45.72,112.2,320.0,26.75
27.99,55.26,78.13,2456.43,109.74,359.73,46.02,117.41,329.5,26.81
27.87,54.55,79.25,2601.0,109.2,387.86,46.49,121.98,342.65,26.64
27.94,55.69,82.38,2471.0,104.9,379.9,45.8,122.3,333.5,27.73
28.62,55.2,84.2,2460.0,105.16,371.9,48.24,117.0,344.4,26.75
27.77,54.2,83.0,2288.02,100.01,339.0,46.58,108.88,313.06,25.81
27.6,55.55,84.32,2307.0,100.7,332.78,45.01,111.27,315.0,26.41
27.42,53.6,83.78,2189.0,99.7,314.63,44.2,104.0,293.08,25.71
27.73,54.45,87.14,2150.0,101.05,319.1,44.1,104.0,288.9,26.21
27.25,51.1,85.18,2122.78,101.8,307.91,43.22,104.46,280.0,24.68
25.62,50.39,84.84,2158.0,100.31,324.56,43.8,109.41,289.02,24.91
25.16,49.55,83.23,2058.0,98.35,316.1,43.0,109.99,280.7,24.87
25.37,52.77,86.75,2140.0,101.35,324.5,43.67,108.0,285.3,25.97
24.81,52.4,86.3,2033.0,100.5,309.63,41.5,98.1,266.31,25.3
25.05,51.4,84.5,2060.11,100.3,305.88,41.46,99.44,266.5,24.8
24.54,49.93,84.95,1960.0,92.12,278.99,39.8,89.5,244.5,23.77
23.75,48.5,84.05,1936.99,91.78,282.29,37.95,84.0,242.5,23.21
23.69,49.25,83.28,1970.01,93.4,299.62,38.42,85.0,252.6,22.89
24.03,51.97,86.36,2048.0,93.48,301.78,39.3,88.99,265.04,23.79
23.78,53.32,85.55,2026.0,92.19,309.41,39.48,91.08,264.45,23.92
23.26,53.11,85.11,1975.45,89.59,297.8,38.28,81.97,251.01,24.09
23.4,54.32,85.4,2010.5,89.19,296.57,39.02,81.6,262.41,24.61
23.64,53.4,82.54,2030.36,88.62,308.07,39.59,82.66,264.31,23.98
23.55,54.24,81.42,2069.7,89.21,312.7,40.15,82.85,270.39,23.86
23.98,51.76,79.64,2010.0,88.05,306.56,38.96,78.96,260.79,23.22
24.15,53.78,79.82,1989.99,88.11,311.65,39.25,80.05,259.5,23.63
24.06,53.48,80.05,1996.0,87.65,300.02,38.96,78.57,262.25,23.36
24.04,52.2,79.01,1989.0,86.52,295.04,39.1,76.79,260.8,22.56
23.9,51.01,79.2,1971.0,87.23,299.0,39.24,77.0,255.98,22.71
23.98,51.6,80.01,2013.0,91.22,313.43,40.38,80.42,265.95,23.23
24.26,50.94,79.13,2034.1,90.53,315.85,40.4,80.2,272.09,23.19
24.26,51.56,79.37,2056.05,93.6,317.88,40.26,87.62,273.46,23.22
23.89,51.1,78.7,2009.0,92.09,306.08,40.03,88.0,267.98,24.09
24.16,51.05,79.2,2044.5,93.85,321.95,40.3,89.62,273.08,24.07
24.13,50.95,78.88,2162.0,92.68,333.5,40.5,88.89,284.56,23.38
24.15,50.99,79.03,2126.03,90.9,317.2,40.78,93.19,284.76,23.7
24.05,50.43,78.45,2061.0,90.68,311.9,39.54,89.12,270.85,23.3
23.99,50.5,78.63,2070.0,92.44,312.28,40.97,87.71,273.08,23.28
23.6,50.25,77.16,2020.0,91.2,301.6,39.8,83.77,265.3,23.24
23.3,50.46,77.16,2008.89,89.53,295.39,39.31,81.49,260.99,22.82
23.37,50.32,76.56,2021.0,88.98,265.85,39.8,81.6,262.9,22.58
23.58,49.7,77.15,2047.0,85.52,288.2,39.68,82.13,263.78,21.69
23.38,49.44,75.81,2015.6,82.18,283.06,38.81,86.78,255.8,20.85
23.67,49.74,75.7,2054.98,80.62,285.85,39.02,85.35,261.8,20.89
24.02,51.77,76.18,2088.0,82.09,294.5,40.1,89.61,265.67,21.03
23.77,51.99,76.0,2094.8,80.31,292.99,40.0,92.4,267.75,21.33
23.6,52.89,75.62,2080.0,83.18,298.66,39.67,92.44,270.85,22.0
23.48,52.61,74.37,2055.5,82.2,296.0,39.98,90.61,271.19,21.61
23.4,53.3,74.26,2108.94,83.0,299.29,40.51,91.99,280.0,21.87
23.05,52.07,72.89,2077.82,81.52,298.44,39.62,91.48,275.0,21.55
22.75,52.07,73.27,2094.44,83.05,306.98,39.73,91.88,281.82,21.74
22.88,51.76,72.81,2042.0,82.86,310.0,39.25,94.53,285.6,21.5
23.79,53.28,73.82,2026.36,82.35,310.32,42.08,94.1,289.5,22.21
23.85,52.7,72.5,2006.78,84.1,311.99,40.95,99.4,285.0,21.74
24.0,53.67,70.53,1959.0,82.12,295.7,39.65,100.0,276.44,22.26
23.44,54.18,70.1,1903.0,79.99,288.0,38.61,96.73,272.1,22.65
23.77,53.9,70.03,1879.03,80.33,298.89,37.53,97.6,264.0,22.0
23.87,53.84,70.28,1959.0,83.71,299.0,38.39,96.2,275.45,22.35
23.94,53.69,69.93,1984.0,83.18,303.0,38.36,96.58,277.51,22.54
23.63,53.2,69.14,1971.5,81.73,295.0,38.77,94.5,276.0,22.58
25.44,54.98,71.18,2009.85,83.83,309.58,39.27,95.8,287.0,22.97
24.89,55.65,70.37,2057.96,85.38,319.39,39.66,99.35,297.19,22.81
24.77,55.95,70.9,2059.31,85.73,318.05,39.18,99.67,299.5,22.57
24.78,54.8,69.97,2049.0,85.05,326.52,38.8,100.66,302.79,21.56
25.06,55.47,70.72,2058.88,83.71,325.01,39.92,98.68,303.51,21.61
24.61,54.11,70.05,2042.1,82.17,318.0,39.0,98.57,296.6,21.41
25.23,54.08,69.94,2071.29,83.36,320.29,39.11,96.26,305.01,21.65
26.23,57.55,72.46,2194.5,86.25,339.28,41.01,98.0,323.03,23.14
25.88,58.5,72.38,2220.0,86.29,339.99,41.05,95.96,319.0,23.48
25.92,57.95,72.9,2245.0,86.31,344.54,40.7,95.12,318.18,23.02
26.18,58.5,72.97,2230.0,85.85,344.29,40.56,97.25,316.9,23.27
26.11,58.19,71.8,2218.0,86.3,334.5,40.49,102.1,315.12,23.11
25.77,57.36,71.13,2240.95,87.47,334.12,40.26,101.1,315.7,22.6
25.2,57.58,70.87,2222.0,84.36,325.3,39.46,101.29,311.84,22.36
25.18,56.28,70.68,2222.22,82.58,325.84,39.5,96.7,313.61,22.1
25.54,57.53,70.85,2251.5,82.65,319.56,39.58,95.63,315.3,22.39
26.06,57.0,70.28,2271.0,82.44,317.0,37.69,93.8,312.91,22.28
25.92,56.7,70.41,2191.0,82.98,317.38,37.86,95.42,297.95,22.16
25.73,56.47,70.3,2199.5,84.15,312.8,39.82,97.12,296.5,21.96
25.66,56.35,70.01,2238.48,73.0,313.46,39.41,103.65,303.05,22.03
24.94,56.33,69.4,2178.81,72.96,311.0,38.26,109.5,301.57,21.56
24.58,54.8,67.07,2193.0,71.88,297.68,37.74,106.01,299.26,20.92
24.65,55.6,67.0,2158.0,70.81,289.7,38.5,100.63,292.32,20.89
24.54,55.12,66.25,2156.91,71.15,286.0,38.2,102.62,294.22,20.8
24.65,54.69,65.1,2090.94,71.44,287.48,37.72,106.53,291.0,20.16
24.5,53.69,64.16,2081.64,69.51,281.98,37.28,109.05,296.87,19.89
24.66,55.46,64.73,2074.97,70.48,286.49,37.02,109.7,299.89,20.02
24.76,54.82,65.82,2038.0,71.15,296.9,37.2,79.78,290.94,20.22
25.0,55.0,65.96,2068.05,68.0,294.18,37.14,84.15,292.7,20.44
25.51,56.4,66.68,2092.0,68.06,296.7,37.41,86.16,299.92,20.72
25.13,54.7,65.6,2103.01,68.6,307.83,37.3,85.7,306.31,20.23
24.8,53.8,64.38,2062.0,68.2,301.75,37.3,88.8,298.55,19.68
24.94,54.19,64.28,2056.7,67.97,300.1,36.83,88.84,297.89,20.55
24.67,56.0,64.76,2105.0,69.69,300.0,37.0,85.12,298.2,21.31
23.65,53.05,62.3,2013.0,66.91,281.09,36.45,82.66,286.03,20.79
23.53,52.94,61.91,1994.0,62.95,279.89,35.21,84.06,281.1,21.04
23.68,53.54,62.9,2012.9,62.06,281.5,35.04,82.77,277.25,21.47
23.64,53.43,62.37,2004.0,62.45,275.0,35.09,89.88,284.59,21.34
23.6,50.35,60.78,1985.0,61.37,269.39,34.21,90.7,269.84,20.7
23.51,49.9,60.09,1972.11,62.1,265.16,34.31,91.93,267.28,20.31
23.89,50.4,59.4,1961.0,63.12,285.7,34.65,91.37,270.95,20.51
23.72,49.97,59.7,1982.9,61.94,288.79,35.18,89.36,276.0,20.41
23.32,48.95,57.91,1962.0,60.11,282.3,35.34,87.5,275.3,19.82
23.67,51.05,59.98,1997.99,60.27,284.93,35.8,93.13,280.83,20.8
23.83,51.0,59.7,1955.9,60.1,275.0,35.1,89.0,277.52,20.45
23.8,50.83,59.35,1975.0,60.96,290.22,35.06,88.12,280.89,20.41
23.61,49.91,58.46,1980.0,63.18,293.45,34.9,89.55,282.3,20.03
23.82,49.7,58.08,1969.0,62.98,284.69,34.95,93.23,281.22,19.73
24.13,50.25,58.54,1940.01,61.28,281.96,35.06,92.98,280.1,19.91
24.24,50.05,57.64,1900.0,61.49,277.68,34.1,92.29,271.21,19.79
23.5,47.7,54.5,1804.11,59.22,262.98,33.08,88.45,249.54,18.7
22.91,46.17,52.67,1712.89,54.5,254.0,31.46,83.69,231.15,17.98
22.87,47.47,53.11,1768.9,55.91,250.84,32.24,85.47,236.68,18.33
23.02,47.95,53.25,1749.79,55.11,258.01,32.75,89.7,235.05,17.94
22.59,46.5,53.67,1678.99,54.38,241.0,33.39,85.92,220.75,17.67
23.27,47.71,54.01,1755.0,55.25,239.35,34.3,86.62,234.45,17.9
23.33,47.59,54.24,1749.3,57.4,253.87,35.49,85.17,240.05,17.64
23.26,47.0,53.6,1724.0,56.33,255.0,34.77,91.98,234.5,17.4
22.87,46.75,54.2,1699.0,55.8,255.0,35.01,93.17,227.17,17.41
23.08,47.59,53.67,1671.0,54.8,252.0,35.4,91.9,226.0,17.55
23.52,49.06,55.12,1693.8,56.92,260.4,36.03,88.03,230.01,18.22
23.77,50.21,55.73,1799.0,57.74,267.35,36.26,87.28,248.9,18.66
23.7,50.9,55.8,1750.5,56.89,259.0,35.52,86.12,246.2,18.74
23.74,50.68,54.74,1690.0,55.8,253.08,35.11,86.64,237.92,18.61
24.1,51.18,54.31,1700.04,56.53,257.65,35.29,84.16,240.8,18.63
24.01,50.87,54.93,1699.2,56.47,262.84,35.19,84.77,240.7,18.63
23.91,49.62,54.21,1635.0,54.75,244.98,34.0,85.0,229.95,18.39
25.25,53.14,56.04,1620.0,54.99,235.72,33.82,81.98,229.0,19.19
24.64,51.58,53.71,1619.97,53.84,236.09,33.38,80.39,222.65,18.55
24.24,51.03,53.01,1548.0,48.46,228.27,33.23,79.12,206.38,18.26
24.43,51.89,52.7,1570.19,47.18,232.1,33.23,80.75,206.04,18.29
25.14,52.2,51.8,1625.18,47.2,240.1,33.3,84.14,210.0,18.59
24.92,51.43,51.58,1665.02,47.41,246.94,33.67,88.13,217.5,18.37
24.58,49.6,50.3,1595.0,45.31,245.14,33.1,86.0,207.17,18.13
24.73,50.35,52.0,1596.03,46.05,240.23,33.5,90.81,205.68,18.01
24.34,48.45,50.71,1586.0,45.6,239.5,33.13,97.3,207.0,18.1
25.68,48.96,49.9,1558.0,45.2,228.29,34.01,89.46,201.69,18.5
26.89,50.79,51.49,1622.01,46.59,236.29,36.18,85.03,207.71,19.16
27.09,51.6,51.55,1618.8,45.86,228.05,36.02,88.14,201.23,19.43
26.59,52.0,51.71,1658.22,46.1,236.4,36.16,85.59,205.89,19.44
26.82,51.2,51.58,1670.67,48.1,243.0,36.58,86.03,211.46,19.36
27.15,52.81,52.34,1669.0,48.08,249.56,36.45,87.51,211.97,19.9
26.9,52.41,51.95,1633.1,47.75,249.33,36.18,84.68,207.72,19.43
26.73,52.1,51.62,1634.08,47.44,245.07,36.01,82.79,207.33,19.23
27.27,54.12,51.71,1662.58,47.45,255.0,36.4,83.81,213.7,19.74
27.19,53.92,51.12,1654.0,46.75,251.25,35.8,81.4,207.79,20.09
26.48,52.1,49.86,1657.0,46.8,246.85,35.47,81.91,205.73,19.16
26.24,51.4,49.47,1615.74,45.72,234.97,34.81,84.1,198.5,18.85
25.48,50.7,49.51,1638.07,46.15,241.36,35.05,81.01,197.0,18.6
25.95,51.25,48.68,1686.0,46.95,249.5,35.49,80.2,201.95,18.68
25.69,49.41,47.78,1637.69,47.9,238.12,35.35,80.35,193.93,18.12
26.2,48.84,48.22,1635.0,47.79,234.6,35.71,80.19,194.42,18.22
26.04,48.77,48.08,1694.0,49.8,247.0,37.08,81.81,200.52,17.92
25.65,49.09,49.0,1855.0,50.75,256.72,37.28,82.98,220.57,18.1
25.86,50.42,49.26,1822.06,50.39,253.98,37.55,81.56,216.94,18.46
25.61,51.56,49.19,1820.0,49.92,251.28,37.7,81.07,218.68,18.51
25.28,50.45,48.36,1830.0,50.23,260.0,37.7,82.48,219.39,18.3
25.75,50.93,52.1,1839.6,54.19,270.3,39.62,79.55,228.22,18.68
25.66,53.0,52.74,1867.12,53.61,263.5,39.47,78.45,227.8,19.36
24.86,53.09,52.26,1870.99,53.8,267.2,38.79,78.15,229.34,19.34
24.71,53.03,51.75,1929.9,52.95,278.2,39.61,83.21,239.49,19.21
24.76,52.36,51.41,1911.0,51.06,273.09,39.02,82.05,240.0,19.09
24.96,53.31,50.88,1916.97,50.05,269.55,39.08,85.0,234.32,19.22
24.98,51.86,49.86,1800.0,49.1,259.84,38.6,86.03,215.32,19.24
25.05,52.88,51.45,1812.18,49.61,259.12,38.29,84.99,218.97,19.23
25.0,52.4,51.37,1841.0,51.58,259.5,38.0,87.86,219.94,19.15
25.16,53.75,54.28,1844.0,50.5,257.0,38.18,84.42,220.99,19.78
25.46,54.29,54.29,1901.0,51.3,269.0,39.89,84.62,225.03,19.87
25.65,54.59,53.21,1873.03,51.21,264.47,40.5,88.0,220.36,19.65
25.26,55.3,52.17,1861.05,49.4,265.0,40.56,86.4,220.66,19.38
24.67,54.52,51.65,1819.0,49.06,258.0,40.28,88.41,216.0,19.08
24.75,54.22,51.3,1825.49,48.76,264.48,40.76,89.12,215.29,19.05
25.88,53.97,49.57,1826.08,49.24,268.46,43.0,97.69,216.51,18.63
25.98,54.12,50.12,1803.0,49.8,241.61,42.56,100.2,204.94,18.97
25.53,52.25,50.01,1804.64,48.5,222.88,42.98,99.98,201.32,18.02
25.39,51.7,50.05,1765.0,49.12,228.3,41.81,91.0,199.13,18.29
25.44,51.75,49.7,1804.2,51.21,233.66,42.86,92.5,206.82,18.23
25.36,51.56,49.93,1819.94,51.81,230.78,43.24,90.0,210.31,18.14
25.46,51.3,50.4,1820.1,49.62,229.42,42.5,91.7,210.99,18.07
25.58,51.06,49.69,1790.01,49.81,227.62,42.23,93.13,208.77,18.31
25.01,50.63,49.13,1753.99,53.73,227.11,41.0,94.8,205.7,18.19
25.75,52.82,51.15,1769.6,53.0,228.8,42.2,95.79,206.51,18.89
25.34,52.4,50.61,1773.78,52.55,223.56,42.0,94.77,203.85,18.84
25.22,52.93,50.6,1761.14,53.37,229.88,42.28,92.29,204.7,18.83
24.01,52.5,50.36,1808.0,54.35,234.0,42.28,89.98,212.0,18.6
24.04,51.84,50.05,1795.0,53.92,230.44,41.44,91.29,211.51,18.51
24.08,51.41,49.51,1792.0,51.78,224.1,41.2,89.72,208.62,18.3
24.3,52.33,49.96,1828.41,51.99,225.3,40.85,91.89,212.6,18.5
24.29,51.69,49.71,1854.27,52.02,223.56,40.23,92.18,215.97,18.2
24.21,51.75,49.62,1896.43,52.08,220.5,40.08,92.78,214.8,18.13
24.19,51.74,49.75,1941.0,51.88,220.99,39.93,90.77,224.42,18.31
24.09,51.42,49.4,1956.03,52.99,211.8,40.32,87.44,222.95,18.27
23.92,50.1,48.72,1941.01,52.35,211.32,39.19,87.35,222.86,18.2
23.8,49.82,48.66,1985.0,51.09,203.3,39.74,87.99,224.73,18.07
23.77,49.49,48.22,1930.77,50.17,205.45,39.17,87.42,218.0,18.01
24.23,49.99,48.87,1932.99,50.5,202.89,38.7,84.06,220.56,18.12
24.4,50.89,48.88,1934.0,49.06,201.82,38.38,83.13,222.75,18.37
24.78,51.25,48.99,1971.88,49.2,204.06,39.9,82.24,229.45,18.3
25.91,51.82,49.15,1967.3,49.28,211.99,39.82,81.89,232.3,18.52
26.15,51.84,50.39,1955.87,50.18,213.0,39.98,83.97,234.0,19.22
26.49,52.04,50.34,2043.0,50.36,215.46,41.09,84.16,244.0,19.45
26.88,53.13,51.31,2086.55,51.39,228.38,41.41,85.0,251.0,19.43
26.44,53.49,51.22,2090.0,51.26,229.68,42.29,86.81,247.0,19.42
26.67,52.42,51.15,2118.2,51.0,229.2,42.3,87.68,249.98,19.59
26.32,51.15,50.85,2150.0,51.0,228.0,41.97,86.54,250.0,19.21
26.4,51.0,50.7,2135.0,50.0,223.29,41.39,85.3,243.8,19.12
26.65,51.2,51.2,2118.99,50.23,225.05,41.35,85.48,243.5,19.5
26.29,50.77,50.54,2050.7,49.78,217.28,40.96,81.9,235.16,19.48
25.88,50.69,50.28,2058.96,49.88,212.5,40.95,80.49,236.0,19.52
26.11,50.63,50.84,2038.2,50.04,215.0,41.56,80.98,231.65,19.53
25.88,50.01,50.18,2048.0,49.66,212.01,41.55,80.11,232.12,19.32
25.93,50.22,50.22,2120.0,49.41,210.35,41.49,80.2,237.01,19.26
25.69,49.86,49.82,2194.09,50.12,217.9,42.37,77.88,241.94,19.07
26.0,49.33,49.98,2131.82,50.41,220.0,41.95,78.14,236.21,18.85
26.05,49.63,50.87,2138.18,50.17,222.72,41.9,81.55,237.58,19.04
25.88,47.62,50.81,2041.0,49.72,215.98,41.1,82.01,225.7,18.92
26.37,48.5,50.41,2075.0,50.01,217.5,41.36,81.23,225.5,19.05
26.41,48.71,50.41,2050.0,50.71,219.41,41.46,86.2,222.66,19.04
26.44,48.35,51.0,2051.23,50.39,214.06,40.7,84.86,223.56,19.13
25.94,49.05,52.07,2024.0,50.92,214.2,41.7,81.47,223.75,20.07
25.42,48.15,51.3,1982.22,50.11,210.11,39.98,80.55,219.48,19.96
25.72,49.05,52.94,1942.0,50.88,207.78,40.13,80.27,217.66,20.4
25.83,49.23,53.08,1966.0,51.12,207.11,41.03,79.7,214.96,20.63
25.96,49.85,52.86,1940.55,50.18,201.21,39.82,77.98,213.36,21.4
26.17,49.76,52.5,1967.0,49.59,212.0,39.92,80.2,217.92,21.37
26.36,49.34,52.3,1877.39,47.48,207.03,39.0,79.25,208.9,21.24
25.03,48.02,51.1,1867.0,46.65,200.49,38.86,79.25,207.2,20.66
25.67,48.58,50.94,1861.61,46.41,190.43,39.16,81.01,208.84,20.51
25.7,49.01,51.23,1892.27,46.21,190.71,39.42,79.51,211.49,21.3
25.7,49.7,51.45,1912.0,45.73,188.62,39.31,78.51,210.8,21.51
25.7,51.37,53.4,1969.52,45.69,193.88,40.06,78.2,213.22,22.15
25.7,51.82,53.55,1984.99,44.94,200.66,40.06,76.0,217.26,21.8
25.7,51.85,53.13,1950.2,43.29,207.3,39.4,76.54,215.07,22.06
25.7,50.9,51.2,1943.0,42.82,206.63,38.66,74.45,208.36,21.42
25.7,51.0,51.83,1955.0,42.09,207.35,38.88,77.31,206.05,21.33
24.15,50.77,50.79,1965.0,41.09,203.7,38.12,74.43,203.4,21.3
24.6,49.21,49.97,1887.0,40.95,206.56,38.07,70.11,198.38,20.88
25.28,51.35,51.98,1867.96,41.14,210.81,38.76,73.22,195.62,22.01
25.37,51.71,53.0,1839.0,41.72,210.38,38.65,71.86,190.0,22.38
25.31,51.62,53.04,1895.98,42.01,212.6,39.93,71.18,195.98,22.27
25.33,51.71,54.18,1873.0,41.57,224.0,40.01,68.5,193.04,22.65
25.69,52.76,55.59,1849.97,41.26,225.43,39.83,65.15,194.27,22.99
24.8,51.2,53.9,1868.67,39.75,227.5,40.0,65.33,198.01,22.25
24.69,50.22,53.28,1890.62,41.2,222.84,39.88,68.57,199.8,21.85
24.54,51.07,53.84,1892.55,40.57,224.2,40.29,68.07,199.41,22.18
24.31,51.46,53.65,1886.99,40.61,220.53,40.43,69.5,197.44,22.3
24.64,52.06,54.5,1907.0,40.96,221.35,40.56,68.55,199.0,22.89
24.52,51.76,54.16,1876.99,40.93,215.55,41.01,68.3,199.2,22.76
24.03,51.22,53.07,1807.87,40.11,210.8,40.49,69.09,193.4,23.08
24.25,50.83,52.89,1827.01,40.9,210.89,40.24,72.0,196.2,22.5
23.46,50.02,51.46,1764.11,39.68,203.99,39.52,73.05,188.69,22.32
23.32,49.81,51.4,1799.06,40.11,210.12,39.5,74.56,190.48,22.11
23.33,49.8,50.76,1790.4,40.08,202.5,39.52,77.67,190.0,22.07
23.37,50.24,51.39,1858.48,41.06,208.25,39.5,80.05,193.19,22.17
23.06,49.47,50.76,1844.88,40.61,202.5,39.24,80.05,189.2,22.06
23.2,49.73,50.92,1800.0,40.15,198.27,39.33,78.49,182.07,22.08
22.73,48.7,50.1,1780.5,39.78,201.45,39.35,77.8,176.37,21.71
21.74,46.76,48.88,1707.0,37.55,188.28,37.55,76.8,166.0,21.34
21.1,45.48,47.47,1753.2,36.68,189.5,36.68,77.74,166.25,20.6
20.76,44.39,46.92,1779.18,36.04,187.83,36.63,78.15,162.88,20.47
20.66,44.7,46.91,1794.43,36.17,186.77,36.75,81.74,172.15,20.67
20.9,44.45,47.14,1769.01,37.62,186.6,38.3,80.51,171.77,20.8
20.52,42.15,45.81,1700.0,37.4,171.0,37.26,79.68,166.27,20.14
19.61,39.45,42.65,1603.0,36.13,160.0,35.4,77.4,157.15,18.85
20.83,42.58,44.29,1674.95,36.74,170.0,37.12,81.0,164.8,19.82
20.72,44.51,45.5,1720.15,37.42,175.5,37.2,80.72,168.24,19.91
21.45,46.17,47.93,1707.79,37.5,176.45,37.8,80.68,167.9,20.76
20.81,44.81,47.04,1704.3,37.3,172.95,37.0,82.59,165.71,20.22
20.85,45.53,47.8,1695.0,36.94,170.15,37.12,80.49,164.3,20.81
20.84,45.76,47.9,1752.19,37.36,169.11,36.82,80.5,165.94,19.71
20.68,45.77,48.25,1720.93,37.64,166.62,36.5,78.81,161.36,19.85
20.37,45.18,47.63,1690.0,36.37,162.85,35.75,75.9,157.19,20.07
20.46,45.05,47.85,1660.8,35.9,159.5,36.03,75.85,151.2,20.03
20.25,45.01,47.21,1667.0,35.92,156.1,35.7,74.34,149.18,19.88
21.07,46.23,48.7,1730.1,37.42,167.2,36.94,75.39,156.95,20.29
20.9,46.8,48.45,1719.0,36.82,164.37,36.89,72.19,155.06,20.67
21.12,47.1,48.96,1780.01,36.78,174.26,37.34,72.6,159.9,21.4
21.12,47.39,49.54,1765.0,36.25,164.1,37.2,68.6,160.01,21.92
20.68,46.86,48.48,1765.0,35.32,164.95,36.81,68.83,160.45,21.59
21.08,47.18,49.24,1784.0,33.93,164.48,36.96,67.9,160.59,21.99
20.47,45.9,47.62,1720.0,32.8,156.11,36.52,65.82,153.66,21.75
21.1,45.7,48.47,1782.0,33.67,171.72,37.45,66.86,163.88,21.73
20.7,45.75,47.82,1769.0,33.64,172.0,37.68,66.69,162.32,21.72
20.97,45.76,48.19,1809.0,33.82,181.58,38.7,67.03,171.57,21.68
20.88,46.83,48.3,1805.99,34.09,182.24,38.61,66.4,169.9,22.26
20.29,43.39,47.0,1790.82,33.96,180.88,38.33,69.2,167.18,21.68
20.22,42.1,46.44,1790.3,33.11,178.63,38.15,69.1,165.0,21.45
19.91,41.1,45.91,1797.0,34.32,182.26,38.83,66.8,165.9,21.26
19.84,41.28,46.22,1779.98,33.17,175.16,38.43,62.58,162.58,21.13
19.88,42.5,46.46,1773.0,33.0,176.98,38.35,62.0,165.43,21.42
19.23,38.83,44.85,1708.0,29.7,173.49,37.33,56.61,155.0,20.28
18.33,38.41,43.59,1732.48,27.74,180.02,37.87,57.17,158.5,20.42
18.81,38.04,43.91,1794.92,28.06,183.99,39.0,61.3,161.39,20.54
18.77,39.62,43.66,1835.0,28.45,181.58,38.06,64.58,165.85,21.05
19.69,39.93,44.56,1828.38,29.48,181.99,38.47,67.96,162.13,20.48
19.38,39.26,45.02,1837.0,29.68,179.74,38.72,69.08,161.54,20.4
18.8,37.91,44.06,1793.0,29.34,163.69,37.77,67.03,157.06,19.96
18.73,36.47,44.35,1752.0,29.3,160.0,37.84,69.33,154.78,19.62
19.01,36.98,44.47,1766.19,29.39,165.95,39.05,68.42,155.33,20.0
19.13,37.21,44.73,1768.0,29.95,176.65,38.7,71.4,157.51,19.78
19.09,36.61,44.0,1762.67,30.03,171.95,38.77,69.78,158.08,19.63
19.29,37.15,43.96,1778.24,29.98,173.0,38.45,69.76,156.94,19.75
19.07,36.89,43.36,1758.0,29.43,174.32,37.32,68.0,155.18,19.34
19.32,38.6,43.82,1768.0,29.46,174.92,37.62,70.31,156.15,19.59
19.52,38.5,43.63,1761.0,29.38,170.35,37.71,70.77,154.58,19.42
19.37,38.03,43.29,1756.0,29.25,167.8,36.93,75.17,153.52,19.28
19.75,39.96,44.31,1800.01,30.24,175.75,37.68,76.68,162.47,19.69
19.7,39.49,43.89,1781.0,30.1,166.77,37.18,75.9,159.43,19.68
19.24,38.9,43.14,1760.0,28.61,164.4,37.1,73.43,156.57,19.48
19.31,38.78,43.23,1755.51,28.93,165.65,37.14,73.98,157.45,19.53
19.62,38.43,43.15,1742.8,29.04,163.05,37.37,75.1,157.22,19.53
19.61,39.12,43.53,1755.16,29.78,164.95,37.59,75.12,157.95,19.72
19.5,39.07,44.15,1778.41,29.71,172.0,37.67,76.31,166.18,19.53
19.79,39.69,44.2,1804.03,30.32,176.7,38.0,79.2,171.4,19.65
19.61,39.69,44.17,1788.25,29.98,175.92,36.6,78.7,170.41,19.56
19.68,38.92,44.0,1786.0,29.84,175.39,36.16,79.98,169.75,19.35
19.96,38.97,44.26,1788.0,30.53,180.97,36.16,60.62,172.94,19.19
20.11,39.35,44.15,1817.9,31.19,184.8,36.38,60.63,174.12,19.51
20.36,39.53,44.59,1865.6,32.09,191.56,37.11,60.21,178.13,19.63
20.23,40.29,44.62,1853.0,30.95,186.9,37.03,60.98,176.01,20.19
20.79,40.12,44.94,1900.6,31.56,187.75,37.33,61.06,177.42,20.33
20.27,38.57,44.14,1856.0,31.3,178.31,37.07,60.74,172.51,19.9
21.11,39.24,45.22,1871.0,31.62,181.01,37.76,59.33,173.8,20.23
21.87,40.48,47.65,1875.1,32.6,181.98,38.07,58.5,177.28,20.72
20.82,39.96,46.5,1877.0,32.61,182.0,38.06,59.95,177.6,19.41
20.82,39.85,47.03,1951.0,33.37,190.39,38.29,60.85,181.18,19.39
20.72,39.7,45.36,1942.02,33.46,197.0,37.9,60.77,183.49,19.13
21.01,40.33,46.13,1945.74,33.01,197.43,37.74,60.95,181.66,19.38
20.76,39.31,45.4,1936.0,32.64,192.3,37.44,61.35,178.07,19.1
21.77,40.14,46.25,1957.1,32.93,199.5,37.6,61.8,180.4,19.3
21.63,40.2,46.76,2009.01,33.52,201.12,38.0,64.35,185.0,19.19
21.8,41.25,46.8,2010.55,35.56,214.4,38.7,64.58,193.0,19.36
21.75,41.28,46.9,2036.0,35.66,222.88,38.8,67.6,199.65,19.47
21.41,41.01,46.79,2030.0,35.52,219.05,38.05,64.16,192.0,19.66
21.66,42.2,46.69,2045.0,37.09,232.93,38.95,66.63,201.93,19.9
21.34,41.38,46.31,2029.05,38.94,225.11,38.44,64.89,203.0,19.9
21.44,41.05,46.46,2018.0,41.17,226.12,37.82,64.37,201.04,19.67
21.16,40.98,46.61,2033.01,40.51,220.91,37.38,64.15,198.61,19.7
20.92,39.8,45.85,2002.0,39.42,209.49,37.02,63.5,194.74,19.39
20.89,39.75,45.6,1990.0,38.65,209.41,36.62,64.3,191.59,19.22
20.67,39.81,45.82,1999.0,38.45,211.97,36.34,62.18,192.7,19.31
20.2,39.44,45.38,1963.6,38.07,207.35,36.11,60.24,189.38,19.17
20.22,39.3,45.51,1948.41,36.87,203.54,36.38,58.93,190.0,19.28
20.22,37.9,45.08,1958.89,36.98,205.6,35.96,61.57,193.1,18.6
20.02,36.48,43.6,1953.0,38.53,209.5,36.09,61.91,190.13,18.0
19.57,34.87,42.71,1949.5,37.24,204.36,35.68,62.04,189.9,17.63
19.87,35.63,43.45,1951.66,37.93,206.58,36.05,62.1,187.33,17.8
19.96,35.71,43.4,1943.1,37.64,209.0,36.16,60.15,188.9,17.75
19.98,35.85,43.4,1950.1,38.02,214.95,36.5,59.82,189.11,17.75
19.77,35.46,42.74,1939.0,38.7,208.95,36.12,59.13,186.7,17.36
19.88,35.59,43.05,1947.0,39.0,214.62,36.28,60.14,185.91,17.53
19.66,35.85,42.92,1944.65,38.48,219.61,36.61,58.81,188.08,17.6
19.83,36.33,43.2,1950.21,36.17,219.0,36.58,59.65,190.99,17.9
19.81,36.05,42.79,1919.6,36.23,214.83,36.41,61.26,188.1,17.83
19.87,35.78,42.72,1898.0,36.1,219.98,36.77,61.18,187.12,17.9
19.6,35.07,42.12,1898.44,35.29,209.9,35.83,61.5,178.4,17.77
19.34,34.52,41.84,1890.3,35.18,211.7,35.84,61.21,178.58,17.55
18.8,33.91,41.17,1879.98,34.2,206.26,35.3,59.59,175.66,17.38
18.75,33.06,40.83,1885.0,34.7,200.05,35.16,56.86,174.59,17.17
18.84,33.66,41.08,1916.01,36.71,200.45,35.58,55.76,176.78,17.44
19.3,34.3,41.54,1923.96,38.03,198.9,36.36,56.73,179.18,17.6
19.43,33.91,41.18,1911.53,38.09,189.59,36.34,56.55,177.91,17.52
19.38,33.6,40.96,1910.0,37.33,197.46,36.38,58.08,176.98,17.45
19.48,33.15,40.4,1876.0,36.85,196.0,35.95,57.74,174.0,17.35
20.17,34.36,41.46,1906.9,37.43,201.19,36.5,58.0,177.91,17.85
20.06,34.37,41.61,1928.0,37.44,195.66,36.62,58.58,178.7,17.87
19.95,33.73,41.14,1919.89,36.9,194.75,36.25,60.06,176.0,17.56
19.94,33.91,40.99,1917.84,36.45,190.18,36.31,60.39,175.23,17.57
20.2,34.24,41.29,1918.0,36.63,193.16,36.34,60.61,176.2,17.9
20.02,33.72,40.81,1895.5,36.04,188.62,36.0,60.93,173.43,17.65
19.98,33.85,40.97,1895.01,35.9,188.0,35.78,56.12,173.66,17.8
19.95,33.62,41.15,1893.98,35.04,193.13,35.87,53.41,171.5,17.76
19.9,33.1,40.72,1870.01,34.62,192.98,35.43,54.2,168.0,17.61
19.54,32.84,41.61,1854.2,34.48,189.8,35.16,52.68,167.24,17.58
20.12,33.69,43.1,1885.0,34.99,192.82,35.8,52.85,169.41,17.9
19.4,33.7,43.12,1898.0,34.77,192.41,36.19,53.06,170.1,17.88
19.37,33.28,43.07,1878.82,34.23,192.25,35.95,53.41,165.35,16.93
19.25,33.79,42.89,1870.0,33.67,190.4,36.13,52.8,164.03,16.82
19.52,35.05,43.84,1924.0,34.66,195.5,35.74,51.2,167.19,17.11
19.3,34.5,43.65,1880.89,34.34,186.8,34.55,51.65,163.56,17.11
19.24,34.32,43.7,1875.0,33.9,180.31,33.9,50.95,161.84,17.03
19.27,34.23,43.8,1835.0,33.73,180.1,33.37,50.49,159.02,17.08
19.48,33.62,43.9,1845.0,33.88,182.72,33.63,53.16,160.53,17.06
19.37,33.38,43.6,1818.01,33.43,183.95,33.22,53.46,158.94,17.09
19.31,33.3,43.84,1815.0,33.73,186.0,33.27,53.39,159.07,17.01
19.78,34.5,44.69,1844.79,34.78,191.09,33.7,53.18,161.46,17.38
19.83,35.35,45.06,1879.0,35.52,192.47,33.74,53.27,163.63,17.59
19.58,34.86,44.65,1869.0,35.68,191.55,33.6,52.55,162.4,17.38
19.53,36.01,45.09,1880.0,35.49,191.35,33.69,48.66,164.4,17.69
18.42,34.95,43.93,1859.0,34.83,188.51,32.88,48.3,161.08,17.22
18.42,35.09,43.93,1871.64,34.69,188.45,32.9,48.12,163.02,17.34
18.42,34.54,43.24,1878.0,34.13,194.23,32.66,50.04,165.79,17.08
18.43,34.41,43.15,1848.0,33.43,185.54,32.48,49.19,163.45,17.15
18.39,34.17,42.48,1820.81,32.64,187.1,32.0,49.18,158.9,17.05
18.36,34.36,43.02,1834.43,32.93,185.41,32.45,48.54,159.13,17.1
18.02,33.95,42.49,1863.0,31.9,194.51,32.36,48.8,162.11,16.75
18.07,33.9,42.44,1888.0,33.65,202.45,33.22,48.99,170.83,16.81
17.72,33.67,41.89,1883.0,33.47,202.48,33.26,47.9,169.6,16.84
17.4,33.15,41.32,1880.35,34.97,197.25,33.3,50.08,168.51,16.54
17.42,33.65,41.58,1872.5,35.1,198.25,32.98,47.91,169.23,16.65
17.33,31.8,41.43,1786.0,34.26,187.8,32.3,45.89,158.9,16.49
17.39,31.4,41.2,1779.99,34.1,185.63,32.36,46.51,158.59,16.33
17.79,30.95,41.92,1760.0,33.25,181.03,32.56,48.38,156.6,16.48
17.71,29.89,41.36,1699.99,34.54,180.15,32.56,47.0,153.57,16.3
18.07,31.08,41.94,1737.61,37.99,185.46,32.81,51.22,159.12,16.51
18.18,31.02,42.1,1718.5,39.55,186.93,33.01,50.45,157.65,16.53
18.17,30.8,41.75,1705.83,39.46,189.0,32.77,50.05,158.7,16.56
18.1,30.26,41.27,1648.0,39.0,179.6,32.5,49.13,154.5,16.15
18.1,30.07,40.01,1643.5,39.18,179.4,30.3,47.18,154.15,16.09
18.2,29.58,39.65,1624.0,39.97,175.57,29.94,47.5,152.15,15.99
17.76,28.02,37.7,1501.28,38.98,167.0,28.9,45.88,143.23,15.3
17.53,28.19,37.72,1479.75,38.12,171.39,29.15,48.7,142.12,15.36
17.53,27.93,37.67,1464.08,39.72,173.01,29.1,49.93,143.4,15.23
17.6,27.94,37.66,1401.0,39.72,169.0,28.76,50.35,137.1,15.25
17.22,27.18,36.73,1360.0,38.95,167.45,25.88,49.25,137.5,15.06
17.21,26.82,36.15,1350.0,40.2,160.36,25.24,47.98,133.5,15.03
17.9,28.19,37.46,1462.01,41.49,176.4,26.54,51.05,142.58,15.42
17.91,28.42,37.4,1471.96,41.98,182.3,27.34,51.56,143.62,15.35
17.73,28.05,36.93,1439.5,42.09,182.61,26.64,50.12,140.92,15.14
18.25,29.08,38.31,1516.57,41.8,197.09,27.73,52.4,150.0,15.43
18.27,29.16,38.79,1507.11,41.99,191.3,27.71,52.11,151.14,15.47
18.28,29.15,38.69,1484.88,40.7,191.35,27.36,51.32,147.49,15.45
18.25,29.18,38.37,1459.9,40.75,189.11,27.21,49.96,145.4,15.49
18.43,29.19,38.46,1475.0,40.19,188.99,27.71,48.36,145.76,15.56
18.96,31.24,40.33,1528.15,39.22,195.88,28.42,48.34,150.02,16.15
19.2,33.14,41.6,1533.0,40.76,187.5,28.36,47.35,150.3,16.67
19.8,33.28,42.49,1588.0,40.24,191.0,29.2,47.97,154.15,16.7
19.43,33.38,42.3,1585.25,40.5,194.2,29.2,46.65,154.21,16.51
19.46,32.31,42.56,1567.0,40.4,192.99,29.24,46.47,152.6,16.38
19.15,32.07,42.16,1567.13,40.27,190.8,29.12,47.0,153.61,16.22
18.85,31.87,41.21,1519.98,40.79,184.52,28.74,47.75,148.93,16.11
19.16,32.45,41.97,1539.95,39.92,183.25,28.67,46.56,150.23,16.51
19.22,32.22,41.77,1549.0,39.5,181.16,28.47,47.59,149.77,16.7
19.1,32.22,41.8,1519.99,39.37,179.1,28.48,47.15,147.81,16.62
19.35,33.02,42.75,1522.01,39.63,178.66,28.5,45.73,147.38,17.01
19.01,31.96,41.41,1509.88,39.18,183.86,28.47,44.59,147.65,16.73
19.74,34.86,44.78,1599.0,40.05,194.97,29.11,44.96,155.05,17.81
19.82,34.96,44.95,1599.0,39.83,197.48,28.85,45.78,156.86,17.7
19.97,35.0,44.83,1630.8,40.47,204.0,29.91,47.01,164.59,17.53
19.83,34.39,44.62,1633.88,40.5,199.4,29.74,47.98,163.06,17.41
20.83,36.1,47.28,1664.9,39.88,204.92,30.64,46.36,168.51,17.91
20.9,35.85,47.44,1688.0,39.88,210.0,31.18,45.86,175.4,17.79
20.59,35.32,46.7,1684.0,40.58,214.4,31.58,45.93,173.68,17.58
20.51,35.45,47.15,1687.02,38.87,214.5,31.23,46.5,174.76,17.74
20.64,36.75,47.6,1730.0,38.82,213.23,31.99,46.3,183.27,18.0
20.24,35.79,46.17,1739.02,38.88,215.77,31.75,45.49,178.35,17.53
20.3,36.14,46.7,1750.0,38.38,213.74,31.29,44.9,179.47,17.7
20.54,36.91,46.89,1770.87,38.44,218.84,31.72,44.63,184.08,17.76
20.27,36.33,46.43,1786.99,37.96,219.7,31.36,45.18,181.96,17.56
20.41,37.09,46.9,1786.87,38.0,221.7,31.42,44.63,182.52,17.65
19.96,36.5,45.77,1773.0,37.19,218.0,31.39,44.6,179.95,17.33
19.71,35.72,44.93,1715.0,36.51,213.2,30.5,44.8,172.51,16.98
19.74,35.95,45.26,1739.0,36.14,215.09,30.93,43.61,174.49,17.11
19.87,36.5,45.88,1768.0,36.63,221.04,30.85,40.86,179.5,17.26
19.79,36.37,45.64,1771.0,36.75,223.33,31.1,40.54,180.29,17.25
19.67,35.95,44.66,1742.06,37.56,218.15,30.57,42.0,178.6,17.16
20.14,36.67,45.58,1733.0,37.07,218.21,31.16,42.39,181.05,17.43
20.05,37.33,46.28,1733.0,37.4,218.8,30.93,42.8,180.18,17.61
19.78,37.23,45.82,1719.0,38.13,216.15,30.87,42.62,178.75,17.44
19.91,37.26,47.0,1727.0,38.53,216.03,31.0,42.26,180.69,17.59
19.9,37.58,47.15,1730.01,38.44,214.1,30.7,42.03,178.2,17.77
20.15,38.65,48.53,1725.01,38.77,215.11,30.58,40.65,178.62,18.07
20.44,38.5,48.93,1801.0,39.55,225.9,31.54,41.07,189.0,18.09
20.41,38.38,49.74,1803.77,39.31,224.67,31.5,42.67,190.46,18.1
20.65,38.8,50.91,1841.2,39.55,225.68,31.6,42.27,195.88,18.08
20.44,38.25,49.21,1854.45,39.38,231.98,32.51,42.57,195.24,17.78
20.34,38.92,50.7,1844.95,38.45,228.6,32.45,42.4,194.1,17.98
20.46,39.05,50.91,1834.0,37.79,225.02,32.23,43.39,193.39,18.05
20.75,39.66,52.35,1887.0,39.27,228.5,32.59,43.4,198.58,18.23
21.54,40.47,52.09,1912.9,43.13,232.8,33.4,44.0,206.52,18.23
21.63,40.68,51.5,1908.0,42.18,230.99,33.75,44.28,202.86,18.2
21.38,40.38,51.55,1893.0,41.57,229.3,32.23,44.73,205.8,18.04
21.62,40.65,51.81,1880.21,43.64,231.64,32.42,44.73,205.3,18.07
21.67,41.05,52.1,1860.01,43.54,230.5,32.33,47.15,208.72,17.96
21.61,42.03,51.48,1888.0,43.25,217.49,33.25,48.0,217.6,17.9
21.41,41.21,50.98,1845.76,42.21,212.3,32.58,48.15,209.0,17.62
22.09,40.54,51.35,1844.97,42.64,212.85,32.58,48.69,210.06,17.5
21.43,40.03,50.83,1836.11,43.0,215.22,32.52,48.65,212.51,17.41
21.36,39.3,49.6,1818.0,42.8,210.96,32.03,47.01,210.0,17.26
20.85,38.35,48.16,1795.0,42.49,206.16,31.12,46.4,201.7,17.15
20.9,38.41,48.7,1797.0,42.1,205.56,31.02,46.04,203.17,17.17
20.87,38.49,48.5,1784.0,42.96,204.31,31.26,45.88,199.55,17.11
21.17,38.49,49.32,1818.0,43.65,205.69,31.5,46.24,207.39,17.19
20.96,38.16,49.3,1810.0,43.6,204.42,31.46,45.38,204.7,17.19
20.93,37.72,49.25,1856.35,44.97,208.0,31.59,45.62,212.4,16.95
20.92,38.0,49.9,1843.79,45.22,205.45,31.63,45.44,209.24,17.05
20.75,37.17,48.88,1841.0,44.81,200.5,31.18,45.24,211.0,16.96
20.57,37.27,49.2,1861.82,43.79,204.18,30.88,44.44,210.79,16.97
20.24,36.71,48.8,1820.78,44.17,200.54,30.69,43.37,208.15,16.71
21.04,38.49,49.95,1875.0,45.22,205.97,31.35,44.12,212.95,17.14
21.09,38.69,50.01,1867.0,44.5,203.5,31.49,45.19,210.08,17.21
20.8,38.16,49.18,1836.0,44.11,200.54,31.06,44.37,207.5,17.04
21.03,38.27,48.98,1818.0,43.52,199.99,31.0,45.79,205.1,17.05
20.59,37.46,48.2,1788.0,43.19,197.51,30.61,44.71,201.1,16.9
20.44,37.16,47.8,1810.41,43.13,197.31,30.5,44.2,204.81,16.82
20.65,37.31,48.2,1813.74,43.5,197.58,30.46,44.24,204.42,16.91
20.9,38.25,49.99,1838.53,43.77,196.85,31.12,44.14,207.38,17.16
20.88,38.25,50.2,1828.0,43.19,195.52,31.14,43.4,206.24,17.18
21.17,38.25,50.28,1818.04,43.4,196.06,31.06,43.36,205.76,17.31
20.69,37.0,48.58,1807.14,43.42,191.93,30.73,45.02,204.58,16.98
20.51,36.56,47.91,1788.3,42.12,188.6,29.94,44.44,200.45,17.0
20.36,36.0,47.23,1770.42,41.96,187.65,29.87,43.86,199.3,16.91
20.28,35.58,46.64,1770.02,41.73,184.49,29.55,43.02,198.0,16.83
19.99,35.03,46.0,1750.0,41.86,181.73,29.11,42.12,195.24,16.6
20.13,35.05,46.5,1762.0,41.42,186.81,29.47,41.99,198.6,16.56
19.86,34.58,45.46,1766.0,41.48,186.35,29.54,41.88,195.28,16.49
20.05,34.88,45.95,1750.92,41.38,182.95,29.19,42.24,192.32,16.58
19.91,34.65,45.23,1751.99,41.19,184.26,29.1,40.0,191.2,16.68
20.16,34.36,46.2,1742.0,40.82,185.3,28.87,39.33,188.5,16.72
20.05,34.12,45.58,1729.6,40.4,182.67,28.54,39.21,185.9,16.62
20.21,34.23,46.01,1775.0,41.6,188.0,28.98,39.45,192.24,16.62
20.3,34.54,46.5,1773.35,42.63,184.69,28.88,39.38,191.77,16.77
20.49,35.2,46.88,1774.86,42.67,184.56,29.01,39.51,194.58,16.87
20.52,34.43,46.2,1778.62,41.7,186.32,29.13,40.05,193.02,16.78
20.4,34.21,45.99,1767.79,43.28,184.75,29.12,40.29,190.41,16.63
20.39,34.4,45.88,1781.8,43.0,182.61,29.0,39.85,192.5,16.69
20.21,34.12,45.42,1790.0,43.16,182.54,28.7,40.03,195.28,16.6
20.48,34.35,45.48,1800.0,43.01,187.47,29.2,40.51,198.39,16.82
20.48,34.27,45.6,1820.0,42.82,183.24,29.12,40.41,197.0,16.89
21.0,34.37,45.68,1802.07,42.56,184.39,28.99,40.63,195.19,16.89
21.07,34.28,45.57,1814.59,43.15,178.04,29.11,40.19,196.15,17.0
20.89,33.8,45.08,1796.96,42.78,176.82,28.92,40.29,190.54,16.92
21.17,34.14,45.63,1790.99,45.15,181.82,29.14,40.47,189.06,16.97
21.12,34.24,46.06,1771.7,46.27,179.85,28.86,41.23,184.65,17.05
21.34,33.73,45.66,1745.5,46.01,179.27,28.52,40.46,180.53,16.99
21.34,33.74,45.6,1694.1,45.63,176.0,28.16,39.61,175.82,16.98
20.94,34.01,45.12,1723.0,47.35,176.65,28.1,39.38,177.88,17.07
20.95,34.39,45.49,1713.42,47.72,174.78,27.92,39.26,175.59,17.11
21.78,35.2,47.48,1753.0,49.29,179.81,28.18,39.62,178.18,17.32
21.73,35.68,48.62,1758.0,48.93,180.3,28.49,40.01,178.32,17.41
21.48,35.5,48.4,1759.0,48.66,176.96,28.22,38.93,176.29,17.37
21.55,34.99,48.79,1741.88,47.8,171.0,28.08,37.61,173.5,17.39
20.81,34.5,46.74,1725.47,47.32,167.17,28.0,37.44,172.0,17.11
20.62,33.6,46.4,1705.0,48.35,163.89,27.36,36.23,168.0,16.93
20.72,34.03,46.09,1730.38,47.98,161.95,27.51,35.01,169.8,17.27
20.63,33.82,45.79,1743.91,48.2,162.0,27.46,36.26,168.61,17.25
21.03,32.63,50.37,1757.92,48.2,161.6,27.8,35.97,169.17,17.14
21.02,33.6,51.8,1760.52,48.65,160.98,29.56,34.87,169.0,17.22
21.27,34.13,53.7,1749.9,49.27,153.32,29.85,34.09,168.95,16.76
21.93,34.69,53.83,1750.0,47.47,152.88,29.71,33.16,173.71,17.13
22.69,35.6,54.92,1720.52,46.51,149.86,30.13,33.53,171.4,17.63
22.74,34.99,53.48,1722.0,45.93,147.61,29.9,33.03,174.77,17.56
21.89,34.4,52.31,1725.0,46.35,144.98,29.83,33.41,173.32,17.31
21.8,34.45,52.35,1717.07,46.43,144.05,29.58,33.75,172.57,17.25
21.5,34.04,51.27,1706.4,45.51,139.7,29.77,32.8,169.37,17.03
21.82,34.7,53.71,1716.3,47.44,142.0,30.26,33.83,172.44,17.15
21.8,34.82,53.2,1703.29,49.13,138.78,30.05,33.64,170.49,17.24
21.66,34.5,51.91,1701.0,48.5,136.44,29.82,33.65,169.34,17.14
21.67,34.45,51.82,1691.0,48.02,133.88,29.67,33.08,168.66,17.18
21.29,33.95,51.04,1699.5,49.13,135.16,29.85,32.96,170.8,17.04
21.3,34.2,51.42,1746.0,48.7,138.87,30.45,33.35,177.61,17.08
20.85,33.6,49.9,1724.55,49.1,136.51,30.67,32.9,174.0,16.95
20.28,32.93,48.47,1710.9,47.96,133.51,30.0,33.11,170.35,16.72
20.32,32.42,48.4,1701.0,48.06,131.4,29.73,32.44,168.2,16.67
20.37,32.74,48.44,1690.56,48.4,130.7,29.47,31.49,170.1,16.78
20.35,32.69,48.04,1689.0,48.3,127.44,29.18,30.25,168.26,16.75
20.36,32.64,47.99,1668.29,48.29,127.8,29.19,29.5,165.17,16.69
20.05,32.3,47.0,1628.9,45.55,123.1,28.81,28.82,161.18,16.56
20.1,32.06,47.45,1635.92,45.93,120.95,29.09,28.63,163.32,16.55
20.19,33.07,49.1,1670.6,46.03,122.81,29.76,29.24,167.9,16.7
20.0,33.04,48.51,1665.0,46.5,119.55,29.51,28.41,165.2,16.73
19.83,33.07,48.76,1666.99,46.31,117.71,29.5,27.66,165.62,16.74
19.87,33.3,49.01,1650.9,45.5,116.58,29.5,27.5,164.0,16.81
20.2,34.08,49.67,1668.0,45.59,117.58,29.61,27.34,164.82,17.08
20.18,33.74,49.48,1666.0,45.79,116.8,29.84,27.6,164.59,17.1
19.85,33.73,49.57,1696.0,44.7,120.01,29.89,27.82,170.41,16.94
19.98,33.73,49.63,1699.0,45.0,120.8,28.93,27.75,173.08,17.01
20.0,33.39,48.05,1726.88,46.0,121.13,29.07,27.32,177.68,16.9
20.3,33.72,48.42,1755.0,46.93,130.0,29.3,29.18,182.0,17.0
20.39,33.93,48.6,1797.69,47.5,130.16,29.37,29.63,184.08,16.99
20.15,33.58,47.5,1744.0,46.88,127.3,29.05,28.98,177.54,15.79
20.06,33.19,46.89,1743.46,46.78,126.28,28.82,28.73,174.01,15.78
19.85,33.17,46.64,1735.83,46.4,122.15,28.8,27.99,171.4,15.77
19.29,32.61,45.93,1709.0,46.36,117.44,28.73,28.01,166.66,15.61
19.49,32.82,46.3,1711.05,45.95,116.69,28.6,28.18,166.12,15.68
19.5,33.05,46.54,1728.38,46.2,115.79,28.53,29.32,166.67,15.69
19.44,32.68,46.3,1713.71,47.05,110.89,28.23,28.85,163.81,15.55
19.78,32.76,46.4,1691.0,47.9,110.53,28.32,28.67,163.57,15.65
20.24,33.72,48.18,1724.1,47.36,115.23,29.13,28.88,167.36,15.83
20.28,33.51,47.95,1730.6,48.85,115.29,29.14,28.82,168.22,15.68
20.15,33.03,47.35,1715.38,49.19,112.82,28.77,28.15,165.38,15.6
20.05,32.58,47.3,1702.98,48.11,111.01,28.62,27.89,164.3,15.56
20.13,32.31,47.21,1690.03,48.39,109.66,28.68,27.36,163.66,15.52
20.12,32.45,46.61,1700.9,47.61,117.56,28.38,29.69,164.6,15.46
20.24,32.71,47.2,1710.0,48.24,115.87,28.5,29.24,165.14,15.48
20.08,33.2,47.29,1713.8,47.77,116.15,28.36,30.55,165.46,15.51
20.47,31.85,48.62,1738.4,48.01,119.1,28.99,30.67,172.65,15.68
20.5,31.93,48.64,1753.0,47.52,117.05,28.07,30.04,171.99,15.68
20.28,31.65,48.05,1729.97,47.2,115.4,27.55,29.79,169.66,15.59
20.29,31.46,47.6,1722.8,47.2,114.51,27.3,29.5,168.4,15.56
20.41,31.58,47.77,1723.0,46.69,114.23,27.24,29.24,168.32,15.72
20.3,31.69,47.42,1724.0,45.96,113.15,27.18,29.56,168.56,15.79
20.36,31.8,46.97,1771.3,45.93,113.72,27.42,28.69,171.27,15.78
20.39,31.45,46.62,1771.15,47.29,111.27,27.27,28.34,169.36,15.66
21.58,33.27,49.55,1828.55,47.76,118.21,27.76,29.22,179.5,15.94
21.78,33.35,49.46,1828.55,48.08,118.3,27.72,29.29,177.8,15.95
21.52,33.66,49.88,1838.03,48.11,120.99,27.76,28.65,178.46,16.0
23.67,35.1,51.93,1897.0,49.05,125.97,28.48,29.5,181.18,16.49
24.1,35.56,52.6,1880.58,44.58,125.77,28.66,29.85,181.0,16.66
23.67,34.99,51.74,1889.0,43.38,123.64,28.25,29.3,179.88,16.63
23.85,34.03,51.41,1880.0,42.28,122.94,28.25,29.09,177.98,16.36
24.43,34.68,52.41,1878.47,42.27,124.13,28.51,30.85,178.6,16.51
24.7,34.88,51.9,1893.47,41.07,125.86,28.31,30.76,179.28,16.56
24.77,34.5,51.7,1887.93,39.13,124.96,28.11,30.51,177.31,16.5
24.9,34.15,51.26,1890.0,40.14,123.85,28.09,30.23,176.88,16.45
24.91,34.02,51.26,1890.28,40.21,123.47,28.16,30.11,177.18,16.5
25.2,34.14,51.36,1875.0,39.9,122.62,27.87,30.21,176.31,16.44
24.1,33.15,49.37,1834.0,39.2,120.5,27.5,29.42,172.36,16.1
23.75,32.46,48.53,1803.0,40.62,118.28,27.38,29.31,168.62,15.96
24.11,32.36,48.68,1812.98,40.5,116.1,27.37,28.39,166.5,16.05
24.01,31.97,48.35,1820.0,41.01,116.81,27.16,27.94,166.7,16.08
23.95,31.79,47.91,1828.05,40.57,120.03,27.31,28.18,168.44,16.02
23.97,31.88,47.52,1802.59,39.95,114.09,26.95,27.91,163.53,15.94
22.94,31.13,46.67,1791.0,38.8,116.0,26.58,27.01,161.97,15.7
23.22,31.32,47.0,1788.0,39.15,113.09,26.73,25.84,162.15,15.92
22.8,30.85,46.46,1774.0,38.7,110.34,26.36,24.81,160.01,15.91
23.56,31.06,46.5,1816.3,40.44,111.95,26.5,25.76,162.26,15.93
23.43,31.56,47.01,1824.98,40.72,107.5,26.75,25.53,161.55,16.01
23.79,32.26,48.11,1834.97,41.92,109.78,26.82,26.48,157.49,16.2
23.38,32.04,48.56,1851.33,42.25,112.15,26.62,27.1,159.4,16.0
22.56,31.66,48.25,1856.0,42.15,111.4,26.55,26.85,157.82,15.79
22.2,31.55,48.79,1847.0,41.78,108.92,26.0,26.55,155.91,15.81
22.38,32.27,50.1,1851.05,41.53,109.35,26.05,26.58,159.74,15.94
22.57,33.53,51.45,1866.0,41.2,115.92,26.44,27.04,167.93,16.24
22.38,33.11,50.2,1858.7,41.21,114.5,26.03,28.1,165.72,16.17
22.13,33.36,51.03,1861.0,40.73,113.0,26.19,27.87,165.69,16.29
22.12,33.14,50.22,1838.0,40.29,110.24,25.88,26.74,163.1,16.2
22.25,33.17,50.12,1818.5,40.58,108.4,25.78,26.32,161.92,16.16
22.6,32.91,50.36,1822.17,43.0,110.23,26.11,26.66,164.35,16.21
22.39,32.88,49.95,1819.96,42.91,109.0,26.21,26.85,162.98,16.17
22.28,32.75,49.5,1819.91,42.2,107.52,26.18,26.41,163.65,16.17
22.29,33.07,49.19,1818.69,42.59,105.45,26.25,26.13,162.0,16.26
22.05,32.96,49.2,1781.99,43.6,106.06,26.13,26.26,159.71,16.1
22.14,33.02,49.3,1829.2,44.36,111.78,26.28,26.32,162.8,16.14
22.02,32.96,49.28,1826.94,44.63,109.68,26.23,25.95,160.91,16.22
21.9,32.73,48.89,1824.0,44.35,109.6,26.14,25.74,159.84,16.22
21.73,32.37,48.49,1798.39,43.89,105.95,25.86,25.38,157.66,16.15
22.61,33.34,50.33,1849.0,44.06,109.3,26.6,25.95,159.92,16.37
21.9,33.0,49.06,1832.38,44.85,107.72,26.66,26.18,158.9,16.37
21.98,32.8,48.56,1816.0,44.7,106.83,26.77,26.14,156.65,16.35
22.03,32.82,48.66,1814.0,45.31,107.5,26.64,27.74,156.59,16.25
21.66,32.97,48.3,1798.55,44.94,105.97,26.53,27.28,156.1,16.29
21.68,32.58,48.07,1777.0,44.76,100.4,26.57,27.1,154.27,16.22
21.43,32.59,47.6,1770.0,44.37,100.87,26.79,26.71,153.41,16.18
21.51,32.45,47.69,1778.5,45.05,100.23,27.05,26.96,153.7,16.16
21.76,33.07,48.43,1786.0,44.95,101.06,27.1,27.32,155.73,16.34
21.52,32.61,47.97,1751.0,44.65,97.18,26.85,26.8,153.63,16.27
21.51,32.31,47.54,1729.9,44.23,94.88,26.47,26.33,150.14,16.2
21.95,32.52,47.68,1726.0,44.47,95.93,26.85,26.22,150.41,16.22
21.86,32.49,47.39,1728.0,43.82,94.25,26.59,25.87,149.24,16.17
21.56,31.57,46.05,1630.0,43.41,92.83,26.16,25.46,144.25,15.85
21.53,31.65,45.84,1645.0,42.72,92.36,25.96,25.55,143.7,15.79
21.18,31.23,45.94,1643.98,43.07,90.07,25.59,24.7,143.75,15.74
21.62,31.3,46.1,1642.95,43.23,90.2,25.61,24.7,144.05,15.67
21.84,31.42,45.51,1677.5,43.17,90.21,26.05,24.65,149.34,15.57
21.8,31.5,45.7,1672.23,44.45,89.62,26.01,23.9,151.05,15.71
22.03,31.53,45.18,1676.71,45.4,93.9,26.88,24.98,152.99,15.78
21.6,30.9,45.31,1681.0,46.58,95.42,26.67,25.16,156.6,15.57
21.71,30.76,45.46,1684.58,47.94,94.6,27.42,24.13,156.0,15.08
21.73,30.45,45.11,1780.99,47.97,93.84,27.32,23.33,160.0,15.11
21.53,30.68,45.06,1779.5,47.9,92.73,27.34,22.41,157.9,15.25
21.86,30.99,45.24,1811.24,47.51,94.58,27.6,22.87,159.67,15.2
22.83,31.14,46.06,1812.0,48.33,96.19,27.55,23.45,159.84,15.27
22.79,30.8,45.3,1791.17,48.43,95.61,27.6,23.43,159.31,15.19
22.58,30.6,44.63,1798.34,49.28,96.3,27.58,23.42,158.63,15.13
22.46,30.66,43.28,1794.11,48.38,95.98,27.63,24.24,158.55,15.12
22.46,30.16,42.35,1775.84,48.39,94.4,27.52,23.53,156.9,14.98
22.29,29.82,42.39,1764.0,47.3,95.12,27.43,23.84,154.88,14.96
22.62,30.2,42.61,1765.27,47.04,95.24,27.27,23.73,155.9,14.72
22.6,30.64,43.36,1772.93,47.33,96.15,27.26,24.39,157.25,14.85
22.43,30.54,42.87,1760.05,46.8,94.36,27.02,23.71,156.37,14.77
22.52,30.33,42.66,1753.42,47.14,93.58,26.95,23.59,155.0,14.71
22.35,30.58,42.91,1762.5,47.49,94.46,27.16,23.49,154.4,14.85
22.44,30.43,43.07,1790.0,47.58,95.03,27.45,23.29,155.3,14.89
22.21,30.16,42.73,1781.51,47.14,93.27,27.2,22.79,153.51,14.85
22.24,30.14,43.05,1786.0,47.17,93.84,27.31,22.88,153.07,14.83
22.05,30.0,42.69,1777.0,46.93,92.0,27.35,22.52,153.23,14.81
21.69,29.4,41.85,1763.0,46.8,90.89,27.18,21.87,149.25,14.75
21.61,29.16,41.67,1769.04,47.5,91.0,27.27,21.9,148.75,14.8
21.4,28.8,40.75,1774.71,47.67,89.5,27.05,21.46,148.3,14.6
21.45,28.79,40.8,1791.5,48.02,89.15,27.25,21.23,149.15,14.6
21.56,28.26,41.02,1760.28,46.58,87.9,27.05,21.21,147.21,14.61
21.41,28.08,40.38,1750.71,45.99,86.6,26.8,21.06,145.85,14.51
21.13,27.51,39.53,1709.0,45.25,84.0,26.43,20.61,142.67,14.18
20.95,27.76,39.53,1703.0,45.41,84.48,26.43,21.1,144.1,14.17
21.03,27.81,39.34,1700.0,44.78,82.88,26.35,20.78,142.52,14.12
20.95,27.5,39.19,1704.92,45.59,82.3,26.36,20.73,142.93,14.11
21.21,27.76,39.6,1698.0,46.53,82.4,26.33,20.8,139.2,14.39
21.13,28.05,39.79,1709.99,45.8,82.14,26.45,20.82,139.3,14.59
20.71,27.22,38.89,1660.0,45.62,78.9,25.83,20.29,133.78,14.34
20.5,27.03,38.7,1635.9,45.73,78.5,25.88,20.33,132.65,14.34
20.46,27.23,38.79,1645.0,44.66,78.19,25.51,20.68,133.7,14.31
20.44,27.28,38.61,1662.0,45.49,76.46,25.6,20.19,134.0,14.36
20.64,27.29,38.71,1675.0,44.78,76.89,25.45,20.37,133.33,14.4
20.16,27.06,38.45,1649.79,44.23,75.83,25.33,20.28,132.13,14.33
20.27,27.71,38.8,1670.0,44.49,79.75,25.66,21.28,134.1,14.48
20.28,27.61,39.1,1670.65,44.01,79.1,26.0,21.22,133.42,14.62
20.01,27.53,39.18,1672.0,44.0,79.61,26.1,21.28,134.55,14.61
19.85,27.27,39.1,1670.0,43.98,78.85,25.81,20.98,134.32,14.56
19.9,27.3,39.0,1667.06,44.09,78.37,26.13,20.68,133.83,14.52
20.37,27.99,40.26,1724.99,44.75,85.02,26.85,22.75,140.1,14.74
20.37,27.82,40.3,1726.0,45.23,83.69,26.75,22.9,140.31,16.21
20.07,27.58,39.47,1685.01,44.47,80.6,26.27,22.2,136.0,14.83
20.18,27.77,39.4,1694.0,44.23,80.43,26.06,22.39,134.88,14.68
20.0,27.81,38.9,1669.0,43.79,78.6,25.97,21.98,132.32,14.62
19.79,28.29,38.97,1663.36,41.95,77.02,26.12,21.58,131.24,14.81
19.42,28.13,38.45,1643.99,41.11,75.4,26.15,21.61,128.1,14.7
19.46,28.17,38.38,1641.0,41.2,80.22,26.31,22.24,127.81,14.68
19.46,28.05,37.82,1641.5,41.5,81.7,26.57,22.23,128.8,14.61
19.6,28.38,38.43,1646.57,41.48,82.07,26.6,22.36,129.62,14.66
19.52,28.54,38.03,1643.06,41.1,80.81,26.75,22.11,128.75,14.69
19.48,28.77,38.17,1640.0,41.51,82.25,26.71,21.84,128.68,14.73
19.58,29.13,38.7,1639.43,41.41,82.4,26.9,22.12,128.41,14.93
19.22,29.19,38.01,1577.0,40.11,79.0,26.4,21.3,125.14,14.81
19.49,29.58,38.99,1610.87,41.29,84.0,26.75,22.8,127.9,15.09
19.47,29.73,39.2,1635.0,41.41,84.01,26.87,22.1,128.89,15.15
19.13,30.25,39.48,1642.0,40.78,81.97,26.68,21.72,127.0,15.2
19.78,29.99,39.36,1619.0,40.3,81.15,26.46,22.06,127.38,15.1
20.52,30.09,40.17,1626.0,40.52,81.93,26.8,21.78,128.05,15.3
20.56,30.9,41.15,1638.0,41.2,86.9,27.07,22.3,131.11,15.47
20.83,31.12,41.25,1637.32,40.3,85.62,27.2,21.96,131.0,15.64
20.58,31.35,40.98,1650.0,39.25,84.92,27.49,20.4,131.78,15.72
20.44,31.0,40.19,1613.0,38.69,82.25,27.28,20.23,127.71,15.65
20.5,30.71,40.51,1604.91,37.45,79.81,27.09,19.35,126.3,15.73
20.44,30.42,40.3,1610.03,37.16,80.95,26.96,19.59,126.5,15.71
20.18,30.23,40.1,1596.0,35.95,78.52,26.96,18.87,123.82,15.71
20.18,30.71,40.68,1630.01,37.4,77.87,27.65,18.17,126.57,15.84
21.14,31.33,41.56,1676.0,41.0,82.7,28.14,19.6,132.99,15.92
21.18,31.31,42.38,1710.99,41.84,84.0,28.28,19.77,133.87,15.97
21.25,31.4,42.78,1706.0,41.87,84.45,28.18,20.21,133.59,16.05
20.85,31.62,42.73,1695.43,41.66,85.29,28.33,20.19,136.15,16.18
20.99,31.4,42.35,1670.0,41.86,84.53,28.68,19.98,134.38,16.2
21.38,33.0,43.59,1717.66,42.22,86.86,28.85,20.4,141.02,16.67
21.73,32.8,43.7,1718.38,42.43,87.51,29.06,20.62,141.1,16.8
21.52,32.95,44.07,1714.09,42.39,87.58,28.98,20.88,141.71,16.86
21.34,32.25,42.95,1694.98,42.08,85.64,28.69,20.68,139.76,16.48
21.46,32.18,43.12,1689.5,42.27,86.19,28.41,21.0,139.76,16.55
21.0,32.02,42.65,1681.55,42.23,85.23,28.2,20.62,139.53,16.53
21.3,32.04,42.9,1695.0,42.64,87.1,28.35,21.24,142.25,16.65
21.32,31.94,42.99,1685.06,42.52,86.65,28.26,21.6,142.59,16.58
21.16,31.52,42.34,1676.3,43.9,85.13,28.14,21.53,140.33,16.41
21.18,32.18,42.81,1695.1,44.56,85.0,28.85,21.02,141.59,16.61
21.1,31.87,42.5,1680.55,43.96,84.85,28.5,21.43,139.06,16.5
20.81,32.0,43.06,1683.63,41.95,82.3,28.55,20.8,138.25,16.51
20.8,31.67,42.88,1671.43,41.89,81.37,28.3,21.53,138.42,16.48
21.19,31.48,43.16,1694.49,43.6,84.89,28.5,22.16,141.16,16.5
21.4,31.95,43.81,1745.0,44.93,87.62,28.66,22.32,148.31,16.49
21.07,31.52,42.63,1727.45,44.68,87.34,28.17,21.89,147.76,16.31
20.8,31.25,42.45,1716.63,47.03,88.05,28.16,21.55,149.56,16.29
20.87,31.18,42.48,1717.49,47.13,89.35,28.82,21.41,152.49,16.39
21.26,31.13,42.56,1708.26,47.28,89.68,29.11,21.67,153.5,16.37
20.83,30.8,41.83,1708.02,45.97,87.5,29.09,21.15,157.37,16.19
20.84,31.18,41.92,1709.6,45.63,87.53,29.0,21.11,156.95,16.28
20.83,31.55,42.03,1709.0,45.63,86.55,28.9,20.85,156.61,16.33
20.5,31.2,40.56,1701.35,45.93,84.31,28.65,20.09,153.43,16.27
19.5,31.35,40.44,1689.01,46.16,84.81,28.38,19.94,151.72,16.29
19.6,32.4,40.9,1709.29,46.27,85.06,28.31,20.22,155.22,16.46
19.35,32.3,40.65,1701.0,45.91,83.18,28.14,19.54,152.66,16.59
19.31,32.18,40.69,1701.64,46.21,86.18,27.81,19.61,153.1,16.25
19.2,32.2,40.81,1702.9,45.97,85.42,27.9,19.51,153.51,15.78
19.41,32.64,41.25,1721.33,46.32,87.5,28.15,20.15,157.28,15.83
19.31,32.55,41.0,1713.99,45.46,85.69,27.77,20.05,155.5,15.59
19.16,32.23,40.5,1715.11,44.76,84.5,27.67,19.85,154.6,15.41
18.92,32.4,40.22,1666.66,45.4,81.87,27.27,19.41,147.29,15.48
18.93,32.31,40.11,1662.22,45.54,82.01,27.36,19.67,146.48,15.46
18.41,32.49,39.2,1647.98,45.45,79.03,27.19,19.17,143.12,15.72
18.34,32.3,38.95,1648.0,44.94,78.24,27.02,19.02,142.34,15.65
17.94,32.12,37.78,1634.03,44.09,75.98,26.57,18.56,140.49,15.49
17.74,32.83,38.36,1672.98,44.56,77.33,27.04,18.69,147.32,15.77
17.63,32.75,38.28,1670.0,44.26,75.85,27.23,18.2,144.97,15.93
18.1,33.3,38.95,1667.0,44.39,77.17,27.36,18.6,145.3,16.18
18.21,33.65,39.7,1670.78,42.35,76.41,27.7,18.79,144.98,16.3
18.13,33.62,39.42,1646.64,41.68,72.35,27.66,18.45,142.9,16.18
18.28,33.34,39.83,1675.06,41.86,72.54,27.89,19.25,144.56,16.13
18.27,33.38,39.89,1692.28,44.07,71.72,27.92,18.78,147.03,16.0
18.27,33.46,40.6,1693.6,43.7,72.29,27.98,18.5,148.98,15.91
18.18,34.4,41.06,1693.04,44.3,71.93,28.08,18.27,148.98,16.17
19.16,34.48,41.53,1709.43,45.61,74.26,28.01,18.62,152.25,16.43
19.38,34.88,42.08,1704.0,46.18,76.42,28.29,19.0,151.75,16.74
19.01,34.31,41.36,1705.0,46.16,74.9,28.61,18.2,150.43,16.85
19.21,34.88,42.49,1760.2,47.16,76.26,28.8,18.51,155.01,16.82
19.12,34.87,42.59,1770.0,47.23,75.72,28.35,18.77,155.94,16.82
18.78,34.57,41.95,1763.97,46.42,73.36,28.23,18.51,155.0,16.78
18.91,34.84,42.34,1756.0,46.9,74.38,28.22,18.96,154.84,16.86
19.06,35.62,42.93,1738.98,46.48,74.03,27.95,18.62,154.43,17.07
18.98,35.91,42.65,1706.0,45.53,73.47,28.0,18.92,151.1,17.16
19.01,35.34,42.31,1701.98,45.33,73.68,27.86,18.83,151.34,17.12
18.75,35.05,41.84,1700.0,44.67,73.43,27.8,18.67,151.37,17.01
18.78,36.25,43.05,1704.5,44.69,73.79,27.77,18.54,154.05,17.38
19.19,36.85,45.2,1715.0,44.75,76.49,28.11,18.62,156.41,17.7
19.29,36.38,45.46,1709.0,43.81,78.22,28.56,18.5,157.3,17.86
19.24,36.24,45.4,1705.0,43.8,77.41,29.16,18.3,156.54,18.03
19.31,36.06,45.4,1697.71,43.54,78.01,29.23,19.56,155.12,18.18
18.87,35.5,44.78,1692.01,43.05,75.81,29.29,18.93,153.6,18.11
18.59,34.74,43.89,1677.08,42.44,73.66,28.88,18.76,151.15,17.89
18.73,35.14,44.1,1670.12,42.7,73.41,29.02,18.53,151.58,18.23
18.62,34.83,43.76,1664.64,43.27,72.48,28.77,18.49,150.03,18.32
18.65,34.57,43.47,1674.0,43.02,72.75,28.95,19.0,149.21,18.07
18.56,34.34,43.15,1649.0,42.88,71.39,28.51,18.9,146.26,17.94
18.62,34.28,43.07,1648.45,42.36,71.0,28.31,18.59,146.7,17.89
18.43,34.15,43.13,1639.39,42.5,70.47,28.58,18.52,145.98,17.8
18.56,34.54,43.27,1653.2,43.83,73.41,28.62,18.63,147.78,17.75
18.54,33.99,43.08,1644.0,43.92,73.34,27.32,18.28,145.76,17.55
18.49,34.0,42.45,1639.81,42.91,72.41,27.47,17.18,144.9,17.57
18.38,33.99,42.12,1619.18,42.15,72.6,27.06,16.74,142.34,17.53
18.34,33.36,41.83,1569.0,42.72,71.05,26.72,16.59,138.48,17.41
18.28,33.09,41.4,1571.68,42.1,71.23,27.02,16.65,137.9,17.28
18.26,32.82,41.3,1555.01,42.06,70.8,26.87,16.51,134.56,17.17
18.63,33.81,41.87,1555.0,41.9,69.28,27.17,16.72,135.68,17.46
18.66,33.73,41.58,1541.5,42.53,68.78,26.88,16.72,135.73,17.36
18.71,33.71,41.73,1521.5,41.97,69.29,26.4,16.74,133.89,17.39
18.53,34.15,42.0,1501.0,41.36,67.51,26.32,16.36,134.22,17.62
18.38,34.01,41.51,1500.1,40.6,65.36,25.65,15.58,132.2,17.3
18.44,33.7,41.67,1471.0,40.04,64.66,25.78,15.46,130.2,17.35
18.42,34.07,41.8,1476.55,40.29,64.48,25.97,15.03,131.03,17.42
18.12,34.3,41.55,1486.65,39.7,63.0,25.77,14.44,131.51,17.32
18.4,34.06,41.65,1489.22,39.9,64.41,25.99,14.66,131.3,17.33
18.4,34.26,41.42,1490.49,39.24,62.95,25.77,14.26,129.65,17.45
18.23,34.19,41.36,1467.39,38.46,62.49,25.84,14.02,128.04,17.62
18.2,34.36,41.62,1440.38,38.27,62.5,25.97,14.05,128.3,17.75
18.19,35.08,42.17,1490.7,37.47,61.81,25.77,13.82,131.56,17.92
18.38,34.46,42.27,1500.0,38.67,67.98,25.81,13.85,131.0,17.7
18.04,34.71,41.98,1485.74,38.45,64.75,25.61,13.46,130.59,17.62
17.81,33.88,41.12,1453.0,40.03,65.73,25.45,13.51,128.95,17.19
17.5,33.99,40.84,1420.0,39.21,63.1,25.2,13.09,125.91,17.28
17.86,34.47,41.52,1438.03,38.99,63.15,25.0,13.16,127.07,16.43
18.17,34.68,41.86,1437.59,39.41,63.35,25.13,13.56,126.54,16.61
18.32,32.9,41.94,1462.09,40.6,67.33,25.7,14.22,130.48,16.48
18.36,34.0,42.68,1478.82,41.27,67.75,25.5,14.18,127.4,16.88
18.46,33.78,42.53,1474.9,40.78,66.88,25.49,13.89,127.5,17.03
18.73,33.79,41.19,1476.0,40.95,67.47,25.54,14.07,127.48,17.0
18.85,34.07,42.29,1501.4,41.74,70.51,26.0,14.1,130.76,17.2
18.97,34.09,42.37,1497.51,42.15,70.17,26.21,14.11,131.1,17.1
19.39,34.25,43.03,1525.62,42.23,69.83,26.4,14.39,133.42,17.13
20.19,33.34,43.0,1499.0,42.77,68.68,26.1,14.38,131.22,16.78
19.2,33.34,42.79,1455.0,41.41,66.73,25.42,14.02,126.8,16.94
18.88,33.18,42.56,1440.02,41.4,65.19,25.05,13.65,126.06,16.83
19.02,32.83,42.57,1430.49,41.46,66.75,25.04,13.98,125.78,16.71
19.26,32.37,41.09,1422.19,41.07,67.12,25.08,14.14,126.2,16.49
18.88,32.45,41.32,1398.02,40.49,64.89,24.74,13.83,124.1,16.72
18.92,32.42,41.33,1379.99,40.0,64.94,24.4,13.88,123.29,16.69
19.8,32.73,42.56,1421.28,42.21,68.61,25.09,14.5,126.86,16.75
19.58,32.71,42.51,1386.16,41.95,67.2,24.5,14.37,124.0,16.64
19.21,32.28,41.82,1385.45,42.17,66.6,24.44,14.22,123.7,16.52
19.12,32.1,42.0,1410.01,42.65,66.43,24.32,14.09,126.0,16.38
19.11,31.7,40.9,1404.7,42.91,68.04,24.31,14.45,125.9,16.21
18.97,31.58,40.7,1415.5,42.15,66.63,24.11,14.23,127.0,16.32
19.07,31.93,40.82,1430.69,42.58,66.02,24.39,14.15,128.35,16.44
18.89,32.33,40.61,1436.8,42.42,64.83,24.19,13.81,128.08,16.37
18.87,32.12,40.62,1436.1,43.63,63.95,24.35,13.93,127.71,16.28
19.06,31.94,40.78,1423.01,42.67,64.17,24.09,14.01,125.6,16.32
18.85,31.86,40.49,1413.3,42.5,63.24,23.84,13.82,124.33,16.28
19.15,32.76,41.32,1426.89,42.92,63.9,24.06,14.07,124.95,16.59
19.1,33.15,41.61,1431.2,43.12,63.49,24.03,13.72,125.01,16.72
19.04,33.42,42.07,1425.44,42.11,63.4,23.91,13.48,123.95,16.95
18.93,33.48,41.92,1422.72,42.25,62.18,23.54,13.3,123.15,16.84
18.92,33.24,41.97,1417.58,42.31,61.34,23.39,13.22,122.2,16.77
18.73,33.3,41.71,1410.05,43.93,60.27,23.03,12.88,120.99,16.82
19.1,33.7,43.35,1414.99,43.62,60.95,23.19,12.9,121.11,17.32
18.46,33.77,43.35,1412.0,43.32,60.8,22.84,12.99,118.12,17.48
18.46,33.7,43.15,1404.07,43.6,59.68,22.64,13.23,117.7,17.33
18.43,33.68,43.19,1389.0,43.5,60.41,22.25,13.14,114.0,17.21
18.79,32.93,42.62,1413.3,44.32,59.48,22.87,13.56,118.78,16.69
19.29,32.15,44.03,1443.19,44.13,61.01,22.63,13.81,123.03,16.51
18.92,31.93,43.45,1395.0,43.9,58.93,21.64,13.19,119.0,16.5
19.12,31.62,43.21,1410.0,44.58,59.14,22.21,13.51,120.32,16.36
19.12,31.36,42.64,1400.0,44.51,58.55,22.17,13.67,119.11,16.24
19.11,31.2,43.42,1404.88,45.0,58.73,22.52,13.76,119.55,16.3
19.06,31.25,43.25,1398.0,44.4,56.82,22.26,13.53,117.53,16.39
18.98,30.24,42.68,1375.0,44.55,55.59,22.07,13.31,116.22,15.97
18.88,30.19,42.66,1378.0,44.48,55.08,21.95,13.13,116.43,16.07
19.0,30.08,42.52,1380.0,45.43,55.18,22.23,13.36,116.01,15.8
18.88,30.23,42.6,1335.06,44.97,54.79,21.86,13.43,113.36,16.03
18.92,30.6,42.89,1304.13,44.77,54.84,21.57,13.14,109.2,15.97
18.94,31.11,43.7,1266.9,45.12,53.76,21.37,12.96,107.69,16.07
19.34,30.82,44.03,1261.0,45.0,55.14,22.04,13.32,110.9,16.05
19.29,30.94,44.15,1263.92,42.71,54.31,21.98,12.8,110.28,16.25
19.31,31.39,44.09,1261.54,42.71,54.3,21.89,12.73,112.29,16.56
20.82,33.13,46.5,1372.6,43.66,57.32,23.25,13.59,120.36,17.18
21.16,34.15,47.36,1399.0,43.84,58.01,23.53,13.74,122.1,17.6
22.48,35.38,50.42,1529.0,46.46,63.81,25.52,14.56,134.31,18.45
24.73,35.63,51.9,1629.2,48.68,70.18,27.6,15.96,147.74,18.34
27.2,37.61,57.09,1748.0,52.3,77.2,29.07,17.56,162.51,19.27
29.92,40.0,61.73,1723.0,56.01,84.89,28.96,19.28,164.05,20.01
30.35,37.01,55.7,1595.15,51.68,76.4,26.53,17.35,147.68,18.61
27.75,38.73,58.5,1640.0,52.57,74.55,27.62,16.95,151.98,19.4
28.17,38.43,57.54,1604.99,50.2,71.63,27.35,16.2,149.65,19.0
27.46,39.33,58.67,1601.99,51.39,71.36,27.36,16.75,149.76,19.66
26.72,38.5,57.19,1554.25,50.6,69.03,26.5,16.3,144.0,19.35
26.41,39.5,57.38,1522.5,49.18,66.1,26.15,15.93,141.65,19.96
26.16,38.49,57.0,1494.6,49.22,65.44,25.52,15.61,137.95,19.57
27.91,39.05,57.18,1541.0,50.48,68.02,26.4,16.45,143.0,19.6
27.46,38.85,56.9,1528.8,50.56,68.19,26.21,17.51,143.01,19.23
27.67,39.17,57.06,1543.0,50.76,69.14,26.61,18.38,145.44,19.14
27.57,39.66,58.31,1567.5,50.69,69.5,27.01,19.58,148.53,19.16
27.28,39.31,58.1,1552.2,48.67,67.8,26.52,18.6,146.46,19.17
27.5,39.1,57.7,1558.85,48.0,68.99,26.68,20.46,148.11,19.14
27.49,38.52,57.5,1565.0,48.59,70.3,27.12,20.08,153.97,19.02
27.23,38.6,57.63,1531.62,48.18,68.83,26.52,19.24,150.8,19.01
27.46,37.88,55.97,1532.0,47.2,67.9,26.44,19.25,148.8,18.77
28.12,37.36,55.92,1527.79,46.6,67.83,27.91,19.74,146.83,18.28
27.95,38.01,56.15,1533.75,47.56,68.32,28.3,19.01,147.92,18.29
29.06,38.75,56.97,1548.2,47.99,70.21,28.83,19.26,148.6,18.31
30.47,39.08,58.75,1576.99,48.68,72.9,29.07,19.63,152.8,18.4
31.08,38.56,57.49,1571.0,48.75,72.65,28.9,19.21,151.25,18.33
34.19,39.57,60.84,1649.14,50.0,76.92,30.2,19.18,162.24,18.91
34.88,38.8,59.12,1609.97,49.5,75.8,30.13,19.23,156.47,18.7
34.88,38.33,58.4,1598.01,49.43,74.43,30.01,20.02,154.82,18.38
33.93,37.59,57.01,1577.2,49.29,74.2,29.8,20.1,154.3,18.13
32.92,37.82,57.19,1578.5,49.35,74.16,30.01,20.08,153.94,18.15
32.67,38.06,57.0,1573.8,48.45,72.09,29.61,19.19,153.49,18.19
31.13,37.82,55.8,1559.0,47.7,70.72,29.29,18.52,151.29,18.05
30.67,37.9,55.76,1559.0,47.2,69.77,28.98,18.21,149.33,18.51
31.3,37.72,55.61,1541.92,47.43,70.31,28.87,18.64,148.45,18.33
31.74,37.48,55.46,1544.81,50.46,70.4,29.04,18.6,149.6,18.22
31.89,37.43,55.49,1545.13,50.19,70.01,29.17,18.61,149.5,18.24
30.33,36.45,53.03,1507.82,48.27,67.4,28.4,17.75,144.89,17.8
29.66,36.22,52.57,1498.57,47.76,68.0,28.22,17.81,143.8,17.76
29.72,36.39,53.05,1509.0,48.68,67.84,28.57,18.0,144.8,17.96
30.28,36.6,53.55,1519.05,49.99,68.68,28.87,18.35,147.05,18.11
29.87,36.47,53.17,1518.0,49.7,68.28,28.51,18.27,144.0,18.03
30.75,36.34,53.25,1525.74,50.69,69.55,28.58,18.5,146.77,18.05
31.27,36.51,54.01,1525.0,50.45,72.62,28.82,18.43,147.4,18.19
31.08,37.12,54.43,1526.74,49.63,71.63,29.26,18.48,146.99,18.45
30.8,36.81,53.93,1520.0,49.4,70.07,29.11,17.93,145.73,18.42
30.9,36.91,53.68,1511.0,48.95,69.9,28.84,17.94,145.03,18.26
31.24,37.7,55.12,1521.01,49.53,70.56,29.24,17.85,146.44,18.49
31.12,37.7,54.83,1518.8,49.38,69.29,28.82,17.63,145.76,18.54
31.48,38.6,55.62,1546.59,48.13,70.65,29.52,17.62,149.1,18.68
31.34,38.3,54.9,1535.6,48.15,71.85,29.77,17.69,149.4,18.55
31.66,38.8,55.58,1565.8,48.04,73.81,30.23,17.78,151.82,18.75
30.42,37.3,53.74,1519.0,46.59,71.3,29.25,17.02,148.04,18.15
30.03,37.74,53.12,1527.2,46.07,71.8,29.2,16.86,144.59,18.22
30.23,37.85,53.01,1558.0,46.5,70.97,29.61,16.68,144.89,18.36
30.29,38.52,52.94,1571.5,46.59,70.63,29.61,16.63,145.2,18.6
30.33,38.02,52.89,1551.01,46.54,70.03,29.37,16.62,143.55,18.54
30.34,37.91,52.62,1522.0,46.25,69.42,29.2,16.34,143.21,18.52
29.92,38.35,53.1,1526.45,45.85,68.7,29.6,16.24,142.45,18.82
30.32,39.22,53.78,1538.82,46.33,69.43,30.1,16.39,143.48,18.98
30.09,39.4,53.9,1530.0,46.62,69.2,29.93,16.36,143.08,19.19
30.15,39.48,53.45,1527.79,46.11,69.07,29.97,16.19,142.49,19.22
30.22,39.34,53.27,1528.97,46.1,68.88,30.15,16.15,142.52,19.35
30.51,39.62,53.9,1525.0,46.14,68.26,30.08,16.24,141.21,19.55
29.17,39.3,52.65,1524.0,45.9,67.01,30.18,15.71,140.04,19.16
