date,隆基绿能,沪深300,中证1000,沪深300价值,沪深300成长
2019-01-02,17.37,2969.535,4408.525,4036.416,3257.829
2019-01-03,17.48,2964.842,4376.858,4052.596,3232.425
2019-01-04,17.94,3035.874,4497.893,4128.143,3301.789
2019-01-07,18.43,3054.303,4594.148,4135.498,3326.853
2019-01-08,18.5,3047.703,4585.032,4121.208,3316.547
2019-01-09,19.03,3078.475,4594.738,4164.231,3378.415
2019-01-10,20.93,3072.686,4582.482,4151.069,3392.855
2019-01-11,20.04,3094.778,4621.61,4184.64,3416.755
2019-01-14,20.34,3067.784,4594.19,4150.698,3379.931
2019-01-15,21.52,3127.99,4644.166,4205.69,3472.418
2019-01-16,21.26,3128.651,4637.196,4216.501,3483.326
2019-01-17,20.85,3111.416,4595.49,4200.411,3470.425
2019-01-18,22.27,3168.173,4626.412,4277.033,3544.118
2019-01-21,22.12,3185.636,4655.11,4298.139,3572.241
2019-01-22,21.95,3143.317,4603.202,4254.001,3516.948
2019-01-23,22.1,3141.053,4609.672,4253.224,3510.933
2019-01-24,22.2,3158.781,4635.747,4277.098,3537.576
2019-01-25,22.53,3184.469,4607.944,4331.733,3571.14
2019-01-28,22.17,3183.777,4570.399,4333.498,3562.546
2019-01-29,22.3,3193.969,4490.051,4365.299,3579.424
2019-01-30,22.52,3168.482,4423.135,4346.27,3552.242
2019-01-31,22.18,3201.633,4355.735,4409.178,3599.861
2019-02-01,22.83,3247.397,4482.985,4428.732,3665.768
2019-02-11,23.26,3306.472,4611.829,4457.634,3762.758
2019-02-12,22.95,3330.335,4675.791,4474.977,3789.29
2019-02-13,23.14,3397.027,4759.825,4543.478,3856.415
2019-02-14,23.93,3402.14,4780.044,4528.548,3876.403
2019-02-15,23.6,3338.704,4773.514,4431.618,3790.229
2019-02-18,24.7,3445.744,4942.875,4539.048,3921.566
2019-02-19,25.12,3439.607,4963.751,4532.716,3914.579
2019-02-20,25.71,3451.927,4967.039,4557.577,3921.373
2019-02-21,26.97,3442.705,4947.658,4533.332,3909.7
2019-02-22,29.0,3520.118,5059.509,4588.672,3978.34
2019-02-25,28.96,3729.483,5324.247,4870.363,4190.1
2019-02-26,28.64,3684.693,5323.757,4788.013,4122.387
2019-02-27,26.78,3678.392,5310.274,4810.551,4100.918
2019-02-28,27.1,3669.37,5330.339,4789.168,4126.145
2019-03-01,27.67,3749.714,5364.366,4900.87,4209.74
2019-03-04,27.4,3794.104,5482.298,4949.163,4261.906
2019-03-05,27.57,3816.013,5654.305,4955.598,4284.236
2019-03-06,26.7,3848.09,5776.973,4982.126,4291.351
2019-03-07,26.0,3808.849,5877.297,4899.579,4209.258
2019-03-08,25.31,3657.579,5633.318,4713.639,4079.7
2019-03-11,27.84,3729.954,5876.342,4755.866,4178.621
2019-03-12,27.82,3755.351,6006.177,4780.185,4196.963
2019-03-13,27.61,3724.194,5866.633,4786.207,4198.882
2019-03-14,27.15,3698.485,5688.95,4783.962,4205.56
2019-03-15,27.5,3745.005,5777.108,4834.156,4281.924
2019-03-18,28.01,3851.747,5916.343,4944.254,4411.471
2019-03-19,27.21,3833.962,5941.908,4928.53,4383.337
2019-03-20,26.73,3835.439,5926.169,4941.759,4381.061
2019-03-21,26.7,3836.891,5990.638,4923.529,4365.971
2019-03-22,25.89,3833.801,6014.545,4910.485,4350.578
2019-03-25,25.5,3742.825,5961.435,4791.983,4239.897
2019-03-26,25.33,3700.438,5788.359,4764.753,4206.066
2019-03-27,25.13,3743.387,5826.527,4820.321,4281.655
2019-03-28,25.58,3728.395,5747.863,4776.153,4263.658
2019-03-29,26.1,3872.341,5911.211,4942.336,4430.498
2019-04-01,28.28,3973.928,6137.733,5053.478,4563.963
2019-04-02,28.02,3971.285,6174.942,5066.386,4559.525
2019-04-03,27.85,4022.156,6237.016,5131.358,4592.543
2019-04-04,27.74,4062.23,6260.069,5197.88,4635.871
2019-04-08,27.09,4057.228,6230.213,5223.845,4664.377
2019-04-09,27.09,4075.43,6245.432,5217.946,4700.069
2019-04-10,27.09,4085.847,6235.706,5215.302,4760.626
2019-04-11,27.09,3997.577,6106.949,5137.268,4636.844
2019-04-12,27.09,3988.616,6101.204,5131.079,4612.716
2019-04-15,27.09,3975.524,6052.052,5138.483,4608.534
2019-04-16,27.09,4085.789,6179.8,5296.268,4738.962
2019-04-17,23.4,4087.239,6234.11,5281.102,4742.648
2019-04-18,24.32,4072.075,6202.844,5245.054,4740.992
2019-04-19,24.37,4120.607,6255.252,5310.621,4836.93
2019-04-22,24.32,4025.61,6192.144,5165.077,4713.531
2019-04-23,23.59,4019.005,6078.267,5164.384,4720.951
2019-04-24,23.64,4030.088,6153.39,5166.659,4711.658
2019-04-25,23.55,3941.816,5899.906,5072.878,4600.852
2019-04-26,22.69,3889.274,5834.377,4995.708,4525.042
2019-04-29,22.7,3900.333,5622.484,5062.219,4587.228
2019-04-30,22.7,3913.211,5682.235,5082.635,4590.009
2019-05-06,22.56,3684.616,5246.829,4858.64,4308.14
2019-05-07,23.2,3720.668,5312.496,4877.019,4362.338
2019-05-08,22.18,3667.457,5292.745,4792.73,4284.369
2019-05-09,22.36,3599.7,5237.824,4702.93,4196.936
2019-05-10,23.47,3730.451,5445.526,4850.277,4373.275
2019-05-13,23.27,3668.725,5405.614,4766.524,4279.586
2019-05-14,23.4,3645.15,5368.228,4745.901,4255.77
2019-05-15,25.17,3727.092,5486.386,4829.926,4371.834
2019-05-16,25.0,3743.963,5527.275,4849.637,4397.222
2019-05-17,24.1,3648.76,5330.986,4754.125,4281.848
2019-05-20,24.0,3617.792,5313.149,4723.777,4214.758
2019-05-21,23.8,3666.776,5418.045,4769.848,4280.544
2019-05-22,24.2,3649.379,5395.429,4748.361,4256.949
2019-05-23,23.92,3583.964,5267.826,4685.867,4145.481
2019-05-24,23.68,3593.913,5200.774,4711.703,4169.644
2019-05-27,23.9,3637.197,5354.634,4744.071,4208.218
2019-05-28,24.03,3672.26,5354.525,4789.239,4261.884
2019-05-29,23.45,3663.909,5376.512,4778.573,4274.604
2019-05-30,23.41,3641.183,5341.98,4766.248,4238.842
2019-05-31,23.83,3629.789,5334.247,4750.507,4219.877
2019-06-03,23.15,3632.012,5255.073,4757.076,4211.688
2019-06-04,23.32,3598.466,5160.976,4727.767,4152.464
2019-06-05,23.01,3597.105,5158.465,4733.462,4135.002
2019-06-06,21.92,3564.677,5030.8,4715.724,4095.425
2019-06-10,22.71,3610.743,5098.938,4784.459,4168.148
2019-06-11,23.21,3719.275,5289.624,4883.732,4304.26
2019-06-12,22.44,3691.095,5264.886,4854.023,4272.443
2019-06-13,22.57,3685.393,5294.112,4840.864,4258.409
2019-06-14,22.3,3654.879,5173.068,4811.302,4226.599
2019-06-17,21.47,3654.824,5160.672,4823.577,4219.959
2019-06-18,21.77,3667.618,5160.878,4839.73,4238.429
2019-06-19,22.39,3715.938,5234.275,4886.001,4319.902
2019-06-20,23.04,3828.518,5317.31,5028.291,4472.253
2019-06-21,23.14,3833.938,5406.04,5011.81,4469.104
2019-06-24,23.49,3841.265,5403.798,5022.422,4492.488
2019-06-25,22.74,3801.309,5351.689,4946.123,4442.06
2019-06-26,22.78,3794.331,5351.391,4937.126,4448.264
2019-06-27,23.17,3834.817,5397.571,4978.657,4512.541
2019-06-28,23.11,3825.587,5321.433,4970.146,4505.742
2019-07-01,23.43,3935.811,5481.408,5067.783,4682.854
2019-07-02,22.6,3937.169,5483.515,5067.359,4687.815
2019-07-03,22.6,3893.534,5428.514,5050.387,4615.321
2019-07-04,22.28,3873.101,5404.383,5046.432,4572.806
2019-07-05,22.41,3893.202,5424.25,5040.416,4627.325
2019-07-08,21.85,3802.789,5244.266,4924.367,4513.39
2019-07-09,21.67,3793.129,5260.343,4897.556,4488.408
2019-07-10,21.77,3786.739,5214.644,4880.068,4489.153
2019-07-11,20.98,3785.221,5206.398,4884.033,4473.816
2019-07-12,22.33,3808.731,5219.188,4911.791,4504.801
2019-07-15,22.94,3824.187,5273.814,4916.124,4499.189
2019-07-16,23.1,3806.844,5285.229,4907.382,4462.689
2019-07-17,23.04,3804.638,5289.424,4903.613,4466.191
2019-07-18,24.06,3768.401,5194.601,4877.146,4424.171
2019-07-19,24.0,3807.955,5220.027,4944.852,4459.65
2019-07-22,24.09,3781.683,5073.333,4917.039,4446.274
2019-07-23,24.95,3789.913,5131.097,4915.08,4447.347
2019-07-24,25.0,3819.832,5194.829,4953.579,4483.292
2019-07-25,25.25,3851.066,5211.085,4990.401,4520.765
2019-07-26,26.05,3858.568,5216.601,4999.715,4545.029
2019-07-29,25.91,3854.27,5218.983,4984.758,4544.727
2019-07-30,25.5,3870.317,5239.718,5011.769,4564.03
2019-07-31,25.73,3835.358,5200.094,4946.955,4519.125
2019-08-01,25.6,3803.469,5173.228,4905.162,4474.647
2019-08-02,25.37,3747.437,5091.063,4833.063,4416.937
2019-08-05,24.89,3675.688,5032.642,4734.801,4323.461
2019-08-06,24.9,3636.328,4899.816,4692.58,4300.217
2019-08-07,24.46,3621.431,4885.44,4673.804,4288.36
2019-08-08,24.92,3669.293,4923.326,4730.025,4348.933
2019-08-09,24.68,3633.529,4869.792,4705.244,4310.244
2019-08-12,25.16,3699.104,4952.217,4769.58,4405.163
2019-08-13,24.53,3665.751,4928.464,4712.739,4363.192
2019-08-14,24.46,3682.401,4961.75,4715.039,4401.75
2019-08-15,24.99,3694.0,4985.421,4728.72,4428.099
2019-08-16,24.4,3710.538,5013.582,4735.449,4464.911
2019-08-19,24.76,3791.094,5173.176,4814.04,4548.487
2019-08-20,24.59,3787.732,5185.265,4800.766,4561.62
2019-08-21,27.05,3781.757,5186.621,4789.192,4557.567
2019-08-22,26.64,3793.506,5208.552,4784.014,4588.687
2019-08-23,26.98,3820.863,5197.548,4825.437,4656.366
2019-08-26,26.25,3765.91,5168.679,4743.256,4576.526
2019-08-27,26.72,3816.945,5266.657,4781.733,4638.928
2019-08-28,27.9,3802.584,5256.177,4755.148,4622.108
2019-08-29,27.65,3790.186,5260.949,4720.233,4623.067
2019-08-30,27.65,3799.586,5182.955,4724.317,4669.363
2019-09-02,28.71,3848.319,5317.533,4770.47,4735.044
2019-09-03,28.9,3853.61,5357.06,4768.092,4745.336
2019-09-04,28.79,3886.001,5394.706,4833.639,4756.344
2019-09-05,28.95,3925.323,5445.574,4877.832,4789.7
2019-09-06,28.05,3948.507,5468.459,4922.839,4825.472
2019-09-09,27.97,3972.948,5602.241,4927.635,4848.245
2019-09-10,27.75,3959.265,5614.575,4902.993,4821.202
2019-09-11,27.62,3930.099,5566.408,4917.499,4749.232
2019-09-12,27.98,3972.379,5592.921,4974.83,4824.321
2019-09-16,28.2,3957.715,5627.235,4947.638,4813.682
2019-09-17,27.56,3891.22,5492.222,4867.055,4741.312
2019-09-18,27.21,3910.083,5485.878,4877.134,4796.032
2019-09-19,27.17,3924.382,5550.407,4880.229,4808.384
2019-09-20,27.55,3935.651,5556.477,4888.18,4832.327
2019-09-23,27.06,3890.661,5501.214,4828.705,4780.603
2019-09-24,28.2,3901.075,5528.892,4824.266,4813.693
2019-09-25,26.39,3870.983,5421.624,4811.102,4775.278
2019-09-26,26.41,3841.138,5244.076,4822.854,4738.023
2019-09-27,26.47,3852.653,5291.435,4814.951,4746.752
2019-09-30,26.23,3814.528,5232.386,4775.725,4694.395
2019-10-08,25.8,3837.679,5237.181,4823.686,4732.956
2019-10-09,26.31,3843.239,5285.149,4855.533,4716.06
2019-10-10,26.58,3874.639,5366.925,4864.675,4760.18
2019-10-11,26.52,3911.725,5370.654,4935.501,4805.581
2019-10-14,26.69,3953.241,5455.606,4998.578,4846.161
2019-10-15,26.38,3936.249,5375.528,4977.329,4842.801
2019-10-16,24.11,3922.685,5353.015,4977.444,4826.352
2019-10-17,24.2,3925.221,5347.267,4981.286,4839.508
2019-10-18,23.35,3869.377,5280.532,4899.241,4777.035
2019-10-21,23.29,3880.839,5247.298,4929.542,4785.132
2019-10-22,23.21,3895.88,5312.458,4927.003,4815.267
2019-10-23,23.3,3871.084,5269.722,4906.125,4777.45
2019-10-24,23.13,3870.667,5259.454,4930.377,4761.703
2019-10-25,23.26,3896.792,5300.094,4917.485,4797.568
2019-10-28,23.22,3926.585,5425.754,4917.987,4842.406
2019-10-29,22.75,3910.226,5366.754,4887.139,4851.188
2019-10-30,22.84,3891.225,5313.416,4865.821,4834.408
2019-10-31,22.84,3886.751,5253.881,4851.075,4833.927
2019-11-01,22.38,3952.387,5303.99,4939.507,4946.006
2019-11-04,22.8,3978.121,5337.083,4966.259,4977.366
2019-11-05,22.77,4002.812,5352.061,5001.13,4992.357
2019-11-06,23.0,3984.881,5304.838,4992.343,4975.916
2019-11-07,22.82,3991.874,5340.171,4990.841,4983.763
2019-11-08,22.55,3973.01,5321.777,4955.559,4981.584
2019-11-11,22.23,3902.978,5183.571,4872.982,4892.084
2019-11-12,21.41,3903.688,5196.715,4880.491,4882.637
2019-11-13,22.05,3899.981,5181.492,4851.63,4905.127
2019-11-14,22.3,3905.857,5216.643,4838.242,4922.356
2019-11-15,21.97,3877.089,5152.563,4821.786,4887.06
2019-11-18,22.11,3907.929,5189.352,4870.44,4920.226
2019-11-19,22.79,3947.039,5286.148,4890.678,4988.819
2019-11-20,22.52,3907.864,5259.469,4829.464,4956.429
2019-11-21,23.0,3889.598,5250.665,4808.769,4908.689
2019-11-22,22.94,3849.994,5181.109,4795.159,4818.467
2019-11-25,22.75,3878.206,5151.368,4879.857,4840.108
2019-11-26,23.25,3891.653,5147.728,4869.654,4865.498
2019-11-27,23.11,3875.618,5145.967,4848.155,4844.953
2019-11-28,23.44,3862.302,5131.128,4825.474,4826.722
2019-11-29,23.85,3828.67,5126.614,4800.77,4750.503
2019-12-02,24.18,3836.058,5137.783,4810.664,4749.602
2019-12-03,24.45,3851.087,5171.356,4831.076,4770.327
2019-12-04,24.4,3849.819,5179.694,4805.025,4787.352
2019-12-05,24.94,3879.363,5238.13,4828.19,4831.08
2019-12-06,25.6,3902.385,5275.509,4836.339,4884.17
2019-12-09,25.22,3895.446,5294.281,4848.104,4846.953
2019-12-10,25.05,3900.384,5326.36,4837.221,4869.797
2019-12-11,24.78,3902.749,5304.881,4872.338,4863.326
2019-12-12,24.98,3891.024,5304.423,4862.522,4839.548
2019-12-13,25.0,3968.221,5375.976,4960.663,4942.04
2019-12-16,25.54,3987.546,5476.988,4974.513,4947.642
2019-12-17,25.76,4041.799,5545.618,5033.433,5000.894
2019-12-18,25.57,4032.782,5543.787,5023.574,4983.371
2019-12-19,24.8,4027.149,5568.113,5032.611,4973.94
2019-12-20,24.55,4017.252,5501.157,5031.765,4955.42
2019-12-23,24.23,3967.096,5377.086,4975.067,4913.9
2019-12-24,24.42,3992.958,5471.735,4993.291,4932.105
2019-12-25,24.8,3990.867,5504.416,4978.036,4928.826
2019-12-26,24.44,4025.987,5543.664,5027.848,4967.64
2019-12-27,24.41,4022.027,5498.925,5030.458,4974.434
2019-12-30,24.98,4081.633,5529.996,5082.07,5044.688
2019-12-31,24.83,4096.582,5567.033,5088.757,5074.009
2020-01-02,26.53,4152.24,5676.557,5168.894,5121.796
2020-01-03,26.98,4144.964,5706.043,5168.562,5076.463
2020-01-06,27.6,4129.295,5764.733,5122.837,5040.255
2020-01-07,27.63,4160.227,5852.36,5152.382,5088.613
2020-01-08,27.71,4112.317,5772.474,5092.059,5042.191
2020-01-09,28.95,4164.369,5864.182,5137.291,5130.98
2020-01-10,28.58,4163.184,5851.892,5121.635,5139.443
2020-01-13,28.83,4203.988,5926.722,5147.806,5194.691
2020-01-14,28.7,4189.886,5914.113,5146.026,5168.657
2020-01-15,28.68,4166.734,5913.518,5087.622,5160.505
2020-01-16,28.45,4149.043,5902.131,5053.165,5142.968
2020-01-17,28.88,4154.853,5879.412,5059.179,5158.75
2020-01-20,28.99,4185.83,5954.866,5082.816,5179.737
2020-01-21,29.66,4114.308,5901.858,4985.219,5092.509
2020-01-22,29.86,4131.931,5919.587,4993.163,5121.699
2020-01-23,29.05,4003.901,5699.008,4851.44,4958.681
2020-02-03,28.0,3688.357,5200.162,4486.507,4582.341
2020-02-04,29.9,3785.637,5212.1,4591.615,4735.722
2020-02-05,29.8,3828.527,5348.34,4610.267,4797.579
2020-02-06,30.4,3899.775,5515.641,4661.255,4886.889
2020-02-07,32.77,3899.869,5583.595,4652.409,4877.867
2020-02-10,33.15,3916.005,5661.562,4670.715,4899.09
2020-02-11,32.81,3952.464,5623.258,4712.517,4974.111
2020-02-12,33.52,3984.432,5754.257,4723.041,5010.71
2020-02-13,32.76,3959.918,5707.532,4704.433,4977.143
2020-02-14,32.18,3987.734,5727.829,4744.39,4993.47
2020-02-17,33.09,4077.424,5936.482,4825.571,5077.067
2020-02-18,33.34,4057.51,6072.193,4780.841,5037.493
2020-02-19,32.64,4051.31,6018.05,4777.869,5031.635
2020-02-20,33.25,4144.656,6134.388,4857.613,5136.365
2020-02-21,33.9,4149.49,6243.478,4837.937,5139.804
2020-02-24,34.0,4132.838,6380.414,4781.623,5106.466
2020-02-25,33.51,4123.854,6407.143,4740.196,5062.914
2020-02-26,31.82,4073.015,6221.835,4764.546,4986.869
2020-02-27,32.57,4084.875,6232.089,4773.7,5028.719
2020-02-28,30.7,3940.048,5870.966,4651.065,4865.249
2020-03-02,31.5,4069.666,6113.411,4806.197,5019.208
2020-03-03,31.01,4091.361,6195.891,4802.23,5061.039
2020-03-04,30.45,4115.052,6226.533,4843.079,5086.112
2020-03-05,31.34,4206.725,6315.834,4938.381,5219.588
2020-03-06,30.7,4138.507,6296.738,4842.64,5140.811
2020-03-09,28.72,3997.1325,6049.6211,4705.9354,4946.554
2020-03-10,29.32,4082.7315,6206.408,4779.215,5065.5679
2020-03-11,29.75,4028.4289,6122.9093,4722.9682,5010.7127
2020-03-12,28.42,3950.9111,5999.6395,4658.5271,4889.6058
2020-03-13,28.0,3895.3128,5945.4645,4586.7475,4807.1859
2020-03-16,25.2,3727.8398,5657.7747,4437.2826,4583.426
2020-03-17,24.9,3709.6822,5642.9188,4419.284,4542.4153
2020-03-18,24.31,3636.2565,5556.1082,4320.749,4457.8572
2020-03-19,23.89,3589.0926,5617.1948,4210.2951,4373.4725
2020-03-20,24.06,3653.2239,5670.471,4293.1059,4478.9195
2020-03-23,22.27,3530.3058,5416.5708,4166.9925,4328.7332
2020-03-24,22.49,3625.1146,5517.2552,4284.4675,4460.7712
2020-03-25,23.92,3722.5181,5646.6252,4389.0688,4609.17
2020-03-26,23.61,3698.0472,5595.4333,4365.4909,4584.0775
2020-03-27,24.24,3710.0605,5553.6122,4393.1578,4604.8248
2020-03-30,24.76,3674.1108,5415.4107,4372.7864,4538.7038
2020-03-31,24.84,3686.1551,5427.1324,4342.9967,4584.3628
2020-04-01,25.35,3675.0758,5403.303,4335.4914,4577.8795
2020-04-02,25.96,3734.5306,5538.604,4374.3147,4670.6905
2020-04-03,25.33,3713.2183,5507.1187,4343.8398,4659.6586
2020-04-07,25.76,3798.0214,5695.1689,4409.55,4781.6161
2020-04-08,25.67,3780.3445,5718.1282,4386.1307,4757.7029
2020-04-09,25.09,3792.8105,5789.2646,4385.8826,4782.0784
2020-04-10,24.75,3769.1782,5637.5316,4383.9209,4776.1567
2020-04-13,23.88,3753.2566,5578.856,4378.8175,4779.0561
2020-04-14,25.28,3825.6991,5692.0009,4433.5006,4875.4373
2020-04-15,25.24,3797.3623,5657.9482,4390.9046,4824.112
2020-04-16,26.29,3802.3806,5700.9604,4388.4672,4828.6501
2020-04-17,28.92,3839.4871,5710.0533,4432.1145,4886.6708
2020-04-20,27.9,3853.4551,5803.4021,4430.7918,4913.0958
2020-04-21,27.7,3808.0474,5773.0079,4387.5557,4841.3961
2020-04-22,28.15,3839.3834,5826.5596,4395.6464,4911.94
2020-04-23,27.85,3829.7525,5789.4817,4383.2201,4906.5821
2020-04-24,27.71,3796.9721,5675.5096,4352.2049,4863.8031
2020-04-27,28.34,3822.769,5645.6565,4392.0104,4913.2745
2020-04-28,29.8,3849.1465,5561.1976,4404.3041,4976.9079
2020-04-29,29.98,3867.032,5547.6279,4475.7509,4978.3375
2020-04-30,30.81,3912.5772,5678.1658,4507.9935,5014.9329
2020-05-06,30.53,3936.2539,5802.4187,4484.3435,5067.7937
2020-05-07,31.19,3924.8946,5795.872,4461.3392,5075.6638
2020-05-08,31.2,3963.6217,5862.7665,4505.9644,5134.9363
2020-05-11,30.8,3960.1803,5851.8037,4524.1971,5135.7253
2020-05-12,32.0,3960.2378,5869.5065,4497.2241,5170.8431
2020-05-13,32.04,3968.2529,5917.0268,4490.0134,5194.1648
2020-05-14,30.53,3925.2177,5863.2364,4436.7336,5146.2606
2020-05-15,30.65,3912.8159,5889.9767,4425.8557,5108.1318
2020-05-18,31.74,3922.9117,5860.0427,4429.6424,5152.9481
2020-05-19,32.42,3956.2495,5936.5992,4458.4584,5206.034
2020-05-20,31.86,3935.222,5865.8412,4449.3177,5166.2863
2020-05-21,31.75,3913.7949,5791.6402,4420.4956,5159.0298
2020-05-22,30.97,3824.064,5683.9962,4331.3781,5027.9936
2020-05-25,31.06,3829.3245,5671.9722,4338.1157,5049.7951
2020-05-26,31.47,3872.7701,5808.5486,4368.1614,5122.8548
2020-05-27,31.28,3845.6135,5772.0836,4366.4389,5072.6315
2020-05-28,30.85,3856.6324,5758.9271,4401.7922,5067.7947
2020-05-29,32.41,3867.0232,5816.4003,4374.0075,5112.3549
2020-06-01,32.99,3971.3402,5993.7853,4454.8869,5262.6877
2020-06-02,32.06,3983.5677,6002.8363,4499.596,5255.9924
2020-06-03,32.02,3983.6477,5994.6378,4499.9587,5263.802
2020-06-04,31.34,3982.1851,6006.7648,4486.861,5280.4114
2020-06-05,31.31,4001.2509,6015.3274,4490.851,5316.4348
2020-06-08,31.9,4021.9549,6001.4315,4530.1945,5333.7237
2020-06-09,32.46,4047.0293,6042.3353,4541.3122,5378.1848
2020-06-10,31.91,4039.7051,6049.322,4503.9024,5398.956
2020-06-11,33.53,3995.8846,6027.4085,4438.0166,5346.5277
2020-06-12,33.34,4003.0829,6031.1709,4430.2176,5377.038
2020-06-15,32.8,3954.9883,6028.9556,4366.3521,5313.357
2020-06-16,33.0,4014.5702,6151.6855,4418.5948,5398.6467
2020-06-17,33.25,4017.5941,6178.1413,4413.878,5404.8771
2020-06-18,33.25,4044.3842,6149.2892,4434.8069,5436.7334
2020-06-19,33.95,4098.7095,6187.1082,4450.6296,5525.708
2020-06-22,34.68,4102.0459,6228.0162,4426.1243,5509.5924
2020-06-23,36.0,4121.7944,6238.8971,4405.7816,5557.2257
2020-06-24,38.0,4138.9895,6227.5693,4443.0093,5586.6571
2020-06-29,40.3,4109.7164,6211.3813,4401.8632,5569.4009
2020-06-30,40.73,4163.9637,6319.5558,4417.8236,5651.7339
2020-07-01,41.63,4247.7835,6339.3685,4537.6337,5788.126
2020-07-02,40.94,4335.8445,6413.952,4657.8917,5869.7791
2020-07-03,41.7,4419.5955,6478.3539,4754.3395,5924.1815
2020-07-06,44.46,4670.0949,6725.9962,5111.6665,6172.3788
2020-07-07,44.2,4698.1264,6817.865,5077.7411,6262.536
2020-07-08,46.13,4774.0042,6973.9967,5122.4231,6312.9293
2020-07-09,46.35,4840.7712,7182.1769,5130.4888,6449.4164
2020-07-10,46.21,4753.1333,7150.4243,4951.4499,6397.2386
2020-07-13,47.6,4852.9612,7403.0857,4988.0272,6552.8576
2020-07-14,48.89,4806.6902,7344.9876,4924.767,6494.5773
2020-07-15,48.66,4744.4687,7131.4636,4828.4969,6461.7172
2020-07-16,45.8,4516.2532,6758.1403,4724.3859,6105.096
2020-07-17,46.26,4544.7007,6772.5322,4721.7311,6202.9099
2020-07-20,47.73,4680.3046,7003.6672,4906.1447,6351.173
2020-07-21,48.7,4691.0425,7058.7908,4866.7525,6407.3487
2020-07-22,47.92,4714.4454,7125.5686,4856.47,6435.4586
2020-07-23,52.71,4712.4357,7119.6711,4792.744,6476.9219
2020-07-24,51.2,4505.5906,6784.6347,4647.46,6181.919
2020-07-27,53.8,4528.45,6786.529,4630.7778,6226.5925
2020-07-28,53.07,4568.2576,6857.9427,4648.4842,6301.8365
2020-07-29,54.48,4679.008,7060.5347,4713.4404,6459.3429
2020-07-30,57.32,4656.1506,7048.9813,4672.5464,6443.3365
2020-07-31,56.8,4695.0462,7141.592,4677.1874,6495.2484
2020-08-03,57.7,4771.3108,7373.3412,4738.8073,6585.7015
2020-08-04,58.51,4775.8024,7326.1893,4815.4698,6570.7922
2020-08-05,57.92,4777.1089,7427.1891,4766.8367,6585.5329
2020-08-06,55.5,4762.7642,7432.7659,4795.6033,6477.514
2020-08-07,58.2,4707.9262,7339.8113,4751.0345,6434.9974
2020-08-10,58.68,4724.8697,7358.862,4805.1849,6445.0083
2020-08-11,57.0,4681.7837,7213.4452,4782.5676,6415.8258
2020-08-12,55.36,4647.6446,7092.355,4798.1583,6337.1712
2020-08-13,56.09,4635.7126,7113.9297,4791.3171,6307.2609
2020-08-14,56.35,4704.6288,7183.9582,4852.7556,6414.3401
2020-08-17,56.02,4815.2261,7339.6933,4984.7785,6524.1952
2020-08-18,56.8,4812.7564,7410.2411,4944.6998,6529.4231
2020-08-19,53.54,4740.6784,7256.1312,4900.3911,6418.4524
2020-08-20,51.42,4679.1544,7151.261,4849.661,6334.0705
2020-08-21,54.0,4718.8431,7194.274,4869.5476,6390.859
2020-08-24,58.3,4755.8491,7253.6399,4856.2781,6471.7722
2020-08-25,58.85,4761.9507,7213.6824,4844.9469,6524.2551
2020-08-26,57.6,4706.1302,7037.9776,4794.4104,6465.5034
2020-08-27,60.6,4731.3451,7113.8036,4795.9634,6498.0138
2020-08-28,62.96,4844.2652,7204.7816,4882.3815,6647.9303
2020-08-31,63.28,4816.2153,7224.0458,4844.8933,6598.8208
2020-09-01,67.28,4842.1223,7258.8872,4850.7528,6636.3685
2020-09-02,68.01,4843.887,7272.6243,4837.0737,6657.0125
2020-09-03,66.45,4817.0952,7189.8606,4832.8375,6618.0393
2020-09-04,66.4,4770.219,7182.1053,4817.755,6529.8136
2020-09-07,62.52,4669.3677,7057.1942,4789.8405,6363.1266
2020-09-08,63.5,4694.3894,7103.0863,4859.5046,6364.7913
2020-09-09,62.85,4584.5887,6877.602,4805.8468,6189.8566
2020-09-10,63.91,4581.9775,6633.8901,4799.6528,6238.2439
2020-09-11,69.82,4627.2826,6742.0594,4793.3495,6322.8343
2020-09-14,72.82,4651.0507,6848.3586,4818.0397,6360.4975
2020-09-15,71.97,4688.4826,6881.5858,4845.6483,6419.9785
2020-09-16,73.2,4657.3584,6812.9115,4858.1794,6342.9092
2020-09-17,74.5,4632.7142,6825.1524,4855.731,6288.9574
2020-09-18,72.05,4737.0887,6929.7672,4980.6083,6410.688
2020-09-21,71.19,4691.4281,6927.1898,4934.8919,6346.6765
2020-09-22,69.99,4635.7608,6815.777,4854.5688,6285.3772
2020-09-23,76.99,4652.3273,6862.9655,4828.0421,6345.5096
2020-09-24,69.69,4563.0657,6675.1518,4747.0448,6222.0351
2020-09-25,71.12,4570.0216,6634.3886,4728.1494,6223.7181
2020-09-28,74.0,4581.9085,6550.3689,4752.5925,6253.373
2020-09-29,75.09,4591.7993,6621.0317,4723.1196,6278.0243
2020-09-30,75.01,4587.3953,6617.1587,4699.451,6283.3291
2020-10-09,82.0,4681.1412,6822.3647,4754.0331,6418.0901
2020-10-12,82.73,4823.1578,7036.2753,4878.0715,6619.0365
2020-10-13,82.69,4839.201,7053.8711,4876.5758,6656.7745
2020-10-14,79.82,4807.1021,6988.6091,4857.9638,6606.3646
2020-10-15,77.9,4798.7361,6926.8462,4872.7971,6577.4964
2020-10-16,76.32,4791.676,6906.3883,4902.3108,6542.5279
2020-10-19,71.5,4755.4879,6858.3558,4891.3685,6476.1373
2020-10-20,73.09,4793.4672,6923.3842,4884.0848,6536.1175
2020-10-21,72.0,4792.8284,6815.0928,4931.4802,6522.2361
2020-10-22,70.5,4777.9845,6771.8073,4919.1523,6494.915
2020-10-23,67.95,4718.4881,6641.3292,4929.7521,6380.4862
2020-10-26,70.31,4691.2359,6648.521,4875.1312,6356.7666
2020-10-27,71.34,4699.2792,6682.5376,4847.373,6386.0234
2020-10-28,72.16,4737.2718,6685.429,4829.4634,6450.254
2020-10-29,74.2,4772.9198,6674.7417,4836.783,6537.1967
2020-10-30,75.99,4695.3338,6511.1579,4784.7392,6440.8368
2020-11-02,73.73,4720.8313,6513.7878,4804.3875,6496.8517
2020-11-03,70.96,4777.5608,6647.575,4866.3153,6549.6614
2020-11-04,69.8,4813.6564,6632.6822,4925.8365,6615.4928
2020-11-05,73.99,4885.1118,6754.9495,4988.3902,6719.5122
2020-11-06,71.33,4885.7178,6688.6623,5005.2683,6708.9973
2020-11-09,72.17,4981.3497,6851.9834,5066.6848,6836.2959
2020-11-10,74.79,4953.8756,6779.4907,5064.0918,6797.4539
2020-11-11,73.0,4904.8981,6663.7308,5092.2538,6726.5589
2020-11-12,70.05,4908.463,6676.4219,5058.0551,6751.1279
2020-11-13,66.56,4856.8513,6686.3913,4981.1622,6671.2116
2020-11-16,66.87,4904.1716,6747.8105,5042.2715,6743.9248
2020-11-17,65.19,4894.786,6681.7234,5088.2558,6711.0432
2020-11-18,62.74,4891.6716,6682.1248,5142.3311,6649.4882
2020-11-19,64.83,4927.9891,6718.4582,5154.5572,6735.2873
2020-11-20,66.89,4943.2882,6766.0605,5154.7272,6746.3235
2020-11-23,67.7,5005.0273,6807.7175,5235.0422,6827.1919
2020-11-24,66.88,4974.2855,6807.9974,5198.8687,6766.3518
2020-11-25,66.78,4910.7,6691.8739,5171.194,6672.8131
2020-11-26,67.47,4919.5912,6643.1846,5208.7527,6664.1345
2020-11-27,69.5,4980.765,6641.7734,5297.9629,6738.8409
2020-11-30,68.7,4960.2519,6622.3592,5259.761,6685.3626
2020-12-01,69.92,5067.0983,6713.2303,5370.4564,6821.8355
2020-12-02,69.72,5067.1447,6735.712,5374.4754,6838.3686
2020-12-03,69.43,5057.0603,6711.8429,5330.7302,6851.9151
2020-12-04,69.24,5065.9163,6746.6295,5282.2653,6909.7953
2020-12-07,71.72,5022.2351,6733.002,5179.5698,6885.0529
2020-12-08,72.54,5009.8786,6734.372,5145.5695,6859.3414
2020-12-09,73.37,4942.6986,6602.5166,5106.405,6768.2574
2020-12-10,74.1,4940.5249,6605.1915,5090.4066,6795.0933
2020-12-11,72.8,4889.6292,6498.2391,5036.7756,6738.7845
2020-12-14,75.77,4934.8352,6576.8161,5066.2692,6823.1915
2020-12-15,76.31,4945.1,6596.503,5047.4354,6843.8547
2020-12-16,76.0,4953.867,6543.3624,5051.4366,6873.9599
2020-12-17,74.81,5017.4784,6597.8596,5105.3529,6979.8206
2020-12-18,77.65,4999.9678,6573.4036,5082.1476,6946.9262
2020-12-21,85.42,5046.8396,6691.5884,5071.4705,7022.1065
2020-12-22,87.9,4964.7727,6549.9694,4952.381,6948.6226
2020-12-23,92.2,5007.1235,6601.2429,4978.421,6977.3893
2020-12-24,90.6,5000.0154,6496.3259,4980.3151,6976.3208
2020-12-25,93.45,5042.0137,6561.2749,5003.6298,7043.1974
2020-12-28,92.15,5064.4147,6519.4714,5025.9506,7082.1777
2020-12-29,88.4,5042.9361,6477.2617,5018.0774,7055.7863
2020-12-30,90.74,5113.7105,6526.8785,5036.7965,7173.5185
2020-12-31,92.2,5211.2885,6646.4735,5098.2843,7304.4627
2021-01-04,100.1,5267.7181,6798.7644,5066.2935,7391.6501
2021-01-05,104.87,5368.5049,6807.4471,5058.7257,7627.8021
2021-01-06,107.0,5417.6677,6724.9502,5143.6427,7735.6858
2021-01-07,113.55,5513.6568,6616.5524,5205.5884,7888.4723
2021-01-08,110.4,5495.4306,6585.3587,5251.7031,7819.4765
2021-01-11,106.15,5441.1583,6475.9548,5252.2062,7710.3941
2021-01-12,109.95,5596.3525,6564.7354,5363.2314,7935.0456
2021-01-13,108.18,5577.9711,6513.6399,5405.7504,7911.4741
2021-01-14,100.99,5470.4563,6506.8268,5373.8349,7714.2341
2021-01-15,102.35,5458.0812,6528.461,5423.1728,7654.025
2021-01-18,103.17,5518.5205,6652.0961,5498.199,7733.0216
2021-01-19,102.5,5437.5234,6614.0707,5466.9964,7609.4689
2021-01-20,108.31,5476.4336,6671.4485,5424.4716,7706.4932
2021-01-21,114.02,5564.9693,6745.1085,5457.3054,7873.9428
2021-01-22,119.7,5569.776,6721.9167,5385.5972,7949.0088
2021-01-25,116.77,5625.9232,6657.2723,5391.6994,8052.9309
2021-01-26,114.08,5512.9678,6534.0973,5334.4775,7873.5287
2021-01-27,123.0,5528.0034,6537.7538,5371.7206,7880.7395
2021-01-28,113.24,5377.1427,6399.1265,5263.8399,7637.8016
2021-01-29,107.55,5351.9646,6304.1181,5221.4107,7607.0664
2021-02-01,106.92,5417.6484,6345.8142,5299.3657,7697.5989
2021-02-02,109.01,5501.0915,6417.4609,5321.8333,7859.484
2021-02-03,108.82,5485.2008,6307.3903,5320.336,7849.5564
2021-02-04,110.74,5473.9475,6167.7466,5332.0904,7879.5285
2021-02-05,114.62,5483.414,6045.297,5364.1873,7922.9751
2021-02-08,112.2,5564.5618,6088.8187,5420.3092,8064.3777
2021-02-09,117.41,5686.2502,6254.0114,5461.9009,8271.4199
2021-02-10,121.98,5807.7191,6303.3064,5494.5268,8509.3239
2021-02-18,122.3,5768.3814,6404.5949,5607.1976,8332.3933
2021-02-19,117.0,5778.842,6527.6465,5646.3514,8327.571
2021-02-22,108.88,5597.3327,6534.5739,5604.1462,7955.5784
2021-02-23,111.27,5579.6681,6489.9615,5610.23,7949.6972
2021-02-24,104.0,5437.5683,6437.8367,5517.0321,7666.7538
2021-02-25,104.0,5469.5584,6399.3466,5648.387,7691.6935
2021-02-26,104.46,5336.7609,6325.4046,5483.9176,7514.3438
2021-03-01,109.41,5418.7837,6495.1565,5513.5075,7679.0542
2021-03-02,109.99,5349.6301,6466.6317,5446.036,7551.5422
2021-03-03,108.0,5452.2125,6553.596,5608.8559,7693.3478
2021-03-04,98.1,5280.7058,6434.894,5522.4672,7376.3832
2021-03-05,99.44,5262.7958,6456.2791,5463.2417,7368.9198
2021-03-08,89.5,5080.0246,6327.6493,5394.6379,7036.2044
2021-03-09,84.0,4970.9994,6126.2831,5324.2323,6860.5878
2021-03-10,85.0,5003.6121,6078.2443,5308.7438,6943.3468
2021-03-11,88.99,5128.2156,6219.6635,5444.8168,7148.9669
2021-03-12,91.08,5146.3786,6220.4779,5521.3088,7149.4764
2021-03-15,81.97,5035.5441,6177.7382,5515.9612,6901.6085
2021-03-16,81.6,5079.3624,6233.463,5580.3276,6971.4889
2021-03-17,82.66,5100.8581,6277.5814,5520.9937,7030.1542
2021-03-18,82.85,5141.7681,6298.8857,5525.0761,7120.7828
2021-03-19,78.96,5007.0907,6250.8147,5379.8843,6910.8836
2021-03-22,80.05,5057.152,6359.6002,5460.8002,6939.5728
2021-03-23,78.57,5009.2459,6289.0012,5406.3514,6877.9837
2021-03-24,76.79,4928.6853,6196.267,5298.2555,6775.6042
2021-03-25,77.0,4926.3469,6190.712,5281.5009,6791.8191
2021-03-26,80.42,5037.9899,6301.3414,5346.7732,6985.5274
2021-03-29,80.2,5046.8773,6326.6093,5363.1429,7006.8944
2021-03-30,87.62,5094.7291,6301.5848,5395.3191,7112.6626
2021-03-31,88.0,5048.3607,6293.3922,5388.21,7022.3612
2021-04-01,89.62,5110.7768,6335.7913,5407.6372,7152.706
2021-04-02,88.89,5161.5569,6361.2515,5388.0802,7278.0641
2021-04-06,93.19,5140.3418,6421.4868,5382.7989,7240.5098
2021-04-07,89.12,5103.7428,6422.7617,5382.0076,7163.1814
2021-04-08,87.71,5112.2086,6404.1284,5364.9631,7187.1722
2021-04-09,83.77,5035.3374,6399.5218,5321.8783,7047.4174
2021-04-12,81.49,4947.7459,6263.3991,5284.76,6912.3213
2021-04-13,81.6,4939.6438,6231.1394,5254.7318,6942.5074
2021-04-14,82.13,4980.6279,6320.0672,5254.4672,6994.9625
2021-04-15,86.78,4948.9741,6296.6084,5211.6354,6954.8017
2021-04-16,85.35,4966.1811,6368.846,5241.4516,6971.6506
2021-04-19,89.61,5087.0165,6477.388,5316.6917,7162.9094
2021-04-20,92.4,5083.3654,6457.6294,5306.6565,7179.4705
2021-04-21,92.44,5098.7449,6457.7147,5317.7204,7224.8131
2021-04-22,90.61,5089.2435,6485.2112,5283.8336,7208.074
2021-04-23,91.99,5135.4534,6453.3025,5285.8107,7309.7372
2021-04-26,91.48,5077.2372,6431.0888,5232.0589,7224.8118
2021-04-27,91.88,5090.5195,6400.9046,5232.6242,7285.7903
2021-04-28,94.53,5119.2421,6437.2467,5237.4237,7350.4228
2021-04-29,94.1,5164.1692,6405.1028,5302.4456,7374.5929
2021-04-30,99.4,5123.489,6382.1364,5233.0531,7342.0072
2021-05-06,100.0,5061.1244,6398.4374,5256.1322,7177.5037
2021-05-07,96.73,4996.0527,6320.2529,5265.1378,7039.1313
2021-05-10,97.6,4992.422,6338.5735,5244.9186,6997.2902
2021-05-11,96.2,5023.0595,6343.8627,5235.8379,7088.7223
2021-05-12,96.58,5044.5481,6420.3372,5243.3858,7139.2239
2021-05-13,94.5,4992.9738,6375.0148,5187.3962,7085.8492
2021-05-14,95.8,5110.5901,6462.4764,5276.6089,7266.6845
2021-05-17,99.35,5184.9853,6457.2768,5305.1209,7423.1906
2021-05-18,99.67,5187.6013,6486.8215,5320.8517,7422.9201
2021-05-19,100.66,5172.272,6488.9489,5255.0278,7407.6001
2021-05-20,98.68,5186.412,6482.8358,5256.7957,7435.743
2021-05-21,98.57,5134.1483,6480.3741,5216.7511,7340.8092
2021-05-24,96.26,5155.5875,6537.8571,5209.2067,7376.842
2021-05-25,98.0,5318.478,6615.7141,5354.9106,7650.8625
2021-05-26,95.96,5320.5927,6644.751,5391.5169,7614.5255
2021-05-27,95.12,5338.2329,6705.0451,5381.6253,7643.6351
2021-05-28,97.25,5321.0886,6694.3457,5380.5204,7587.4772
2021-05-31,102.1,5331.5696,6814.3631,5349.4901,7634.8943
2021-06-01,101.1,5341.6798,6854.7336,5338.1532,7680.46
2021-06-02,101.29,5289.9736,6759.459,5325.8201,7594.7859
2021-06-03,96.7,5255.2855,6754.0697,5285.6601,7538.3487
2021-06-04,95.63,5282.2772,6785.8035,5309.5459,7569.7345
2021-06-07,93.8,5277.6271,6861.8502,5294.4041,7571.7663
2021-06-08,95.42,5232.1165,6809.8642,5286.6672,7452.5497
2021-06-09,97.12,5236.4493,6823.4073,5287.7839,7473.2128
2021-06-10,103.65,5271.4661,6898.2061,5278.4768,7574.4637
2021-06-11,109.5,5224.703,6852.9728,5262.0458,7506.6755
2021-06-15,106.01,5166.5597,6815.1187,5178.4323,7467.5266
2021-06-16,100.63,5080.4909,6673.2446,5178.9856,7262.4267
2021-06-17,102.62,5101.8924,6787.6684,5143.9317,7338.74
2021-06-18,106.53,5102.4657,6863.7156,5104.1317,7347.4055
2021-06-21,109.05,5090.3854,6968.2963,5045.5855,7374.8046
2021-06-22,109.7,5122.1583,7000.2518,5095.3369,7436.1596
2021-06-23,79.78,5147.3938,7046.1745,5113.308,7429.3466
2021-06-24,84.15,5155.9738,6974.642,5128.3039,7429.7799
2021-06-25,86.16,5239.9684,7000.4297,5207.7593,7601.5894
2021-06-28,85.7,5251.7604,7063.4706,5158.3795,7661.2531
2021-06-29,88.8,5190.5445,7004.3036,5089.5894,7597.1763
2021-06-30,88.84,5224.041,7083.6997,5112.4543,7653.4971
2021-07-01,85.12,5229.6642,6969.5316,5147.4381,7669.1494
2021-07-02,82.66,5081.1172,6908.9318,5025.0827,7386.5146
2021-07-05,84.06,5085.7924,7006.6997,5023.817,7374.5493
2021-07-06,82.77,5083.1043,6979.0624,5078.6543,7310.7153
2021-07-07,89.88,5140.4899,7089.6646,5067.4234,7468.3801
2021-07-08,90.7,5088.2566,7099.4105,4966.1335,7407.5174
2021-07-09,91.93,5069.4361,7142.8994,4944.574,7341.6742
2021-07-12,91.37,5132.7088,7284.2346,4939.5553,7447.0264
2021-07-13,89.36,5142.0991,7331.7263,4953.0078,7455.1311
2021-07-14,87.5,5083.0849,7243.8162,4877.5801,7412.8696
2021-07-15,93.13,5151.4626,7241.6231,4959.5916,7545.9294
2021-07-16,89.0,5094.7727,7228.3631,4939.6782,7418.5218
2021-07-19,88.12,5113.4945,7205.2678,4932.9055,7471.0192
2021-07-20,89.55,5108.9941,7253.2763,4878.0455,7500.0292
2021-07-21,93.23,5144.0428,7398.8084,4849.353,7559.763
2021-07-22,92.98,5151.7517,7446.4812,4899.0728,7516.7887
2021-07-23,92.29,5089.2282,7379.7905,4872.0417,7356.4572
2021-07-26,88.45,4925.299,7286.1475,4728.0149,7054.0944
2021-07-27,83.69,4751.313,7093.8696,4591.4407,6736.5519
2021-07-28,85.47,4760.4826,6945.5087,4596.306,6815.911
2021-07-29,89.7,4850.2746,7207.4826,4601.804,6976.9972
2021-07-30,85.92,4811.1695,7262.383,4589.9388,6853.4124
2021-08-02,86.62,4933.736,7402.3541,4695.4153,7058.4824
2021-08-03,85.17,4934.4583,7308.9553,4703.2787,7104.9502
2021-08-04,91.98,4978.8479,7478.2072,4682.5721,7188.0609
2021-08-05,93.17,4948.6703,7447.9394,4668.656,7143.8903
2021-08-06,91.9,4921.5647,7482.1737,4672.6845,7068.47
2021-08-09,88.03,4985.5627,7507.0824,4789.1567,7149.6785
2021-08-10,87.28,5043.148,7549.552,4835.1376,7252.1729
2021-08-11,86.12,5015.3406,7605.9175,4872.8389,7168.4337
2021-08-12,86.64,4973.3509,7657.5268,4851.1421,7056.3029
2021-08-13,84.16,4945.9829,7641.9169,4849.9761,7013.5776
2021-08-16,84.77,4941.0676,7568.1374,4869.5023,6967.9582
2021-08-17,85.0,4837.4034,7360.033,4813.5976,6785.9953
2021-08-18,81.98,4894.2384,7405.4856,4944.7495,6811.6387
2021-08-19,80.39,4862.1394,7468.7727,4855.0353,6772.3275
2021-08-20,79.12,4769.2678,7467.3611,4813.1536,6563.4425
2021-08-23,80.75,4835.8782,7652.5587,4833.378,6699.3167
2021-08-24,84.14,4888.3902,7715.0732,4851.9988,6797.4839
2021-08-25,88.13,4898.1572,7769.6268,4827.9271,6811.2679
2021-08-26,86.0,4801.6094,7669.5282,4763.9033,6637.1531
2021-08-27,90.81,4827.0433,7680.0781,4802.0186,6657.2507
2021-08-30,97.3,4813.2703,7727.7454,4736.768,6663.2862
2021-08-31,89.46,4805.6099,7728.4217,4809.6299,6551.8837
2021-09-01,85.03,4869.4587,7606.8742,4934.5428,6641.8512
2021-09-02,88.14,4869.4113,7690.8589,4996.0412,6565.4559
2021-09-03,85.59,4843.0624,7630.8413,4971.3233,6535.441
2021-09-06,86.03,4933.7262,7735.0996,5004.6803,6729.0914
2021-09-07,87.51,4992.8294,7878.3488,5100.3041,6792.9999
2021-09-08,84.68,4972.1324,7894.2516,5105.4987,6734.2474
2021-09-09,82.79,4970.0133,7900.2375,5111.3846,6712.2749
2021-09-10,83.81,5013.5219,7932.6512,5154.7619,6780.8366
2021-09-13,81.4,4991.6598,7947.4812,5198.514,6714.5971
2021-09-14,81.91,4917.1617,7916.896,5056.2687,6679.0643
2021-09-15,84.1,4867.3187,7972.2325,5016.1013,6575.8673
2021-09-16,81.01,4807.6978,7754.9469,4953.506,6512.1696
2021-09-17,80.2,4855.9402,7730.2239,4960.4316,6627.1403
2021-09-22,80.35,4821.7675,7769.0601,4957.2774,6566.0418
2021-09-23,80.19,4853.1957,7806.8018,4981.5165,6624.8137
2021-09-24,81.81,4849.4277,7695.6176,4907.4054,6679.3966
2021-09-27,82.98,4877.3698,7467.8178,4853.7871,6796.1796
2021-09-28,81.56,4883.828,7468.7328,4924.4545,6763.5596
2021-09-29,81.07,4833.9281,7199.1794,4895.8938,6707.2178
2021-09-30,82.48,4866.3826,7405.4623,4878.1507,6801.7075
2021-10-08,79.55,4929.9409,7425.6688,4940.069,6845.182
2021-10-11,78.45,4936.1918,7384.8436,4981.6692,6813.4599
2021-10-12,78.15,4883.8369,7208.473,4932.0769,6742.7013
2021-10-13,83.21,4940.1089,7289.3627,4902.1512,6891.3388
2021-10-14,82.05,4913.6123,7342.2544,4860.6612,6821.4195
2021-10-15,85.0,4932.1084,7350.4129,4871.9294,6845.8088
2021-10-18,86.03,4874.7753,7429.6256,4863.1786,6709.6247
2021-10-19,84.99,4922.7232,7504.0545,4915.3992,6806.3737
2021-10-20,87.86,4910.1846,7523.5614,4877.9699,6798.0784
2021-10-21,84.42,4928.0156,7503.5343,4960.7309,6785.2144
2021-10-22,84.62,4959.7254,7438.4806,4957.5367,6843.743
2021-10-25,88.0,4979.5235,7532.3726,4961.7106,6874.7896
2021-10-26,86.4,4963.0984,7508.6886,4931.4871,6845.9964
2021-10-27,88.41,4898.1644,7433.5459,4873.7871,6743.348
2021-10-28,89.12,4864.138,7267.8506,4821.038,6700.0957
2021-10-29,97.69,4908.7701,7385.3049,4803.1026,6790.327
2021-11-01,100.2,4890.6851,7455.6105,4824.3241,6734.224
2021-11-02,99.98,4839.8457,7368.5999,4720.4709,6693.8646
2021-11-03,91.0,4821.1119,7385.1994,4740.1665,6661.2174
2021-11-04,92.5,4868.7419,7483.6923,4735.173,6743.984
2021-11-05,90.0,4842.3458,7389.5866,4691.681,6721.3723
2021-11-08,91.7,4848.1795,7422.9067,4695.3043,6724.0064
2021-11-09,93.13,4846.7444,7531.9583,4683.3991,6723.6649
2021-11-10,94.8,4821.1925,7535.2279,4661.5764,6716.6243
2021-11-11,95.79,4898.6529,7593.7315,4793.4359,6802.7352
2021-11-12,94.77,4888.3749,7697.8082,4765.4976,6783.9952
2021-11-15,92.29,4882.3777,7676.4847,4765.6918,6787.3681
2021-11-16,89.98,4883.3206,7589.1814,4735.4172,6848.1785
2021-11-17,91.29,4885.7544,7725.0924,4723.7586,6865.5626
2021-11-18,89.72,4837.6185,7714.7966,4687.5648,6771.1718
2021-11-19,91.89,4890.0575,7803.7626,4758.1116,6845.8286
2021-11-22,92.18,4912.399,7947.3717,4727.8161,6889.8489
2021-11-23,92.78,4913.3457,7941.5587,4737.284,6909.4318
2021-11-24,90.77,4916.6579,7938.7737,4734.6072,6936.2476
2021-11-25,87.44,4896.4416,7925.7602,4713.8023,6919.4223
2021-11-26,87.35,4860.1265,7940.7888,4664.615,6887.6366
2021-11-29,87.99,4851.423,7999.8331,4644.4357,6902.4757
2021-11-30,87.42,4832.026,8054.2904,4642.2485,6840.9946
2021-12-01,84.06,4843.851,8055.8207,4693.3102,6819.5224
2021-12-02,83.13,4856.163,7968.235,4736.6863,6827.9897
2021-12-03,82.24,4901.0175,8023.9634,4778.1339,6908.6539
2021-12-06,81.89,4892.6209,7906.7563,4810.9915,6861.5594
2021-12-07,83.97,4922.1015,7781.4416,4872.5729,6905.3206
2021-12-08,84.16,4995.9298,7922.5518,4882.7781,7050.4113
2021-12-09,85.0,5078.6901,7931.7565,4939.6578,7185.0474
2021-12-10,86.81,5055.1172,7949.1249,4910.5701,7144.0255
2021-12-13,87.68,5083.8007,7984.8993,4921.9133,7202.0402
2021-12-14,86.54,5049.6953,7981.8275,4861.2376,7155.8203
2021-12-15,85.3,5005.8991,7955.5813,4862.0909,7078.0224
2021-12-16,85.48,5034.7321,8005.9752,4916.7705,7112.2518
2021-12-17,81.9,4954.7599,7894.1034,4879.5716,6956.2484
2021-12-20,80.49,4880.4178,7751.9508,4851.1404,6839.9128
2021-12-21,80.98,4913.4853,7849.0325,4900.1238,6872.9702
2021-12-22,80.11,4914.4544,7930.8115,4866.948,6898.1112
2021-12-23,80.2,4948.7389,7932.6616,4892.8756,6934.5075
2021-12-24,77.88,4921.3449,7776.6064,4860.8982,6918.3747
2021-12-27,78.14,4919.3238,7776.4312,4874.7267,6938.9398
2021-12-28,81.55,4955.9644,7863.5299,4887.4581,6994.9901
2021-12-29,82.01,4883.4804,7855.4293,4837.0359,6873.4265
2021-12-30,81.23,4921.5109,7924.5275,4857.7313,6926.7612
2021-12-31,86.2,4940.3733,8010.3235,4882.9509,6957.9966
2022-01-04,84.86,4917.7653,7983.0677,4910.5553,6916.2014
2022-01-05,81.47,4868.1202,7781.6778,4943.4306,6778.1931
2022-01-06,80.55,4818.2318,7844.5166,4909.8304,6698.4173
2022-01-07,80.27,4822.3689,7682.6973,4983.3801,6667.8428
2022-01-10,79.7,4844.0451,7734.1865,5009.2545,6677.1294
2022-01-11,77.98,4797.7735,7646.6932,5008.9236,6565.8836
2022-01-12,80.2,4845.5787,7779.5237,4997.3035,6664.1893
2022-01-13,79.25,4765.9191,7644.7873,4964.7468,6513.4112
2022-01-14,79.25,4726.7317,7675.3707,4856.9629,6504.0785
2022-01-17,81.01,4767.2762,7808.0861,4871.226,6564.8837
2022-01-18,79.51,4813.3472,7758.6048,4956.0874,6600.7447
2022-01-19,78.51,4780.3784,7665.1848,4977.2141,6511.3296
2022-01-20,78.2,4823.5091,7492.6095,5051.5924,6524.655
2022-01-21,76.0,4779.3142,7388.7443,5004.5043,6447.0385
2022-01-24,76.54,4786.7377,7425.402,5002.2745,6468.6589
2022-01-25,74.45,4678.4511,7133.0663,4883.6515,6301.5192
2022-01-26,77.31,4712.3109,7171.0289,4919.3653,6338.7597
2022-01-27,74.43,4619.8765,6960.1096,4858.9553,6159.9158
2022-01-28,70.11,4563.772,6973.0104,4796.6936,6084.5231
2022-02-07,73.22,4634.0899,7061.6204,4939.4019,6135.8462
2022-02-08,71.86,4608.7729,7080.6181,5014.1416,6060.6323
2022-02-09,71.18,4652.0609,7211.4299,5014.3475,6130.3404
2022-02-10,68.5,4639.8625,7175.6171,5061.8779,6097.172
2022-02-11,65.15,4601.3953,7033.8514,5093.8228,6022.8323
2022-02-14,65.33,4551.6878,7006.0752,4967.7168,5966.5895
2022-02-15,68.57,4600.1025,7124.8489,4927.1434,6109.2299
2022-02-16,68.07,4617.9893,7183.1058,4962.7919,6116.6166
2022-02-17,69.5,4629.1649,7220.6066,4949.6465,6142.7282
2022-02-18,68.55,4651.2358,7251.7923,5017.3495,6147.4095
2022-02-21,68.3,4634.3141,7334.5912,5002.0841,6122.1301
2022-02-22,69.09,4574.1527,7279.2355,4945.3416,6038.7709
2022-02-23,72.0,4623.0465,7450.3998,4927.1474,6152.8066
2022-02-24,73.05,4529.3189,7285.1172,4834.3618,6026.4696
2022-02-25,74.56,4573.4247,7361.9573,4823.9115,6118.3375
2022-02-28,77.67,4581.6459,7419.8306,4820.6166,6143.5943
2022-03-01,80.05,4619.6862,7429.4432,4866.8369,6187.402
2022-03-02,80.05,4578.6007,7414.3087,4849.8947,6103.535
2022-03-03,78.49,4551.6283,7342.6135,4889.322,6001.5765
2022-03-04,77.8,4496.4301,7241.5625,4840.7996,5939.8133
2022-03-07,76.8,4352.7775,7085.7316,4751.8059,5716.0056
2022-03-08,77.74,4265.391,6871.2202,4623.6494,5614.0561
2022-03-09,78.15,4226.3463,6796.0393,4546.3498,5547.3456
2022-03-10,81.74,4292.8374,6952.5204,4566.9472,5686.2271
2022-03-11,80.51,4306.5217,6990.7781,4588.9939,5700.3885
2022-03-14,79.68,4174.7577,6800.5947,4486.0987,5511.1364
2022-03-15,77.4,3983.812,6473.4807,4229.3743,5302.4791
2022-03-16,81.0,4156.081,6692.9664,4393.6449,5534.5794
2022-03-17,80.72,4237.6956,6818.5448,4443.5539,5666.4242
2022-03-18,80.68,4265.9017,6879.3659,4550.9305,5675.5786
2022-03-21,82.59,4258.7459,6954.4056,4504.9968,5680.0771
2022-03-22,80.49,4255.295,6923.4427,4572.2817,5617.1938
2022-03-23,80.5,4276.5174,6966.9526,4562.5895,5647.364
2022-03-24,78.81,4251.3061,6900.8066,4551.8221,5584.9985
2022-03-25,75.9,4174.5742,6819.8127,4512.4601,5454.5659
2022-03-28,75.85,4148.4663,6767.2513,4545.3441,5381.6571
2022-03-29,74.34,4134.1441,6725.677,4535.4017,5342.0387
2022-03-30,75.39,4254.0989,6864.7486,4628.4518,5534.1435
2022-03-31,72.19,4222.5968,6772.0652,4644.2661,5452.426
2022-04-01,72.6,4276.158,6772.6042,4709.5219,5513.1234
2022-04-06,68.6,4263.8411,6764.2883,4764.0697,5436.3655
2022-04-07,68.83,4209.0998,6623.5857,4696.4014,5367.5957
2022-04-08,67.9,4230.7669,6575.2832,4755.0907,5373.4666
2022-04-11,65.82,4100.0703,6328.0652,4670.8547,5174.9828
2022-04-12,66.86,4179.9727,6414.4186,4695.9005,5314.0187
2022-04-13,66.69,4139.737,6286.2509,4668.2919,5235.9231
2022-04-14,67.03,4191.5684,6359.7083,4711.7639,5319.2364
2022-04-15,66.4,4188.7472,6275.0725,4729.9017,5294.8038
2022-04-18,69.2,4166.3844,6326.0246,4625.8769,5323.2648
2022-04-19,69.1,4134.9017,6345.7861,4617.3999,5256.827
2022-04-20,66.8,4070.7889,6234.2514,4539.0247,5178.7792
2022-04-21,62.58,3995.83,5981.3843,4494.7334,5046.6837
2022-04-22,62.0,4013.2498,5891.8083,4557.5159,5021.2139
2022-04-25,56.61,3814.9127,5431.6079,4356.6788,4738.6508
2022-04-26,57.17,3784.1198,5266.5515,4312.9751,4715.8571
2022-04-27,61.3,3895.5361,5540.7173,4349.69,4913.2011
2022-04-28,64.58,3921.1073,5493.9075,4404.6221,4949.397
2022-04-29,67.96,4016.241,5734.4931,4451.8232,5099.7576
2022-05-05,69.08,4010.2102,5836.9281,4455.4986,5106.3577
2022-05-06,67.03,3908.815,5764.6919,4346.2871,4962.1485
2022-05-09,69.33,3877.4364,5840.8902,4323.2493,4931.1236
2022-05-10,68.42,3919.8684,5950.6674,4353.7,4987.9267
2022-05-11,71.4,3976.4231,6003.0282,4345.4564,5119.1147
2022-05-12,69.78,3958.74,6034.5727,4315.7015,5107.6813
2022-05-13,69.76,3988.6002,6071.6673,4377.5852,5106.6789
2022-05-16,68.0,3956.5378,6082.8819,4351.9018,5064.4683
2022-05-17,70.31,4005.8934,6118.4572,4380.1026,5135.1554
2022-05-18,70.77,3991.9069,6127.8036,4361.8482,5119.0837
2022-05-19,75.17,3999.5984,6180.1862,4364.0972,5138.5658
2022-05-20,76.68,4077.5998,6263.4432,4434.4443,5265.3554
2022-05-23,75.9,4053.9823,6343.4672,4406.8211,5237.8118
2022-05-24,73.43,3959.1541,6081.6423,4341.0587,5085.6909
2022-05-25,73.98,3983.1784,6188.2694,4372.8072,5104.6353
2022-05-26,75.1,3993.0446,6227.0994,4400.2226,5135.8302
2022-05-27,75.12,4001.2988,6210.0937,4412.7964,5132.6923
2022-05-30,76.31,4029.0179,6282.3554,4391.9091,5192.5443
2022-05-31,79.2,4091.5176,6353.3468,4416.9688,5331.293
2022-06-01,78.7,4083.1772,6373.3182,4406.2523,5319.9436
2022-06-02,79.98,4089.5682,6442.9338,4381.3481,5350.4232
2022-06-06,60.62,4166.085,6604.9759,4389.8305,5503.2946
2022-06-07,60.63,4179.1285,6597.8349,4404.9168,5522.1697
2022-06-08,60.21,4219.8122,6608.8922,4428.3405,5579.1636
2022-06-09,60.98,4175.6747,6490.3753,4444.7282,5478.1441
2022-06-10,61.06,4238.9936,6627.7477,4478.0984,5557.0791
2022-06-13,60.74,4189.3527,6674.8036,4405.635,5510.5185
2022-06-14,59.33,4222.3114,6665.253,4490.8114,5511.1545
2022-06-15,58.5,4278.2178,6653.7617,4587.5167,5587.5757
2022-06-16,59.95,4250.0614,6696.7629,4489.6295,5576.7575
2022-06-17,60.85,4309.0444,6774.7375,4504.5275,5708.0231
2022-06-20,60.77,4330.4328,6848.7548,4470.8127,5780.3085
2022-06-21,60.95,4325.5657,6779.1447,4493.24,5739.1246
2022-06-22,61.35,4270.6227,6691.8118,4427.7113,5667.0675
2022-06-23,61.8,4343.8781,6845.4548,4488.0381,5780.7671
2022-06-24,64.35,4394.7723,6931.6542,4488.0333,5877.1678
2022-06-27,64.58,4444.2639,7002.934,4518.6039,5961.5231
2022-06-28,67.6,4490.5166,7079.7247,4541.2145,6055.1707
2022-06-29,64.16,4421.357,6900.9926,4532.0549,5902.6917
2022-06-30,66.63,4485.0108,6995.5297,4564.4721,6044.0445
2022-07-01,64.89,4466.7179,6994.5009,4560.654,6013.9337
2022-07-04,64.37,4496.0303,7076.3219,4562.9119,6055.5672
2022-07-05,64.15,4489.5383,7036.002,4566.3628,6037.0151
2022-07-06,63.5,4423.9698,6953.9802,4487.0073,5946.9162
2022-07-07,64.3,4443.4736,7041.8666,4487.5875,6010.4093
2022-07-08,62.18,4428.781,7000.785,4490.3184,5966.5513
2022-07-11,60.24,4354.6167,6893.6346,4454.6191,5811.7838
2022-07-12,58.93,4313.6184,6779.5552,4461.8233,5727.4804
2022-07-13,61.57,4321.4617,6834.9024,4420.2952,5792.2325
2022-07-14,61.91,4322.0742,6920.8735,4347.1593,5840.7817
2022-07-15,62.04,4248.5273,6852.8163,4236.5141,5745.5641
2022-07-18,62.1,4292.5858,6953.9319,4318.1806,5790.3137
2022-07-19,60.15,4269.3401,7009.3239,4320.6869,5719.2529
2022-07-20,59.82,4283.8027,7110.1043,4327.9067,5736.2994
2022-07-21,59.13,4236.0578,7075.2943,4249.8013,5671.6058
2022-07-22,60.14,4238.2341,7034.5975,4260.0581,5672.683
2022-07-25,58.81,4212.6441,6948.9088,4252.4171,5613.5989
2022-07-26,59.65,4245.9758,7027.4189,4290.7482,5667.197
2022-07-27,61.26,4225.0357,7099.4335,4265.9363,5645.0196
2022-07-28,61.18,4225.6733,7150.198,4265.5231,5657.319
2022-07-29,61.5,4170.1019,7117.4341,4227.7112,5563.2662
2022-08-01,61.21,4188.6784,7180.4544,4197.9781,5638.773
2022-08-02,59.59,4107.024,6957.9819,4109.9429,5508.5905
2022-08-03,56.86,4066.9754,6916.6704,4063.6669,5433.3513
2022-08-04,55.76,4101.5367,6960.3118,4099.2523,5467.8219
2022-08-05,56.73,4156.9111,7090.0027,4137.0343,5562.3016
2022-08-08,56.55,4148.0746,7176.105,4135.8135,5549.9746
2022-08-09,58.08,4156.2907,7207.3961,4129.6472,5597.7298
2022-08-10,57.74,4109.7373,7212.0752,4104.2532,5528.72
2022-08-11,58.0,4193.5428,7294.4863,4183.9717,5656.2633
2022-08-12,58.58,4191.152,7228.8345,4199.9863,5630.0049
2022-08-15,60.06,4185.6794,7283.5,4175.8027,5670.8873
2022-08-16,60.39,4177.837,7324.6198,4175.1998,5645.6675
2022-08-17,60.61,4216.9586,7328.6735,4212.3983,5704.3491
2022-08-18,60.93,4180.0996,7351.4373,4165.9846,5664.3082
2022-08-19,56.12,4151.0738,7234.4052,4193.6973,5577.1669
2022-08-22,53.41,4181.3965,7288.5766,4202.9928,5641.0804
2022-08-23,54.2,4161.0823,7306.0209,4180.7773,5633.1197
2022-08-24,52.68,4082.4195,7039.4103,4156.357,5478.0285
2022-08-25,52.85,4116.2396,7016.3057,4228.4901,5482.1528
2022-08-26,53.06,4107.5455,6980.1803,4208.9617,5450.2929
2022-08-29,53.41,4089.5205,7021.3148,4197.1595,5426.776
2022-08-30,52.8,4075.7937,6976.7218,4199.5632,5387.4804
2022-08-31,51.2,4078.8402,6750.7429,4243.0097,5350.6526
2022-09-01,51.65,4043.7395,6717.1001,4230.8749,5285.4597
2022-09-02,50.95,4023.6131,6776.8268,4214.5377,5258.493
2022-09-05,50.49,4015.4264,6791.0921,4247.8264,5241.25
2022-09-06,53.16,4052.2802,6919.6464,4276.2431,5304.8725
2022-09-07,53.46,4054.983,6963.5196,4261.9805,5328.5515
2022-09-08,53.39,4037.6839,6897.0996,4263.1059,5280.9891
2022-09-09,53.18,4093.7874,6913.579,4333.1151,5340.2957
2022-09-13,53.27,4111.1145,6904.0775,4337.5042,5356.4598
2022-09-14,52.55,4065.359,6829.5579,4296.84,5276.4999
2022-09-15,48.66,4027.1186,6619.1888,4322.8395,5158.8134
2022-09-16,48.3,3932.6826,6481.2442,4193.3394,5031.1572
2022-09-19,48.12,3928.0001,6399.8014,4191.0986,5022.3478
2022-09-20,50.04,3932.8361,6482.1313,4155.382,5077.3161
2022-09-21,49.19,3903.7348,6480.6023,4164.4849,5011.9887
2022-09-22,49.18,3869.344,6487.2748,4144.4173,4967.7808
2022-09-23,48.54,3856.0212,6363.6835,4148.1001,4930.075
2022-09-26,48.8,3836.6773,6283.5925,4076.8817,4943.1559
2022-09-27,48.99,3892.295,6409.776,4099.6471,5030.8884
2022-09-28,47.9,3828.7098,6211.1091,4059.7712,4902.1132
2022-09-29,50.08,3827.1434,6228.7788,4021.1714,4921.7744
2022-09-30,47.91,3804.8853,6124.8639,4052.295,4853.2307
2022-10-10,45.89,3720.9365,5984.5008,4031.7838,4699.2919
2022-10-11,46.51,3727.6867,6017.7194,4022.8924,4747.4437
2022-10-12,48.38,3784.3064,6192.6534,4070.1089,4857.6386
2022-10-13,47.0,3752.6729,6252.2225,4020.1669,4817.4629
2022-10-14,51.22,3842.4698,6406.4573,4063.9593,4965.2939
2022-10-17,50.45,3846.4119,6472.4511,4065.4737,4967.8888
2022-10-18,50.05,3838.2667,6508.5038,4050.0856,4964.5045
2022-10-19,49.13,3776.5335,6461.1462,4004.6562,4882.6726
2022-10-20,47.18,3754.9269,6429.7042,3981.3487,4848.8286
2022-10-21,47.5,3742.8929,6432.3255,3981.0981,4818.0739
2022-10-24,45.88,3633.3733,6378.4323,3872.5653,4682.8868
2022-10-25,48.7,3627.4542,6355.7784,3873.8593,4680.8604
2022-10-26,49.93,3656.9027,6491.6916,3856.4237,4752.8399
2022-10-27,50.35,3631.1448,6461.6098,3853.4381,4688.5415
2022-10-28,49.25,3541.3295,6239.9316,3784.2488,4558.4554
2022-10-31,47.98,3508.7034,6292.6191,3707.8857,4529.2192
2022-11-01,51.05,3634.1732,6439.8223,3789.774,4721.491
2022-11-02,51.56,3677.8051,6524.5136,3809.2172,4799.9287
2022-11-03,50.12,3647.8966,6566.8413,3773.2437,4761.5712
2022-11-04,52.4,3767.1746,6709.6446,3865.3726,4966.0964
2022-11-07,52.11,3775.2971,6713.6375,3882.0506,4977.8014
2022-11-08,51.32,3749.3251,6694.9562,3873.8978,4936.7643
2022-11-09,49.96,3714.2704,6676.0079,3866.4982,4863.2709
2022-11-10,48.36,3685.6885,6603.3086,3867.9135,4784.0509
2022-11-11,48.34,3788.4387,6643.4817,3995.0803,4904.6629
2022-11-14,47.35,3794.0171,6599.6655,4040.5784,4854.9276
2022-11-15,47.97,3865.9726,6752.5127,4089.3275,4987.8799
2022-11-16,46.65,3834.3899,6702.041,4063.3759,4922.722
2022-11-17,46.47,3818.664,6714.5035,4049.2397,4893.7224
2022-11-18,47.0,3801.5686,6658.4005,4023.0138,4874.3791
2022-11-21,47.75,3769.1269,6689.3254,3993.9929,4837.1825
2022-11-22,46.56,3769.5727,6583.2332,4063.4438,4776.5272
2022-11-23,47.59,3773.5287,6567.9934,4082.7277,4782.1914
2022-11-24,47.15,3756.8082,6586.8576,4070.7449,4759.6479
2022-11-25,45.73,3775.7764,6512.1619,4163.6772,4724.1493
2022-11-28,44.59,3733.2424,6492.712,4098.97,4681.3629
2022-11-29,44.96,3848.4224,6594.3225,4253.502,4798.8942
2022-11-30,45.78,3853.0365,6590.3067,4244.6998,4814.972
2022-12-01,47.01,3894.7687,6658.4265,4241.4057,4899.2252
2022-12-02,47.98,3870.9478,6680.5415,4205.7005,4875.822
2022-12-05,46.36,3946.8759,6714.367,4352.8632,4910.611
2022-12-06,45.86,3968.1979,6703.5524,4338.7054,4967.9041
2022-12-07,45.93,3958.4409,6705.2873,4288.547,4985.5038
2022-12-08,46.5,3959.1798,6662.3441,4304.6799,4981.5388
2022-12-09,46.3,3998.2442,6680.3752,4344.4406,5033.6095
2022-12-12,45.49,3953.4433,6655.6737,4254.6267,4984.633
2022-12-13,44.9,3945.6813,6593.6675,4272.8373,4935.2089
2022-12-14,44.63,3954.8857,6570.0183,4268.928,4927.9714
2022-12-15,45.18,3951.9885,6597.5505,4227.299,4972.5666
2022-12-16,44.63,3954.227,6519.4361,4272.2441,4935.317
2022-12-19,44.6,3893.2207,6390.77,4178.1532,4878.1871
2022-12-20,44.8,3829.0173,6341.5833,4128.6636,4804.3563
2022-12-21,43.61,3830.5384,6289.1361,4134.5336,4784.707
2022-12-22,40.86,3836.028,6186.9277,4135.2104,4755.7606
2022-12-23,40.54,3828.2188,6160.7451,4130.2465,4728.7241
2022-12-26,42.0,3843.4887,6275.5244,4106.7773,4806.8264
2022-12-27,42.39,3887.854,6325.6279,4164.3358,4872.4408
2022-12-28,42.8,3871.2644,6268.4658,4176.3498,4834.7583
2022-12-29,42.62,3856.7007,6261.8292,4139.1833,4828.5393
2022-12-30,42.26,3871.6338,6281.6209,4174.2541,4822.3996
2023-01-03,42.03,3887.8992,6423.7013,4196.962,4843.1158
2023-01-04,40.65,3892.9477,6421.2767,4257.6448,4782.723
2023-01-05,41.07,3968.5782,6485.4688,4276.4479,4916.0763
2023-01-06,42.67,3980.8888,6500.3203,4279.7008,4975.3338
2023-01-09,42.27,4013.1196,6535.7493,4301.612,5013.4602
2023-01-10,42.57,4017.4737,6540.2008,4260.405,5063.0841
2023-01-11,42.4,4010.0309,6486.9049,4299.5258,5023.4666
2023-01-12,43.39,4017.8692,6489.5702,4301.8093,5048.2472
2023-01-13,43.4,4074.3772,6517.5132,4351.8974,5105.0628
2023-01-16,44.0,4137.9643,6591.8056,4383.5158,5207.3112
2023-01-17,44.28,4137.2422,6597.4946,4374.036,5233.2692
2023-01-18,44.73,4130.3143,6613.005,4371.3191,5223.9795
2023-01-19,44.73,4156.0077,6676.0803,4389.5507,5271.4192
2023-01-20,47.15,4181.5267,6736.8515,4429.81,5322.0254
2023-01-30,48.0,4201.345,6786.453,4417.264,5374.484
2023-01-31,48.15,4156.8578,6805.2756,4392.8821,5309.1462
2023-02-01,48.69,4195.9332,6916.7204,4415.4749,5382.7601
2023-02-02,48.65,4181.1493,6933.2257,4392.4244,5368.1858
2023-02-03,47.01,4141.6319,6925.076,4345.1484,5309.7534
2023-02-06,46.4,4086.8779,6891.413,4295.5743,5243.2543
2023-02-07,46.04,4094.2335,6924.3213,4321.2588,5227.7948
2023-02-08,45.88,4076.1411,6877.7247,4305.3537,5206.5305
2023-02-09,46.24,4130.8565,6999.1821,4338.6392,5285.237
2023-02-10,45.38,4106.3097,6975.3945,4329.82,5235.6964
2023-02-13,45.62,4143.574,7052.1766,4335.7896,5292.4308
2023-02-14,45.44,4145.2902,7061.449,4353.3811,5283.6633
2023-02-15,45.24,4123.6893,7063.6048,4323.0626,5257.9721
2023-02-16,44.44,4093.4876,6925.2034,4306.9172,5184.8439
2023-02-17,43.37,4034.507,6868.5477,4271.4027,5087.7495
2023-02-20,44.12,4133.4896,6959.3609,4406.6355,5171.3542
2023-02-21,45.19,4144.3536,6990.4751,4435.671,5185.9793
2023-02-22,44.37,4106.9506,6998.4298,4394.6272,5131.8947
2023-02-23,45.79,4103.6463,6966.7866,4394.9241,5151.8993
2023-02-24,44.71,4061.0457,6944.824,4353.2412,5087.8513
2023-02-27,44.2,4043.8444,6894.2959,4328.7234,5051.0477
2023-02-28,44.24,4069.4587,6955.5737,4360.3311,5076.0757
2023-03-01,44.14,4126.9415,7002.7711,4440.2675,5115.4772
2023-03-02,43.4,4117.7377,6972.3062,4460.2192,5077.2359
2023-03-03,43.36,4130.5513,6967.94,4502.535,5079.1842
2023-03-06,45.02,4109.0102,6997.0444,4440.7084,5091.6541
2023-03-07,44.44,4048.8519,6855.3435,4409.5875,5003.7493
2023-03-08,43.86,4034.1077,6891.4556,4394.4483,4978.0103
2023-03-09,43.02,4019.8505,6892.8565,4374.1521,4965.8545
2023-03-10,42.12,3967.1352,6798.2987,4301.7995,4921.7824
2023-03-13,41.99,4008.686,6832.621,4364.0782,4934.0838
2023-03-14,41.88,3984.6956,6769.8491,4327.4015,4897.0199
2023-03-15,42.24,3986.902,6803.4738,4374.1706,4881.4683
2023-03-16,40.0,3939.1505,6689.7826,4341.001,4790.0094
2023-03-17,39.33,3958.8194,6736.3672,4384.8131,4785.8127
2023-03-20,39.21,3939.077,6721.4545,4345.0315,4794.4368
2023-03-21,39.45,3982.3782,6809.3913,4339.1687,4872.5704
2023-03-22,39.38,3999.4427,6840.3262,4372.7354,4878.393
2023-03-23,39.51,4039.0895,6868.8345,4414.0624,4929.0484
2023-03-24,40.05,4027.0457,6867.9521,4359.7338,4948.9388
2023-03-27,40.29,4012.4771,6886.6891,4315.5519,4954.7365
2023-03-28,39.85,3999.5147,6825.3831,4318.4221,4911.5306
2023-03-29,40.03,4006.144,6806.2811,4297.2001,4952.4105
2023-03-30,40.51,4038.5257,6807.6446,4337.1254,5002.525
2023-03-31,40.41,4050.9257,6875.8083,4337.2569,5016.3146
2023-04-03,40.63,4090.5676,6962.2048,4368.741,5084.197
2023-04-04,40.19,4103.1052,6953.3625,4414.4826,5033.3208
2023-04-06,40.29,4096.64,6983.0265,4400.5599,5058.6437
2023-04-07,40.47,4123.2799,7042.8904,4416.895,5095.8438
2023-04-10,41.23,4104.8118,6968.5725,4426.7689,5071.6557
2023-04-11,40.46,4100.1479,6984.1419,4433.2821,5070.2929
2023-04-12,39.61,4097.2876,7021.0163,4469.941,5038.3619
2023-04-13,39.38,4068.9786,6966.8182,4455.1201,4979.7217
2023-04-14,39.26,4091.9988,7020.0943,4476.7152,5035.5324
2023-04-17,39.62,4149.3836,7012.773,4580.1035,5075.4074
2023-04-18,40.01,4162.032,6997.0715,4617.4089,5071.549
2023-04-19,38.93,4124.5589,6965.5757,4567.0965,5012.7347
2023-04-20,37.61,4113.0192,6963.8986,4589.4487,4955.5678
2023-04-21,37.44,4032.5672,6773.5121,4498.8966,4852.7293
2023-04-24,36.23,3982.6429,6725.2706,4461.0762,4744.2984
2023-04-25,35.01,3962.6658,6603.2389,4477.6993,4660.0945
2023-04-26,36.26,3959.2323,6624.4004,4439.1413,4722.4881
2023-04-27,35.97,3988.4185,6633.4926,4496.7747,4734.7328
2023-04-28,34.87,4029.0858,6723.3045,4562.3588,4754.6027
2023-05-04,34.09,4030.2471,6733.9694,4639.3711,4690.0778
2023-05-05,33.16,4016.8774,6653.6532,4660.6401,4653.1486
2023-05-08,33.53,4062.6624,6702.4999,4794.1258,4689.5328
2023-05-09,33.03,4027.8754,6611.6367,4742.5586,4655.2892
2023-05-10,33.41,3996.8695,6627.3114,4640.3819,4666.8053
2023-05-11,33.75,3990.6637,6622.5211,4626.3923,4677.7065
2023-05-12,32.8,3937.7622,6535.9439,4561.4522,4603.2057
2023-05-15,33.83,3998.8872,6585.9102,4620.9454,4703.6941
2023-05-16,33.64,3978.2054,6516.2886,4589.7145,4692.1687
2023-05-17,33.65,3960.165,6554.9802,4551.6733,4676.8571
2023-05-18,33.08,3956.0701,6583.7382,4573.5444,4639.6812
2023-05-19,32.96,3944.5403,6602.3174,4520.247,4649.1196
2023-05-22,33.35,3969.3277,6595.9844,4531.8778,4668.8176
2023-05-23,32.9,3913.1882,6528.4533,4451.7764,4612.5114
2023-05-24,33.11,3859.0935,6513.1817,4351.1567,4585.8388
2023-05-25,32.44,3850.4996,6501.0001,4347.3512,4567.2669
2023-05-26,31.49,3850.9511,6546.4083,4371.2513,4533.1028
2023-05-29,30.25,3833.9416,6534.1166,4389.2984,4479.7768
2023-05-30,29.5,3837.7531,6564.4686,4397.0779,4488.4008
2023-05-31,28.82,3798.5434,6561.6487,4361.4934,4429.1204
2023-06-01,28.63,3806.8679,6574.7576,4358.0581,4459.8495
2023-06-02,29.24,3861.8337,6626.2794,4414.8129,4538.8547
2023-06-05,28.41,3844.2492,6632.9556,4415.1721,4484.0314
2023-06-06,27.66,3808.1629,6489.8113,4401.2025,4413.5338
2023-06-07,27.5,3789.3418,6488.5574,4415.9216,4350.8975
2023-06-08,27.34,3820.1867,6442.4819,4487.2519,4360.6826
2023-06-09,27.6,3836.7026,6495.5639,4489.8666,4396.3263
2023-06-12,27.82,3844.4324,6530.1606,4459.1629,4429.3082
2023-06-13,27.75,3864.9074,6554.9567,4457.9273,4453.8507
2023-06-14,27.32,3864.0247,6578.1228,4421.4795,4452.7927
2023-06-15,29.18,3925.4994,6613.9549,4445.9273,4597.8268
2023-06-16,29.63,3963.3509,6669.0051,4460.9664,4642.1988
2023-06-19,28.98,3930.9079,6693.299,4403.3102,4601.5136
2023-06-20,28.73,3924.2377,6693.9147,4364.2014,4602.3108
2023-06-21,27.99,3864.0323,6548.4066,4323.443,4511.5249
2023-06-26,28.01,3809.6962,6420.9726,4252.1291,4483.9443
2023-06-27,28.18,3845.4334,6507.2728,4321.7165,4509.7505
2023-06-28,29.32,3840.7986,6475.505,4323.2849,4507.3728
2023-06-29,28.85,3821.8435,6520.0393,4302.3063,4478.1813
2023-06-30,28.67,3842.4516,6602.0372,4326.6063,4525.7253
2023-07-03,28.88,3892.8821,6612.8844,4406.7578,4574.928
2023-07-04,28.82,3899.0133,6638.4471,4386.1204,4590.7045
2023-07-05,28.15,3868.8054,6584.4232,4360.7837,4557.1712
2023-07-06,27.89,3842.7547,6567.0789,4341.9216,4505.7847
2023-07-07,27.36,3825.6988,6521.4265,4348.2737,4457.2427
2023-07-10,29.69,3844.3269,6526.8519,4343.7008,4522.9565
2023-07-11,29.24,3869.4861,6579.3695,4363.9777,4552.8188
2023-07-12,30.55,3843.4369,6482.9867,4333.4194,4530.4529
2023-07-13,30.67,3898.4229,6548.3129,4384.6371,4609.8836
2023-07-14,30.04,3899.1027,6544.4593,4410.2275,4581.4607
2023-07-17,29.79,3867.1749,6516.56,4361.9038,4530.6223
2023-07-18,29.5,3854.9393,6510.0341,4337.9869,4529.6448
2023-07-19,29.24,3850.8663,6492.3487,4349.8905,4498.2804
2023-07-20,29.56,3823.6946,6408.7598,4323.8085,4483.2289
2023-07-21,28.69,3821.91,6401.4168,4312.4838,4465.5489
2023-07-24,28.34,3805.221,6393.7938,4298.6319,4419.2089
2023-07-25,29.22,3915.1153,6498.2688,4446.5684,4539.6892
2023-07-26,29.29,3907.0128,6457.2535,4438.7459,4542.9649
2023-07-27,28.65,3902.3458,6407.5461,4437.9397,4525.3898
2023-07-28,29.5,3992.7376,6465.3763,4579.1174,4593.7219
2023-07-31,29.85,4014.6301,6515.8486,4606.0357,4636.8355
2023-08-01,29.3,3998.001,6507.4124,4582.3559,4619.9749
2023-08-02,29.09,3969.895,6496.0222,4530.6938,4597.0361
2023-08-03,30.85,4004.9839,6499.5448,4585.0872,4644.244
2023-08-04,30.76,4020.5792,6535.322,4601.8878,4668.613
2023-08-07,30.51,3990.1531,6503.9825,4565.0499,4635.8754
2023-08-08,30.23,3979.7322,6471.3444,4550.4577,4627.9561
2023-08-09,30.11,3967.5652,6420.9768,4537.7724,4615.3212
2023-08-10,30.21,3975.7166,6426.8142,4553.0626,4636.6766
2023-08-11,29.42,3884.2538,6304.6354,4441.2734,4534.8112
2023-08-14,29.31,3855.9061,6319.4073,4416.8317,4477.4966
2023-08-15,28.39,3846.5357,6261.7333,4443.372,4436.1201
2023-08-16,27.94,3818.3338,6186.4029,4418.8032,4392.6982
2023-08-17,28.18,3831.1008,6247.6011,4403.3224,4422.2654
2023-08-18,27.91,3784.0038,6117.1074,4378.2465,4367.8681
2023-08-21,27.01,3729.555,6057.1708,4306.1799,4297.5293
2023-08-22,25.84,3758.2271,6099.1948,4369.4678,4302.9672
2023-08-23,24.81,3696.6339,5973.6711,4325.5097,4210.5383
2023-08-24,25.76,3723.4293,5987.9663,4302.0102,4275.9253
2023-08-25,25.53,3709.1517,5879.0268,4314.0513,4238.758
2023-08-28,26.48,3752.6194,5922.1617,4390.417,4279.7272
2023-08-29,27.1,3790.1067,6108.7589,4374.2647,4371.8877
2023-08-30,26.85,3788.5097,6139.6265,4340.0217,4389.4789
2023-08-31,26.55,3765.2678,6104.2953,4320.3709,4363.2483
2023-09-01,26.58,3791.4912,6107.1996,4379.32,4386.7033
2023-09-04,27.04,3848.9517,6198.7623,4462.5933,4447.7285
2023-09-05,28.1,3820.3174,6167.6421,4413.9683,4428.8898
2023-09-06,27.87,3812.0283,6195.3828,4420.7945,4410.4072
2023-09-07,26.74,3758.4748,6083.4893,4390.1254,4317.3094
2023-09-08,26.32,3739.9927,6102.4883,4377.8037,4280.0578
2023-09-11,26.66,3767.537,6182.6433,4396.5764,4304.4097
2023-09-12,26.85,3760.6048,6184.606,4384.4468,4295.5021
2023-09-13,26.41,3736.6513,6103.137,4372.872,4259.8818
2023-09-14,26.13,3733.5077,6068.7131,4401.3389,4233.8736
2023-09-15,26.26,3708.7766,6079.0632,4368.2898,4207.4241
2023-09-18,26.32,3727.711,6083.9692,4367.844,4237.895
2023-09-19,25.95,3720.5021,6031.0416,4387.7406,4212.5717
2023-09-20,25.74,3705.6898,5982.5578,4383.0242,4178.6143
2023-09-21,25.38,3672.4448,5939.6638,4353.6417,4130.9572
2023-09-22,25.95,3738.9327,6054.9279,4422.001,4204.0304
2023-09-25,26.18,3714.6037,6027.3938,4383.2116,4191.3105
2023-09-26,26.14,3692.8928,5996.1104,4358.3659,4151.5175
2023-09-27,27.74,3700.495,6034.0605,4352.9219,4186.0609
2023-09-28,27.28,3689.5172,6078.9449,4345.9835,4172.1159
2023-10-09,27.1,3684.7272,6059.9651,4335.7103,4175.9324
2023-10-10,26.71,3657.1259,6043.4816,4289.5272,4137.0324
2023-10-11,26.96,3667.5483,6059.4014,4281.9791,4151.7733
2023-10-12,27.32,3702.3824,6104.4558,4337.9906,4191.959
2023-10-13,26.8,3663.4104,6081.8658,4315.4658,4128.8905
2023-10-16,26.33,3626.5972,6024.3594,4300.5587,4064.0727
2023-10-17,26.22,3639.4018,6011.3698,4325.4601,4073.8485
2023-10-18,25.87,3610.5767,5908.0077,4302.235,4039.087
2023-10-19,25.46,3533.5445,5842.8915,4207.6036,3972.4595
2023-10-20,25.55,3510.5889,5774.32,4185.6021,3958.2006
2023-10-23,24.7,3474.2438,5638.1362,4140.7233,3893.4736
2023-10-24,24.7,3487.1302,5719.3227,4148.7204,3927.6689
2023-10-25,24.65,3504.4576,5778.9048,4158.663,3931.1291
2023-10-26,23.9,3514.1448,5811.6917,4174.9629,3929.3413
2023-10-27,24.98,3562.3851,5916.6783,4179.0157,4024.6162
2023-10-30,25.16,3583.7718,6006.5591,4137.7086,4078.7366
2023-10-31,24.13,3572.5056,5969.3413,4142.569,4044.4573
2023-11-01,23.33,3571.0268,5958.4178,4128.3945,4016.3638
2023-11-02,22.41,3554.1889,5885.2468,4132.4091,3971.7073
2023-11-03,22.87,3584.1364,5973.167,4140.659,4028.7901
2023-11-06,23.45,3632.6084,6096.5695,4169.1755,4113.3487
2023-11-07,23.43,3619.7593,6116.7569,4155.5757,4090.9654
2023-11-08,23.42,3611.0723,6138.9377,4131.5428,4084.0289
2023-11-09,24.24,3612.8263,6100.6929,4137.6109,4093.3146
2023-11-10,23.53,3586.4893,6088.5583,4107.7096,4057.0431
2023-11-13,23.84,3579.4141,6144.6346,4103.2095,4053.879
2023-11-14,23.73,3582.0584,6181.9796,4115.0418,4037.9256
2023-11-15,24.39,3607.2454,6207.2678,4140.4875,4078.0981
2023-11-16,23.71,3572.3641,6145.1505,4118.8885,4015.9992
2023-11-17,23.59,3568.0685,6199.2278,4103.6226,4015.8741
2023-11-20,23.49,3576.3233,6253.2756,4108.7834,4014.7969
2023-11-21,23.29,3581.0674,6212.125,4121.6292,4011.217
2023-11-22,22.79,3544.4162,6132.9704,4097.4758,3942.9455
2023-11-23,22.88,3561.5204,6197.5257,4116.5518,3963.9014
2023-11-24,22.52,3538.0087,6115.4072,4105.1978,3920.5003
2023-11-27,21.87,3511.9424,6111.3644,4073.3946,3886.3434
2023-11-28,21.9,3518.5232,6143.3015,4064.2155,3900.0989
2023-11-29,21.46,3488.3073,6113.366,4019.8035,3863.8484
2023-11-30,21.23,3496.2028,6080.547,4034.1151,3857.4156
2023-12-01,21.21,3482.8813,6130.051,4036.4728,3833.6353
2023-12-04,21.06,3460.138,6114.3926,4017.3071,3793.8183
2023-12-05,20.61,3394.2571,5992.6003,3950.7992,3717.7568
2023-12-06,21.1,3399.598,6023.8036,3938.2883,3746.5875
2023-12-07,20.78,3391.2823,6020.8304,3938.825,3716.889
2023-12-08,20.73,3399.4618,6003.1435,3939.0657,3723.4104
2023-12-11,20.8,3419.4548,6075.0796,3958.204,3749.3493
2023-12-12,20.82,3426.803,6078.9899,3990.3236,3738.2917
2023-12-13,20.29,3369.605,6019.5531,3936.1049,3666.5401
2023-12-14,20.33,3351.9639,5991.8623,3922.3542,3639.8746
2023-12-15,20.68,3341.5517,5951.6003,3910.0993,3632.8657
2023-12-18,20.19,3329.3657,5857.0052,3913.6325,3591.6715
2023-12-19,20.37,3334.0412,5863.5419,3912.9258,3602.2232
2023-12-20,20.28,3297.5022,5761.3123,3878.2298,3570.2319
2023-12-21,21.28,3330.8698,5798.912,3900.8102,3627.4675
2023-12-22,21.22,3337.2281,5733.9089,3922.2775,3640.2997
2023-12-25,21.28,3347.4508,5735.7256,3924.376,3662.513
2023-12-26,20.98,3324.7902,5651.5883,3910.1052,3631.0713
2023-12-27,20.68,3336.3572,5696.1606,3934.0007,3631.3537
2023-12-28,22.75,3414.5403,5805.5271,3984.3538,3763.2588
2023-12-29,22.9,3431.1099,5887.235,4003.0756,3768.6693
2024-01-02,22.2,3386.3522,5854.7494,3977.6424,3698.2034
2024-01-03,22.39,3378.2971,5824.0428,3999.363,3669.701
2024-01-04,21.98,3347.0519,5783.0155,3992.3301,3619.4372
2024-01-05,21.58,3329.1114,5675.8091,4004.4474,3585.7049
2024-01-08,21.61,3286.0564,5543.5745,3973.8601,3534.0633
2024-01-09,22.24,3292.4994,5553.3035,3980.1116,3550.7435
2024-01-10,22.23,3277.129,5512.0686,3953.7279,3543.8606
2024-01-11,22.36,3295.6717,5611.1149,3952.266,3586.8437
2024-01-12,22.11,3284.1667,5574.4926,3959.3344,3559.1707
2024-01-15,21.84,3280.9195,5559.376,3979.5108,3530.6094
2024-01-16,22.12,3300.8762,5539.4741,4013.4991,3559.4546
2024-01-17,21.3,3229.082,5389.1216,3964.7288,3453.3051
2024-01-18,22.8,3274.7286,5373.4239,3988.6337,3530.9617
2024-01-19,22.1,3269.7763,5306.9862,3978.3738,3514.0208
2024-01-22,21.72,3218.9016,5000.8336,3938.4228,3445.4823
2024-01-23,22.06,3231.9329,5079.6315,3953.7003,3465.4424
2024-01-24,21.78,3277.1089,5143.4078,4048.543,3474.1423
2024-01-25,22.3,3342.9189,5316.195,4155.2207,3530.2529
2024-01-26,21.96,3333.8213,5269.7646,4195.1655,3478.5169
2024-01-29,20.4,3303.9604,5131.2465,4209.5786,3379.2065
2024-01-30,20.23,3245.0387,4984.6598,4168.6031,3286.9768
2024-01-31,19.35,3215.3518,4785.032,4160.8246,3252.6272
2024-02-01,19.59,3217.7109,4750.4439,4134.2912,3270.2817
2024-02-02,18.87,3179.6276,4574.6692,4127.5664,3195.0237
2024-02-05,18.17,3200.4218,4293.0695,4158.6882,3221.9899
2024-02-06,19.6,3311.6922,4592.4444,4234.1257,3373.5108
2024-02-07,19.77,3343.6303,4797.8456,4247.8091,3422.2863
2024-02-08,20.21,3364.9297,4993.1046,4251.3825,3458.1076
2024-02-19,20.19,3403.8078,5029.5861,4323.4868,3478.9704
2024-02-20,19.98,3410.8542,5046.0121,4355.4897,3467.6772
2024-02-21,20.4,3456.8713,5073.4821,4416.2414,3525.0057
2024-02-22,20.62,3486.6747,5151.5343,4455.9169,3553.29
2024-02-23,20.88,3489.7416,5225.6697,4453.4925,3568.5053
2024-02-26,20.68,3453.3585,5255.3962,4374.7195,3546.1364
2024-02-27,21.0,3494.7874,5394.0342,4398.597,3606.3746
2024-02-28,20.62,3450.2598,5152.0519,4365.1623,3546.0281
2024-02-29,21.24,3516.0826,5344.6052,4405.7458,3651.3754
2024-03-01,21.6,3537.8038,5401.9394,4417.6452,3678.3033
2024-03-04,21.53,3540.8686,5428.3356,4416.9939,3692.5694
2024-03-05,21.02,3565.5143,5375.1317,4460.502,3695.817
2024-03-06,21.43,3551.0481,5381.4587,4439.0849,3696.1605
2024-03-07,20.8,3529.7195,5303.2766,4454.3052,3645.1749
2024-03-08,21.53,3544.9099,5370.3719,4469.0406,3670.6758
2024-03-11,22.16,3589.2635,5466.6455,4461.5141,3792.9195
2024-03-12,22.32,3597.4939,5496.3553,4415.2554,3834.8245
2024-03-13,21.89,3572.361,5521.7838,4371.0296,3823.0577
2024-03-14,21.55,3562.2229,5486.6461,4368.9549,3800.9215
2024-03-15,21.41,3569.993,5555.6442,4374.427,3797.1168
2024-03-18,21.67,3603.528,5648.0117,4389.6047,3860.7382
2024-03-19,21.15,3577.6303,5607.4754,4352.2822,3829.1313
2024-03-20,21.11,3585.3838,5659.1539,4369.5201,3835.4788
2024-03-21,20.85,3581.0902,5658.2794,4372.2773,3816.5871
2024-03-22,20.09,3545.0023,5595.8848,4342.8115,3759.5838
2024-03-25,19.94,3525.7634,5466.0615,4343.7272,3728.4125
2024-03-26,20.22,3543.7467,5447.7484,4373.0055,3756.0461
2024-03-27,19.54,3502.7866,5266.2306,4360.0568,3678.9132
2024-03-28,19.61,3520.9648,5382.2363,4354.9386,3704.4765
2024-03-29,19.51,3537.4843,5441.2603,4380.1356,3725.2199
2024-04-01,20.15,3595.6466,5559.0557,4427.7595,3811.3416
2024-04-02,20.05,3580.6759,5531.0522,4427.9391,3803.5476
2024-04-03,19.85,3567.8031,5500.9264,4421.5028,3789.1107
2024-04-08,19.41,3536.4077,5399.9148,4415.5435,3727.2073
2024-04-09,19.67,3533.4871,5468.9109,4382.7378,3753.3395
2024-04-10,19.17,3504.7086,5367.0518,4364.2354,3714.4759
2024-04-11,19.02,3504.2447,5379.9153,4367.125,3703.8106
2024-04-12,18.56,3475.8389,5338.7692,4328.3853,3667.0193
2024-04-15,18.69,3549.0759,5287.5115,4433.7508,3742.6069
2024-04-16,18.2,3511.1146,5066.6599,4423.7979,3671.7129
2024-04-17,18.6,3565.403,5287.4563,4493.3329,3718.5165
2024-04-18,18.79,3569.8018,5286.7192,4518.542,3712.2113
2024-04-19,18.45,3541.6619,5264.3891,4513.3927,3665.2388
2024-04-22,19.25,3530.9045,5246.0818,4470.9686,3657.9044
2024-04-23,18.78,3506.2249,5218.4277,4425.0834,3630.1481
2024-04-24,18.5,3521.6219,5305.6068,4438.003,3627.6393
2024-04-25,18.27,3530.2813,5313.986,4464.2452,3636.0491
2024-04-26,18.62,3584.2686,5415.9379,4485.6439,3719.0705
2024-04-29,19.0,3623.9124,5545.2346,4505.6547,3808.3947
2024-04-30,18.2,3604.3943,5497.4303,4499.0285,3753.9691
2024-05-06,18.51,3657.8767,5606.8416,4532.7858,3832.119
2024-05-07,18.77,3659.0076,5625.3358,4534.2244,3839.9246
2024-05-08,18.51,3630.2233,5536.6589,4517.086,3792.8147
2024-05-09,18.96,3664.561,5626.8251,4548.4797,3848.0494
2024-05-10,18.62,3666.2771,5574.232,4591.4882,3820.9291
2024-05-13,18.92,3664.6907,5520.8038,4609.3177,3799.6737
2024-05-14,18.83,3657.0454,5551.6751,4579.3765,3801.3708
2024-05-15,18.67,3626.0559,5497.2349,4557.5982,3762.5299
2024-05-16,18.54,3640.3592,5488.946,4595.0498,3770.142
2024-05-17,18.62,3677.9696,5563.231,4654.6536,3801.9635
2024-05-20,18.5,3690.9623,5596.7772,4660.7553,3829.4716
2024-05-21,18.3,3676.1611,5536.7447,4665.6247,3789.5601
2024-05-22,19.56,3684.451,5539.6597,4672.3775,3825.3041
2024-05-23,18.93,3641.7917,5412.8237,4628.5804,3768.6221
2024-05-24,18.76,3601.4754,5350.1073,4591.6862,3714.203
2024-05-27,18.53,3635.7079,5404.6158,4652.2103,3734.265
2024-05-28,18.49,3609.1724,5348.0293,4626.3246,3707.2072
2024-05-29,19.0,3613.5223,5351.2524,4614.9104,3737.3065
2024-05-30,18.9,3594.3121,5334.2958,4577.985,3725.2975
2024-05-31,18.59,3579.9247,5355.2099,4563.2778,3701.6618
2024-06-03,18.52,3588.7483,5284.6236,4565.8686,3717.6607
2024-06-04,18.63,3615.6714,5313.708,4584.088,3753.4873
2024-06-05,18.28,3594.7936,5244.0851,4546.0141,3736.7279
2024-06-06,17.18,3592.2454,5130.8693,4561.3025,3717.5525
2024-06-07,16.74,3574.1143,5153.5867,4569.5712,3669.1689
2024-06-11,16.59,3542.8771,5198.923,4499.5275,3662.1122
2024-06-12,16.65,3544.1225,5216.4621,4503.8744,3661.9195
2024-06-13,16.51,3526.1306,5180.2357,4473.3782,3647.1396
2024-06-14,16.72,3541.5331,5180.6513,4503.3565,3645.6346
2024-06-17,16.72,3536.1986,5183.9678,4463.1478,3662.666
2024-06-18,16.74,3545.5902,5227.2542,4492.2257,3664.1935
2024-06-19,16.36,3528.749,5159.9945,4500.3769,3638.9754
2024-06-20,15.58,3503.2817,5056.1383,4487.1809,3601.0561
2024-06-21,15.46,3495.6198,5055.3329,4487.2554,3585.3132
2024-06-24,15.03,3476.8102,4887.777,4473.7759,3561.9666
2024-06-25,14.44,3457.9023,4847.6106,4473.4841,3529.1401
2024-06-26,14.66,3480.2648,4986.3839,4478.395,3550.0248
2024-06-27,14.26,3454.1175,4864.0855,4469.512,3507.4363
2024-06-28,14.02,3461.657,4895.9869,4505.0597,3504.7314
2024-07-01,14.05,3478.1827,4940.2471,4555.3666,3507.4907
2024-07-02,13.82,3471.7857,4905.6497,4572.0353,3492.4249
2024-07-03,13.85,3463.4141,4867.1326,4548.766,3482.7982
2024-07-04,13.46,3445.8128,4761.868,4543.8523,3462.0229
2024-07-05,13.51,3431.0605,4810.7939,4488.9108,3461.2222
2024-07-08,13.09,3401.7604,4693.9648,4476.977,3417.5357
2024-07-09,13.16,3439.8111,4797.0634,4510.077,3459.1193
2024-07-10,13.56,3428.9657,4777.6817,4478.2117,3441.1937
2024-07-11,14.22,3468.169,4893.5942,4471.243,3506.0561
2024-07-12,14.18,3472.4014,4878.0195,4491.4589,3499.769
2024-07-15,13.89,3476.2467,4827.6023,4509.0921,3498.1303
2024-07-16,14.07,3498.2827,4836.7184,4496.0239,3538.8631
2024-07-17,14.1,3501.5836,4795.6236,4489.6172,3540.5941
2024-07-18,14.11,3520.931,4812.4263,4513.1489,3574.7594
2024-07-19,14.39,3539.0156,4821.4227,4514.3181,3585.8632
2024-07-22,14.38,3514.9249,4826.8713,4465.8273,3564.0207
2024-07-23,14.02,3439.8779,4694.9525,4437.6995,3456.8311
2024-07-24,13.65,3418.1663,4631.0111,4428.8045,3422.401
2024-07-25,13.98,3399.2716,4632.5667,4397.8271,3405.158
2024-07-26,14.14,3409.2931,4702.08,4382.1862,3439.9228
2024-07-29,13.83,3390.742,4685.6457,4407.5941,3398.8796
2024-07-30,13.88,3369.3821,4702.4914,4371.3047,3377.0494
2024-07-31,14.5,3442.0844,4889.0807,4413.5724,3470.8084
2024-08-01,14.37,3419.2666,4878.289,4417.8087,3430.2413
2024-08-02,14.22,3384.3919,4809.8891,4378.8146,3386.9057
2024-08-05,14.09,3343.3205,4678.7753,4329.5584,3343.9857
2024-08-06,14.45,3342.9789,4749.9466,4296.7618,3370.5061
2024-08-07,14.23,3341.489,4743.41,4302.9001,3369.0521
2024-08-08,14.15,3342.9369,4739.4933,4303.9285,3358.7611
2024-08-09,13.81,3331.6274,4702.7453,4301.9129,3338.7083
2024-08-12,13.93,3325.8645,4674.1017,4297.2594,3329.9103
2024-08-13,14.01,3334.3903,4697.5858,4313.5024,3338.231
2024-08-14,13.82,3309.2389,4649.2784,4301.8656,3298.8775
2024-08-15,14.07,3341.953,4691.8503,4356.482,3328.8845
2024-08-16,13.72,3345.634,4655.6509,4382.5736,3328.1212
2024-08-19,13.48,3356.9677,4663.6121,4428.5723,3324.8657
2024-08-20,13.3,3332.7034,4579.3041,4410.452,3295.9156
2024-08-21,13.22,3321.635,4548.2644,4392.5049,3287.6921
2024-08-22,12.88,3313.1357,4491.8392,4406.4491,3269.1624
2024-08-23,12.9,3327.1905,4495.3439,4443.9442,3265.919
2024-08-26,12.99,3324.2231,4512.893,4448.3671,3265.7653
2024-08-27,13.23,3305.3338,4459.6801,4442.645,3249.3799
2024-08-28,13.14,3286.4956,4470.5501,4408.1634,3219.0404
2024-08-29,13.56,3277.6812,4542.4637,4320.3636,3244.4951
2024-08-30,13.81,3321.4323,4629.3195,4327.1141,3316.7249
2024-09-02,13.19,3265.011,4532.5145,4305.6425,3240.2005
2024-09-03,13.51,3273.4282,4572.397,4272.3208,3272.5297
2024-09-04,13.67,3252.1649,4550.7697,4238.0041,3253.6562
2024-09-05,13.76,3257.7578,4586.7813,4235.8101,3258.4517
2024-09-06,13.53,3231.3457,4508.2281,4217.6705,3216.2029
2024-09-09,13.31,3192.9516,4475.5315,4144.159,3184.8384
2024-09-10,13.13,3195.7552,4487.5755,4155.3513,3180.898
2024-09-11,13.36,3186.1299,4486.0066,4100.1141,3204.2536
2024-09-12,13.43,3172.4747,4468.7439,4111.3915,3192.1663
2024-09-13,13.14,3159.247,4413.1872,4112.8725,3168.7534
2024-09-18,12.96,3171.0102,4399.1332,4164.1531,3173.7087
2024-09-19,13.32,3196.0357,4482.2746,4184.9208,3198.7766
2024-09-20,12.8,3201.0497,4463.3561,4209.1781,3199.5961
2024-09-23,12.73,3212.7639,4469.1326,4256.6361,3196.9624
2024-09-24,13.59,3351.909,4642.5577,4429.0729,3335.7011
2024-09-25,13.74,3401.533,4686.2584,4501.4958,3380.3728
2024-09-26,14.56,3545.3204,4874.1321,4671.3643,3507.8607
2024-09-27,15.96,3703.6849,5136.4408,4729.9178,3738.1303
2024-09-30,17.56,4017.8545,5708.8258,5039.2087,4120.3963
2024-10-08,19.28,4256.0962,6201.9854,5231.0365,4487.3276
2024-10-09,17.35,3955.9839,5727.38,4860.0074,4087.3758
2024-10-10,16.95,3997.7879,5654.5298,5031.0807,4110.4874
2024-10-11,16.2,3887.167,5416.7576,4937.2183,3945.1781
2024-10-14,16.75,3961.3424,5615.7563,5057.9915,4017.5914
2024-10-15,16.3,3855.9949,5507.1758,4932.9626,3906.4396
2024-10-16,15.93,3831.589,5524.2546,4970.8624,3838.9982
2024-10-17,15.61,3788.2217,5505.6149,4898.7157,3799.4069
2024-10-18,16.45,3925.234,5749.4341,4970.7997,3983.5771
2024-10-21,17.51,3935.1974,5860.5711,4950.5047,4022.3705
2024-10-22,18.38,3957.7755,5888.8148,4981.3765,4048.7551
2024-10-23,19.58,3973.2089,5903.5783,5008.8797,4077.886
2024-10-24,18.6,3928.8334,5861.6319,4972.9335,4008.3549
2024-10-25,20.46,3956.421,5974.9086,4964.6248,4095.5646
2024-10-28,20.08,3964.1569,6082.0877,4957.4081,4105.7577
2024-10-29,19.24,3924.649,5983.8364,4928.6134,4046.5491
2024-10-30,19.25,3889.4487,6019.3472,4872.7379,4005.9678
2024-10-31,19.74,3891.0396,6116.6632,4857.7476,3993.8993
2024-11-01,19.01,3890.0203,5930.2319,4895.1707,3975.9727
2024-11-04,19.26,3944.7619,6053.1116,4929.698,4042.036
2024-11-05,19.63,4044.5725,6266.5423,5009.8571,4147.3114
2024-11-06,19.21,4024.2831,6293.1933,4962.7496,4119.888
2024-11-07,19.18,4145.6952,6403.9175,5098.4357,4209.9404
2024-11-08,19.23,4104.047,6423.1217,5029.3113,4185.9096
2024-11-11,20.02,4131.1312,6579.0054,4979.9022,4266.7034
2024-11-12,20.1,4085.743,6491.9723,4918.5539,4245.1085
2024-11-13,20.08,4110.8901,6474.3941,4959.755,4268.8087
2024-11-14,19.19,4039.6191,6272.1911,4927.4257,4160.7991
2024-11-15,18.52,3968.8308,6125.5126,4882.9797,4054.2586
2024-11-18,18.21,3950.3806,5974.5576,4932.5934,4010.5409
2024-11-19,18.64,3976.8912,6130.2848,4908.5771,4077.0323
2024-11-20,18.6,3985.7727,6250.8029,4905.9498,4085.2197
2024-11-21,18.61,3989.2979,6262.1644,4901.9531,4086.1021
2024-11-22,17.75,3865.6989,6030.4882,4767.5081,3951.0026
2024-11-25,17.81,3848.0909,6052.1287,4756.3739,3940.5248
2024-11-26,18.0,3840.1847,5981.5699,4768.9523,3911.8883
2024-11-27,18.35,3907.0447,6118.6636,4826.2524,3984.2649
2024-11-28,18.27,3872.5505,6086.0852,4795.3214,3932.634
2024-11-29,18.5,3916.5832,6189.1276,4812.3514,3989.6538
2024-12-02,18.43,3947.632,6313.6077,4836.8769,4032.088
2024-12-03,18.48,3951.8912,6303.2758,4886.8261,4021.4364
2024-12-04,17.93,3930.5568,6204.9448,4884.4667,3987.0457
2024-12-05,17.94,3921.5881,6285.6007,4873.0986,3966.9095
2024-12-06,17.85,3973.1405,6349.6211,4928.0752,4027.7275
2024-12-09,17.63,3966.5708,6303.2721,4929.5849,4026.8401
2024-12-10,17.62,3995.6369,6362.0203,4965.033,4052.841
2024-12-11,17.69,3988.8308,6447.3744,4948.6333,4042.2771
2024-12-12,17.78,4028.5048,6490.1455,4988.8269,4091.0718
2024-12-13,17.02,3933.1808,6354.9883,4886.3235,3983.1287
2024-12-16,16.86,3911.8416,6277.5162,4894.0192,3950.2272
2024-12-17,16.68,3922.0334,6143.9436,4894.1904,3971.8997
2024-12-18,16.63,3941.89,6195.8677,4931.6813,3975.565
2024-12-19,16.62,3945.4635,6207.1862,4907.6921,3976.7958
2024-12-20,16.34,3927.7441,6271.7532,4871.9089,3942.5888
2024-12-23,16.24,3933.5718,6096.3813,4929.3385,3947.9119
2024-12-24,16.39,3983.6882,6164.3605,4996.1464,3995.3827
2024-12-25,16.36,3985.6291,6094.6866,5026.6651,3990.524
2024-12-26,16.19,3987.4801,6160.4518,5003.1534,3998.2519
2024-12-27,16.15,3981.0307,6171.5653,5002.9001,3985.1522
2024-12-30,16.24,3999.0549,6145.928,5053.5891,3986.1133
2024-12-31,15.71,3934.9109,5957.7172,4997.9013,3928.4265
